ISO-10303-21;
HEADER;
/* Generated by software containing ST-Developer
 * from STEP Tools, Inc. (www.steptools.com) 
 */

FILE_DESCRIPTION(
/* description */ (''),
/* implementation_level */ '2;1');

FILE_NAME(
/* name */ 'SMACONNECTOR18MM.step',
/* time_stamp */ '2024-04-22T11:01:47+02:00',
/* author */ (''),
/* organization */ (''),
/* preprocessor_version */ 'ST-DEVELOPER v20',
/* originating_system */ 'Autodesk Translation Framework v12.20.1.177',

/* authorisation */ '');

FILE_SCHEMA (('AUTOMOTIVE_DESIGN { 1 0 10303 214 3 1 1 }'));
ENDSEC;

DATA;
#10=MECHANICAL_DESIGN_GEOMETRIC_PRESENTATION_REPRESENTATION('',(#13,#14,
#15,#16,#17,#18,#19),#5134);
#11=SHAPE_REPRESENTATION_RELATIONSHIP('SRR','None',#5141,#12);
#12=ADVANCED_BREP_SHAPE_REPRESENTATION('',(#20,#21,#22,#23),#5133);
#13=STYLED_ITEM('',(#5150),#20);
#14=STYLED_ITEM('',(#5150),#21);
#15=STYLED_ITEM('',(#5150),#22);
#16=STYLED_ITEM('',(#5150),#1547);
#17=STYLED_ITEM('',(#5150),#1549);
#18=STYLED_ITEM('',(#5150),#1550);
#19=STYLED_ITEM('',(#5151),#23);
#20=MANIFOLD_SOLID_BREP('Body3',#1553);
#21=MANIFOLD_SOLID_BREP('Body4',#1554);
#22=MANIFOLD_SOLID_BREP('Body5',#1555);
#23=MANIFOLD_SOLID_BREP('Body7',#1556);
#24=B_SPLINE_SURFACE_WITH_KNOTS('',3,3,((#3687,#3688,#3689,#3690,#3691,
#3692,#3693,#3694,#3695,#3696,#3697,#3698,#3699,#3700,#3701,#3702,#3703,
#3704,#3705,#3706,#3707,#3708,#3709,#3710,#3711,#3712,#3713,#3714,#3715,
#3716,#3717,#3718,#3719,#3720,#3721,#3722,#3723,#3724,#3725,#3726,#3727,
#3728,#3729,#3730,#3731,#3732,#3733,#3734,#3735,#3736,#3737,#3738,#3739,
#3740,#3741,#3742,#3743,#3744,#3745,#3746,#3747,#3748,#3749,#3750,#3751,
#3752,#3753,#3754,#3755,#3756,#3757,#3758,#3759,#3760,#3761,#3762,#3763,
#3764,#3765,#3766,#3767,#3768,#3769,#3770,#3771,#3772,#3773,#3774,#3775,
#3776,#3777,#3778,#3779,#3780,#3781,#3782,#3783,#3784,#3785,#3786,#3787,
#3788,#3789,#3790,#3791,#3792,#3793,#3794,#3795,#3796,#3797,#3798,#3799,
#3800,#3801,#3802,#3803,#3804,#3805,#3806,#3807,#3808,#3809,#3810,#3811,
#3812,#3813,#3814,#3815,#3816,#3817),(#3818,#3819,#3820,#3821,#3822,#3823,
#3824,#3825,#3826,#3827,#3828,#3829,#3830,#3831,#3832,#3833,#3834,#3835,
#3836,#3837,#3838,#3839,#3840,#3841,#3842,#3843,#3844,#3845,#3846,#3847,
#3848,#3849,#3850,#3851,#3852,#3853,#3854,#3855,#3856,#3857,#3858,#3859,
#3860,#3861,#3862,#3863,#3864,#3865,#3866,#3867,#3868,#3869,#3870,#3871,
#3872,#3873,#3874,#3875,#3876,#3877,#3878,#3879,#3880,#3881,#3882,#3883,
#3884,#3885,#3886,#3887,#3888,#3889,#3890,#3891,#3892,#3893,#3894,#3895,
#3896,#3897,#3898,#3899,#3900,#3901,#3902,#3903,#3904,#3905,#3906,#3907,
#3908,#3909,#3910,#3911,#3912,#3913,#3914,#3915,#3916,#3917,#3918,#3919,
#3920,#3921,#3922,#3923,#3924,#3925,#3926,#3927,#3928,#3929,#3930,#3931,
#3932,#3933,#3934,#3935,#3936,#3937,#3938,#3939,#3940,#3941,#3942,#3943,
#3944,#3945,#3946,#3947,#3948),(#3949,#3950,#3951,#3952,#3953,#3954,#3955,
#3956,#3957,#3958,#3959,#3960,#3961,#3962,#3963,#3964,#3965,#3966,#3967,
#3968,#3969,#3970,#3971,#3972,#3973,#3974,#3975,#3976,#3977,#3978,#3979,
#3980,#3981,#3982,#3983,#3984,#3985,#3986,#3987,#3988,#3989,#3990,#3991,
#3992,#3993,#3994,#3995,#3996,#3997,#3998,#3999,#4000,#4001,#4002,#4003,
#4004,#4005,#4006,#4007,#4008,#4009,#4010,#4011,#4012,#4013,#4014,#4015,
#4016,#4017,#4018,#4019,#4020,#4021,#4022,#4023,#4024,#4025,#4026,#4027,
#4028,#4029,#4030,#4031,#4032,#4033,#4034,#4035,#4036,#4037,#4038,#4039,
#4040,#4041,#4042,#4043,#4044,#4045,#4046,#4047,#4048,#4049,#4050,#4051,
#4052,#4053,#4054,#4055,#4056,#4057,#4058,#4059,#4060,#4061,#4062,#4063,
#4064,#4065,#4066,#4067,#4068,#4069,#4070,#4071,#4072,#4073,#4074,#4075,
#4076,#4077,#4078,#4079),(#4080,#4081,#4082,#4083,#4084,#4085,#4086,#4087,
#4088,#4089,#4090,#4091,#4092,#4093,#4094,#4095,#4096,#4097,#4098,#4099,
#4100,#4101,#4102,#4103,#4104,#4105,#4106,#4107,#4108,#4109,#4110,#4111,
#4112,#4113,#4114,#4115,#4116,#4117,#4118,#4119,#4120,#4121,#4122,#4123,
#4124,#4125,#4126,#4127,#4128,#4129,#4130,#4131,#4132,#4133,#4134,#4135,
#4136,#4137,#4138,#4139,#4140,#4141,#4142,#4143,#4144,#4145,#4146,#4147,
#4148,#4149,#4150,#4151,#4152,#4153,#4154,#4155,#4156,#4157,#4158,#4159,
#4160,#4161,#4162,#4163,#4164,#4165,#4166,#4167,#4168,#4169,#4170,#4171,
#4172,#4173,#4174,#4175,#4176,#4177,#4178,#4179,#4180,#4181,#4182,#4183,
#4184,#4185,#4186,#4187,#4188,#4189,#4190,#4191,#4192,#4193,#4194,#4195,
#4196,#4197,#4198,#4199,#4200,#4201,#4202,#4203,#4204,#4205,#4206,#4207,
#4208,#4209,#4210)),.UNSPECIFIED.,.F.,.F.,.F.,(4,4),(4,1,1,1,1,1,1,1,1,
1,1,1,1,1,1,1,1,1,1,1,1,1,1,1,1,1,1,1,1,1,1,1,1,1,1,1,1,1,1,1,1,1,1,1,1,
1,1,1,1,1,1,1,1,1,1,1,1,1,1,1,1,1,1,1,1,1,1,1,1,1,1,1,1,1,1,1,1,1,1,1,1,
1,1,1,1,1,1,1,1,1,1,1,1,1,1,1,1,1,1,1,1,1,1,1,1,1,1,1,1,1,1,1,1,1,1,1,1,
1,1,1,1,1,1,1,1,1,1,1,4),(0.,0.033284243018782),(8.28462368041166,9.28352068470648,
10.2824176890013,11.2813146932961,12.280211697591,13.2791087018858,14.2780057061806,
15.2769027104754,16.2757997147703,17.2746967190651,18.2735937233599,19.2724907276547,
20.2713877319496,21.2702847362444,22.2691817405392,23.2680787448341,24.2669757491289,
25.2658727534237,26.2647697577185,27.2636667620134,28.2625637663082,29.261460770603,
30.2603577748978,31.2592547791927,32.2581517834875,33.2570487877823,34.2559457920771,
35.254842796372,36.2537398006668,37.2526368049616,38.2515338092565,39.2504308135513,
40.2493278178461,41.2482248221409,42.2471218264358,43.2460188307306,44.2449158350254,
45.2438128393202,46.2427098436151,47.2416068479099,48.2405038522047,49.2394008564995,
50.2382978607944,51.2371948650892,52.236091869384,53.2349888736789,54.2338858779737,
55.2327828822685,56.2316798865633,57.2305768908582,58.229473895153,59.2283708994478,
60.2272679037426,61.2261649080375,62.2250619123323,63.2239589166271,64.2228559209219,
65.2217529252168,66.2206499295116,67.2195469338064,68.2184439381012,69.2173409423961,
70.2162379466909,71.2151349509857,72.2140319552805,73.2129289595754,74.2118259638702,
75.210722968165,76.2096199724599,77.2085169767547,78.2074139810495,79.2063109853443,
80.2052079896392,81.204104993934,82.2030019982288,83.2018990025236,84.2007960068185,
85.1996930111133,86.1985900154081,87.1974870197029,88.1963840239978,89.1952810282926,
90.1941780325874,91.1930750368823,92.1919720411771,93.1908690454719,94.1897660497667,
95.1886630540616,96.1875600583564,97.1864570626512,98.185354066946,99.1842510712409,
100.183148075536,101.182045079831,102.180942084125,103.17983908842,104.178736092715,
105.17763309701,106.176530101305,107.175427105599,108.174324109894,109.173221114189,
110.172118118484,111.171015122779,112.169912127074,113.168809131368,114.167706135663,
115.166603139958,116.165500144253,117.164397148548,118.163294152843,119.162191157137,
120.161088161432,121.159985165727,122.158882170022,123.157779174317,124.156676178612,
125.155573182906,126.154470187201,127.153367191496,128.152264195791,129.151161200086,
130.15005820438,131.148955208675,132.14785221297,133.146749217265,134.14564622156,
135.144543225855,136.143440230149),.UNSPECIFIED.);
#25=B_SPLINE_SURFACE_WITH_KNOTS('',3,3,((#4340,#4341,#4342,#4343,#4344,
#4345,#4346,#4347,#4348,#4349,#4350,#4351,#4352,#4353,#4354,#4355,#4356,
#4357,#4358,#4359,#4360,#4361,#4362,#4363,#4364,#4365,#4366,#4367,#4368,
#4369,#4370,#4371,#4372,#4373,#4374,#4375,#4376,#4377,#4378,#4379,#4380,
#4381,#4382,#4383,#4384,#4385,#4386,#4387,#4388,#4389,#4390,#4391,#4392,
#4393,#4394,#4395,#4396,#4397,#4398,#4399,#4400,#4401,#4402,#4403,#4404,
#4405,#4406,#4407,#4408,#4409,#4410,#4411,#4412,#4413,#4414,#4415,#4416,
#4417,#4418,#4419,#4420,#4421,#4422,#4423,#4424,#4425,#4426,#4427,#4428,
#4429,#4430,#4431,#4432,#4433,#4434,#4435,#4436,#4437,#4438,#4439,#4440,
#4441,#4442,#4443,#4444,#4445,#4446,#4447,#4448,#4449,#4450,#4451,#4452,
#4453,#4454,#4455,#4456,#4457,#4458,#4459,#4460,#4461,#4462,#4463,#4464,
#4465,#4466,#4467,#4468,#4469,#4470),(#4471,#4472,#4473,#4474,#4475,#4476,
#4477,#4478,#4479,#4480,#4481,#4482,#4483,#4484,#4485,#4486,#4487,#4488,
#4489,#4490,#4491,#4492,#4493,#4494,#4495,#4496,#4497,#4498,#4499,#4500,
#4501,#4502,#4503,#4504,#4505,#4506,#4507,#4508,#4509,#4510,#4511,#4512,
#4513,#4514,#4515,#4516,#4517,#4518,#4519,#4520,#4521,#4522,#4523,#4524,
#4525,#4526,#4527,#4528,#4529,#4530,#4531,#4532,#4533,#4534,#4535,#4536,
#4537,#4538,#4539,#4540,#4541,#4542,#4543,#4544,#4545,#4546,#4547,#4548,
#4549,#4550,#4551,#4552,#4553,#4554,#4555,#4556,#4557,#4558,#4559,#4560,
#4561,#4562,#4563,#4564,#4565,#4566,#4567,#4568,#4569,#4570,#4571,#4572,
#4573,#4574,#4575,#4576,#4577,#4578,#4579,#4580,#4581,#4582,#4583,#4584,
#4585,#4586,#4587,#4588,#4589,#4590,#4591,#4592,#4593,#4594,#4595,#4596,
#4597,#4598,#4599,#4600,#4601),(#4602,#4603,#4604,#4605,#4606,#4607,#4608,
#4609,#4610,#4611,#4612,#4613,#4614,#4615,#4616,#4617,#4618,#4619,#4620,
#4621,#4622,#4623,#4624,#4625,#4626,#4627,#4628,#4629,#4630,#4631,#4632,
#4633,#4634,#4635,#4636,#4637,#4638,#4639,#4640,#4641,#4642,#4643,#4644,
#4645,#4646,#4647,#4648,#4649,#4650,#4651,#4652,#4653,#4654,#4655,#4656,
#4657,#4658,#4659,#4660,#4661,#4662,#4663,#4664,#4665,#4666,#4667,#4668,
#4669,#4670,#4671,#4672,#4673,#4674,#4675,#4676,#4677,#4678,#4679,#4680,
#4681,#4682,#4683,#4684,#4685,#4686,#4687,#4688,#4689,#4690,#4691,#4692,
#4693,#4694,#4695,#4696,#4697,#4698,#4699,#4700,#4701,#4702,#4703,#4704,
#4705,#4706,#4707,#4708,#4709,#4710,#4711,#4712,#4713,#4714,#4715,#4716,
#4717,#4718,#4719,#4720,#4721,#4722,#4723,#4724,#4725,#4726,#4727,#4728,
#4729,#4730,#4731,#4732),(#4733,#4734,#4735,#4736,#4737,#4738,#4739,#4740,
#4741,#4742,#4743,#4744,#4745,#4746,#4747,#4748,#4749,#4750,#4751,#4752,
#4753,#4754,#4755,#4756,#4757,#4758,#4759,#4760,#4761,#4762,#4763,#4764,
#4765,#4766,#4767,#4768,#4769,#4770,#4771,#4772,#4773,#4774,#4775,#4776,
#4777,#4778,#4779,#4780,#4781,#4782,#4783,#4784,#4785,#4786,#4787,#4788,
#4789,#4790,#4791,#4792,#4793,#4794,#4795,#4796,#4797,#4798,#4799,#4800,
#4801,#4802,#4803,#4804,#4805,#4806,#4807,#4808,#4809,#4810,#4811,#4812,
#4813,#4814,#4815,#4816,#4817,#4818,#4819,#4820,#4821,#4822,#4823,#4824,
#4825,#4826,#4827,#4828,#4829,#4830,#4831,#4832,#4833,#4834,#4835,#4836,
#4837,#4838,#4839,#4840,#4841,#4842,#4843,#4844,#4845,#4846,#4847,#4848,
#4849,#4850,#4851,#4852,#4853,#4854,#4855,#4856,#4857,#4858,#4859,#4860,
#4861,#4862,#4863)),.UNSPECIFIED.,.F.,.F.,.F.,(4,4),(4,1,1,1,1,1,1,1,1,
1,1,1,1,1,1,1,1,1,1,1,1,1,1,1,1,1,1,1,1,1,1,1,1,1,1,1,1,1,1,1,1,1,1,1,1,
1,1,1,1,1,1,1,1,1,1,1,1,1,1,1,1,1,1,1,1,1,1,1,1,1,1,1,1,1,1,1,1,1,1,1,1,
1,1,1,1,1,1,1,1,1,1,1,1,1,1,1,1,1,1,1,1,1,1,1,1,1,1,1,1,1,1,1,1,1,1,1,1,
1,1,1,1,1,1,1,1,1,1,1,4),(0.,0.033284243018782),(11.6152142277546,12.6141112320495,
13.6130082363443,14.6119052406391,15.610802244934,16.6096992492288,17.6085962535236,
18.6074932578184,19.6063902621133,20.6052872664081,21.6041842707029,22.6030812749977,
23.6019782792926,24.6008752835874,25.5997722878822,26.598669292177,27.5975662964719,
28.5964633007667,29.5953603050615,30.5942573093564,31.5931543136512,32.592051317946,
33.5909483222408,34.5898453265357,35.5887423308305,36.5876393351253,37.5865363394201,
38.585433343715,39.5843303480098,40.5832273523046,41.5821243565994,42.5810213608943,
43.5799183651891,44.5788153694839,45.5777123737787,46.5766093780736,47.5755063823684,
48.5744033866632,49.5733003909581,50.5721973952529,51.5710943995477,52.5699914038425,
53.5688884081374,54.5677854124322,55.566682416727,56.5655794210218,57.5644764253167,
58.5633734296115,59.5622704339063,60.5611674382011,61.560064442496,62.5589614467908,
63.5578584510856,64.5567554553804,65.5556524596753,66.5545494639701,67.5534464682649,
68.5523434725598,69.5512404768546,70.5501374811494,71.5490344854442,72.5479314897391,
73.5468284940339,74.5457254983287,75.5446225026235,76.5435195069184,77.5424165112132,
78.541313515508,79.5402105198028,80.5391075240977,81.5380045283925,82.5369015326873,
83.5357985369822,84.534695541277,85.5335925455718,86.5324895498666,87.5313865541615,
88.5302835584563,89.5291805627511,90.5280775670459,91.5269745713408,92.5258715756356,
93.5247685799304,94.5236655842252,95.5225625885201,96.5214595928149,97.5203565971097,
98.5192536014045,99.5181506056994,100.517047609994,101.515944614289,102.514841618584,
103.513738622879,104.512635627174,105.511532631468,106.510429635763,107.509326640058,
108.508223644353,109.507120648648,110.506017652942,111.504914657237,112.503811661532,
113.502708665827,114.501605670122,115.500502674417,116.499399678711,117.498296683006,
118.497193687301,119.496090691596,120.494987695891,121.493884700186,122.49278170448,
123.491678708775,124.49057571307,125.489472717365,126.48836972166,127.487266725955,
128.486163730249,129.485060734544,130.483957738839,131.482854743134,132.481751747429,
133.480648751723,134.479545756018,135.478442760313,136.477339764608,137.476236768903,
138.475133773198,139.474030777492),.UNSPECIFIED.);
#26=CONICAL_SURFACE('',#1622,2.71453177576401,0.842711279399152);
#27=CONICAL_SURFACE('',#1623,2.55975281553894,0.793586318148658);
#28=CONICAL_SURFACE('',#1674,0.525,0.785398163397448);
#29=FACE_BOUND('',#207,.T.);
#30=FACE_BOUND('',#209,.T.);
#31=FACE_BOUND('',#215,.T.);
#32=FACE_BOUND('',#246,.T.);
#33=FACE_BOUND('',#249,.T.);
#34=FACE_BOUND('',#250,.T.);
#35=FACE_BOUND('',#251,.T.);
#36=FACE_BOUND('',#252,.T.);
#37=FACE_BOUND('',#253,.T.);
#38=FACE_BOUND('',#263,.T.);
#39=PLANE('',#1615);
#40=PLANE('',#1618);
#41=PLANE('',#1630);
#42=PLANE('',#1631);
#43=PLANE('',#1633);
#44=PLANE('',#1636);
#45=PLANE('',#1637);
#46=PLANE('',#1638);
#47=PLANE('',#1639);
#48=PLANE('',#1640);
#49=PLANE('',#1641);
#50=PLANE('',#1642);
#51=PLANE('',#1643);
#52=PLANE('',#1644);
#53=PLANE('',#1645);
#54=PLANE('',#1646);
#55=PLANE('',#1647);
#56=PLANE('',#1648);
#57=PLANE('',#1649);
#58=PLANE('',#1650);
#59=PLANE('',#1651);
#60=PLANE('',#1652);
#61=PLANE('',#1653);
#62=PLANE('',#1654);
#63=PLANE('',#1655);
#64=PLANE('',#1659);
#65=PLANE('',#1660);
#66=PLANE('',#1661);
#67=PLANE('',#1662);
#68=PLANE('',#1663);
#69=PLANE('',#1664);
#70=PLANE('',#1665);
#71=PLANE('',#1669);
#72=PLANE('',#1670);
#73=PLANE('',#1672);
#74=PLANE('',#1678);
#75=FACE_OUTER_BOUND('',#165,.T.);
#76=FACE_OUTER_BOUND('',#166,.T.);
#77=FACE_OUTER_BOUND('',#167,.T.);
#78=FACE_OUTER_BOUND('',#168,.T.);
#79=FACE_OUTER_BOUND('',#169,.T.);
#80=FACE_OUTER_BOUND('',#170,.T.);
#81=FACE_OUTER_BOUND('',#171,.T.);
#82=FACE_OUTER_BOUND('',#172,.T.);
#83=FACE_OUTER_BOUND('',#173,.T.);
#84=FACE_OUTER_BOUND('',#174,.T.);
#85=FACE_OUTER_BOUND('',#175,.T.);
#86=FACE_OUTER_BOUND('',#176,.T.);
#87=FACE_OUTER_BOUND('',#177,.T.);
#88=FACE_OUTER_BOUND('',#178,.T.);
#89=FACE_OUTER_BOUND('',#179,.T.);
#90=FACE_OUTER_BOUND('',#180,.T.);
#91=FACE_OUTER_BOUND('',#181,.T.);
#92=FACE_OUTER_BOUND('',#182,.T.);
#93=FACE_OUTER_BOUND('',#183,.T.);
#94=FACE_OUTER_BOUND('',#184,.T.);
#95=FACE_OUTER_BOUND('',#185,.T.);
#96=FACE_OUTER_BOUND('',#186,.T.);
#97=FACE_OUTER_BOUND('',#187,.T.);
#98=FACE_OUTER_BOUND('',#188,.T.);
#99=FACE_OUTER_BOUND('',#189,.T.);
#100=FACE_OUTER_BOUND('',#190,.T.);
#101=FACE_OUTER_BOUND('',#191,.T.);
#102=FACE_OUTER_BOUND('',#192,.T.);
#103=FACE_OUTER_BOUND('',#193,.T.);
#104=FACE_OUTER_BOUND('',#194,.T.);
#105=FACE_OUTER_BOUND('',#195,.T.);
#106=FACE_OUTER_BOUND('',#196,.T.);
#107=FACE_OUTER_BOUND('',#197,.T.);
#108=FACE_OUTER_BOUND('',#198,.T.);
#109=FACE_OUTER_BOUND('',#199,.T.);
#110=FACE_OUTER_BOUND('',#200,.T.);
#111=FACE_OUTER_BOUND('',#201,.T.);
#112=FACE_OUTER_BOUND('',#202,.T.);
#113=FACE_OUTER_BOUND('',#203,.T.);
#114=FACE_OUTER_BOUND('',#204,.T.);
#115=FACE_OUTER_BOUND('',#205,.T.);
#116=FACE_OUTER_BOUND('',#206,.T.);
#117=FACE_OUTER_BOUND('',#208,.T.);
#118=FACE_OUTER_BOUND('',#210,.T.);
#119=FACE_OUTER_BOUND('',#211,.T.);
#120=FACE_OUTER_BOUND('',#212,.T.);
#121=FACE_OUTER_BOUND('',#213,.T.);
#122=FACE_OUTER_BOUND('',#214,.T.);
#123=FACE_OUTER_BOUND('',#216,.T.);
#124=FACE_OUTER_BOUND('',#217,.T.);
#125=FACE_OUTER_BOUND('',#218,.T.);
#126=FACE_OUTER_BOUND('',#219,.T.);
#127=FACE_OUTER_BOUND('',#220,.T.);
#128=FACE_OUTER_BOUND('',#221,.T.);
#129=FACE_OUTER_BOUND('',#222,.T.);
#130=FACE_OUTER_BOUND('',#223,.T.);
#131=FACE_OUTER_BOUND('',#224,.T.);
#132=FACE_OUTER_BOUND('',#225,.T.);
#133=FACE_OUTER_BOUND('',#226,.T.);
#134=FACE_OUTER_BOUND('',#227,.T.);
#135=FACE_OUTER_BOUND('',#228,.T.);
#136=FACE_OUTER_BOUND('',#229,.T.);
#137=FACE_OUTER_BOUND('',#230,.T.);
#138=FACE_OUTER_BOUND('',#231,.T.);
#139=FACE_OUTER_BOUND('',#232,.T.);
#140=FACE_OUTER_BOUND('',#233,.T.);
#141=FACE_OUTER_BOUND('',#234,.T.);
#142=FACE_OUTER_BOUND('',#235,.T.);
#143=FACE_OUTER_BOUND('',#236,.T.);
#144=FACE_OUTER_BOUND('',#237,.T.);
#145=FACE_OUTER_BOUND('',#238,.T.);
#146=FACE_OUTER_BOUND('',#239,.T.);
#147=FACE_OUTER_BOUND('',#240,.T.);
#148=FACE_OUTER_BOUND('',#241,.T.);
#149=FACE_OUTER_BOUND('',#242,.T.);
#150=FACE_OUTER_BOUND('',#243,.T.);
#151=FACE_OUTER_BOUND('',#244,.T.);
#152=FACE_OUTER_BOUND('',#245,.T.);
#153=FACE_OUTER_BOUND('',#247,.T.);
#154=FACE_OUTER_BOUND('',#248,.T.);
#155=FACE_OUTER_BOUND('',#254,.T.);
#156=FACE_OUTER_BOUND('',#255,.T.);
#157=FACE_OUTER_BOUND('',#256,.T.);
#158=FACE_OUTER_BOUND('',#257,.T.);
#159=FACE_OUTER_BOUND('',#258,.T.);
#160=FACE_OUTER_BOUND('',#259,.T.);
#161=FACE_OUTER_BOUND('',#260,.T.);
#162=FACE_OUTER_BOUND('',#261,.T.);
#163=FACE_OUTER_BOUND('',#262,.T.);
#164=FACE_OUTER_BOUND('',#264,.T.);
#165=EDGE_LOOP('',(#968,#969,#970,#971));
#166=EDGE_LOOP('',(#972,#973,#974,#975));
#167=EDGE_LOOP('',(#976,#977,#978,#979));
#168=EDGE_LOOP('',(#980,#981,#982,#983));
#169=EDGE_LOOP('',(#984,#985,#986,#987));
#170=EDGE_LOOP('',(#988,#989,#990,#991));
#171=EDGE_LOOP('',(#992,#993,#994,#995));
#172=EDGE_LOOP('',(#996,#997,#998,#999));
#173=EDGE_LOOP('',(#1000,#1001,#1002,#1003));
#174=EDGE_LOOP('',(#1004,#1005,#1006,#1007));
#175=EDGE_LOOP('',(#1008,#1009,#1010,#1011));
#176=EDGE_LOOP('',(#1012,#1013,#1014,#1015));
#177=EDGE_LOOP('',(#1016,#1017,#1018,#1019));
#178=EDGE_LOOP('',(#1020,#1021,#1022,#1023));
#179=EDGE_LOOP('',(#1024,#1025,#1026,#1027));
#180=EDGE_LOOP('',(#1028,#1029,#1030,#1031));
#181=EDGE_LOOP('',(#1032,#1033,#1034,#1035));
#182=EDGE_LOOP('',(#1036,#1037,#1038,#1039));
#183=EDGE_LOOP('',(#1040,#1041,#1042,#1043));
#184=EDGE_LOOP('',(#1044,#1045,#1046,#1047));
#185=EDGE_LOOP('',(#1048,#1049,#1050,#1051));
#186=EDGE_LOOP('',(#1052,#1053,#1054,#1055));
#187=EDGE_LOOP('',(#1056,#1057,#1058,#1059));
#188=EDGE_LOOP('',(#1060,#1061,#1062,#1063));
#189=EDGE_LOOP('',(#1064,#1065,#1066,#1067));
#190=EDGE_LOOP('',(#1068,#1069,#1070,#1071));
#191=EDGE_LOOP('',(#1072,#1073,#1074,#1075));
#192=EDGE_LOOP('',(#1076,#1077,#1078,#1079));
#193=EDGE_LOOP('',(#1080,#1081,#1082,#1083));
#194=EDGE_LOOP('',(#1084,#1085,#1086,#1087));
#195=EDGE_LOOP('',(#1088,#1089,#1090,#1091));
#196=EDGE_LOOP('',(#1092,#1093,#1094,#1095));
#197=EDGE_LOOP('',(#1096,#1097,#1098,#1099));
#198=EDGE_LOOP('',(#1100,#1101,#1102,#1103));
#199=EDGE_LOOP('',(#1104,#1105,#1106,#1107));
#200=EDGE_LOOP('',(#1108,#1109,#1110,#1111));
#201=EDGE_LOOP('',(#1112,#1113,#1114,#1115));
#202=EDGE_LOOP('',(#1116,#1117,#1118,#1119));
#203=EDGE_LOOP('',(#1120,#1121,#1122,#1123));
#204=EDGE_LOOP('',(#1124,#1125,#1126,#1127));
#205=EDGE_LOOP('',(#1128,#1129,#1130,#1131));
#206=EDGE_LOOP('',(#1132));
#207=EDGE_LOOP('',(#1133,#1134,#1135,#1136));
#208=EDGE_LOOP('',(#1137));
#209=EDGE_LOOP('',(#1138));
#210=EDGE_LOOP('',(#1139,#1140,#1141,#1142));
#211=EDGE_LOOP('',(#1143,#1144,#1145,#1146));
#212=EDGE_LOOP('',(#1147,#1148,#1149,#1150,#1151,#1152));
#213=EDGE_LOOP('',(#1153,#1154,#1155,#1156));
#214=EDGE_LOOP('',(#1157));
#215=EDGE_LOOP('',(#1158));
#216=EDGE_LOOP('',(#1159,#1160,#1161,#1162));
#217=EDGE_LOOP('',(#1163,#1164,#1165,#1166,#1167,#1168,#1169,#1170,#1171,
#1172,#1173,#1174,#1175,#1176,#1177,#1178,#1179,#1180,#1181,#1182,#1183,
#1184,#1185,#1186,#1187,#1188,#1189,#1190,#1191,#1192,#1193,#1194,#1195,
#1196,#1197,#1198,#1199,#1200,#1201,#1202,#1203,#1204,#1205,#1206,#1207));
#218=EDGE_LOOP('',(#1208,#1209,#1210,#1211));
#219=EDGE_LOOP('',(#1212,#1213,#1214,#1215,#1216,#1217,#1218,#1219,#1220,
#1221,#1222,#1223,#1224,#1225,#1226,#1227,#1228,#1229,#1230,#1231,#1232,
#1233,#1234,#1235,#1236,#1237,#1238,#1239,#1240,#1241,#1242,#1243,#1244,
#1245,#1246,#1247,#1248,#1249,#1250,#1251,#1252,#1253,#1254,#1255,#1256));
#220=EDGE_LOOP('',(#1257,#1258,#1259,#1260,#1261));
#221=EDGE_LOOP('',(#1262,#1263,#1264,#1265));
#222=EDGE_LOOP('',(#1266,#1267,#1268,#1269));
#223=EDGE_LOOP('',(#1270,#1271,#1272,#1273));
#224=EDGE_LOOP('',(#1274,#1275,#1276,#1277));
#225=EDGE_LOOP('',(#1278,#1279,#1280,#1281));
#226=EDGE_LOOP('',(#1282,#1283,#1284,#1285));
#227=EDGE_LOOP('',(#1286,#1287,#1288,#1289));
#228=EDGE_LOOP('',(#1290,#1291,#1292,#1293));
#229=EDGE_LOOP('',(#1294,#1295,#1296,#1297));
#230=EDGE_LOOP('',(#1298,#1299,#1300,#1301));
#231=EDGE_LOOP('',(#1302,#1303,#1304,#1305));
#232=EDGE_LOOP('',(#1306,#1307,#1308,#1309));
#233=EDGE_LOOP('',(#1310,#1311,#1312,#1313));
#234=EDGE_LOOP('',(#1314,#1315,#1316,#1317));
#235=EDGE_LOOP('',(#1318,#1319,#1320,#1321));
#236=EDGE_LOOP('',(#1322,#1323,#1324,#1325));
#237=EDGE_LOOP('',(#1326,#1327,#1328,#1329));
#238=EDGE_LOOP('',(#1330,#1331,#1332,#1333));
#239=EDGE_LOOP('',(#1334,#1335,#1336,#1337));
#240=EDGE_LOOP('',(#1338,#1339,#1340,#1341));
#241=EDGE_LOOP('',(#1342,#1343,#1344,#1345));
#242=EDGE_LOOP('',(#1346,#1347,#1348,#1349));
#243=EDGE_LOOP('',(#1350,#1351,#1352,#1353));
#244=EDGE_LOOP('',(#1354,#1355,#1356,#1357));
#245=EDGE_LOOP('',(#1358,#1359,#1360,#1361));
#246=EDGE_LOOP('',(#1362));
#247=EDGE_LOOP('',(#1363,#1364,#1365,#1366));
#248=EDGE_LOOP('',(#1367,#1368,#1369,#1370));
#249=EDGE_LOOP('',(#1371,#1372,#1373,#1374));
#250=EDGE_LOOP('',(#1375,#1376,#1377,#1378));
#251=EDGE_LOOP('',(#1379,#1380,#1381,#1382));
#252=EDGE_LOOP('',(#1383,#1384,#1385,#1386));
#253=EDGE_LOOP('',(#1387));
#254=EDGE_LOOP('',(#1388,#1389,#1390,#1391));
#255=EDGE_LOOP('',(#1392));
#256=EDGE_LOOP('',(#1393,#1394,#1395,#1396));
#257=EDGE_LOOP('',(#1397));
#258=EDGE_LOOP('',(#1398));
#259=EDGE_LOOP('',(#1399));
#260=EDGE_LOOP('',(#1400,#1401,#1402,#1403));
#261=EDGE_LOOP('',(#1404,#1405,#1406,#1407));
#262=EDGE_LOOP('',(#1408));
#263=EDGE_LOOP('',(#1409));
#264=EDGE_LOOP('',(#1410,#1411,#1412,#1413));
#265=CIRCLE('',#1571,2.9635);
#266=CIRCLE('',#1592,2.67525);
#267=CIRCLE('',#1613,2.);
#268=CIRCLE('',#1614,2.);
#269=CIRCLE('',#1616,3.);
#270=CIRCLE('',#1617,2.67525);
#271=CIRCLE('',#1619,2.42906355152802);
#272=CIRCLE('',#1621,2.42906355152802);
#273=CIRCLE('',#1624,2.44317587589484);
#274=CIRCLE('',#1625,2.67632975518304);
#275=CIRCLE('',#1626,2.67632975518304);
#276=CIRCLE('',#1627,2.67632975518304);
#277=CIRCLE('',#1629,2.44317587589484);
#278=CIRCLE('',#1634,2.9635);
#279=CIRCLE('',#1657,2.);
#280=CIRCLE('',#1658,2.);
#281=CIRCLE('',#1666,0.45);
#282=CIRCLE('',#1668,0.45);
#283=CIRCLE('',#1671,0.45);
#284=CIRCLE('',#1673,2.);
#285=CIRCLE('',#1675,0.6);
#286=CIRCLE('',#1676,0.45);
#287=CIRCLE('',#1679,2.);
#288=B_SPLINE_CURVE_WITH_KNOTS('',3,(#2021,#2022,#2023,#2024,#2025,#2026,
#2027,#2028,#2029,#2030),.UNSPECIFIED.,.F.,.F.,(4,3,3,4),(-4.09274904019422,
-3.99558801717931,-2.99669101288448,-2.09131066696208),.UNSPECIFIED.);
#289=B_SPLINE_CURVE_WITH_KNOTS('',3,(#2033,#2034,#2035,#2036,#2037,#2038,
#2039),.UNSPECIFIED.,.F.,.F.,(4,3,4),(0.,0.998897004294825,1.14015428035751),
 .UNSPECIFIED.);
#290=B_SPLINE_CURVE_WITH_KNOTS('',3,(#2044,#2045,#2046,#2047,#2048,#2049,
#2050,#2051,#2052,#2053,#2054,#2055,#2056,#2057,#2058,#2059,#2060,#2061,
#2062,#2063,#2064,#2065),.UNSPECIFIED.,.F.,.F.,(4,3,3,3,3,3,3,4),(-10.3759343473738,
-9.98897004294826,-8.99007303865344,-7.99117603435861,-6.99227903006379,
-5.99338202576896,-4.99448502147413,-4.09274904019422),.UNSPECIFIED.);
#291=B_SPLINE_CURVE_WITH_KNOTS('',3,(#2066,#2067,#2068,#2069,#2070,#2071,
#2072,#2073,#2074,#2075,#2076,#2077,#2078,#2079,#2080,#2081,#2082,#2083,
#2084,#2085,#2086,#2087),.UNSPECIFIED.,.F.,.F.,(4,3,3,3,3,3,3,4),(1.14015428035751,
1.99779400858965,2.99669101288448,3.9955880171793,4.99448502147413,5.99338202576895,
6.99227903006378,7.4233395875371),.UNSPECIFIED.);
#292=B_SPLINE_CURVE_WITH_KNOTS('',3,(#2092,#2093,#2094,#2095,#2096,#2097,
#2098,#2099,#2100,#2101,#2102,#2103,#2104,#2105,#2106,#2107,#2108,#2109,
#2110,#2111,#2112,#2113),.UNSPECIFIED.,.F.,.F.,(4,3,3,3,3,3,3,4),(-16.6591196545534,
-15.9823520687172,-14.9834550644224,-13.9845580601276,-12.9856610558327,
-11.9867640515379,-10.9878670472431,-10.3759343473738),.UNSPECIFIED.);
#293=B_SPLINE_CURVE_WITH_KNOTS('',3,(#2114,#2115,#2116,#2117,#2118,#2119,
#2120,#2121,#2122,#2123,#2124,#2125,#2126,#2127,#2128,#2129,#2130,#2131,
#2132,#2133,#2134,#2135),.UNSPECIFIED.,.F.,.F.,(4,3,3,3,3,3,3,4),(7.4233395875371,
7.99117603435861,8.99007303865343,9.98897004294826,10.9878670472431,11.9867640515379,
12.9856610558327,13.7065248947167),.UNSPECIFIED.);
#294=B_SPLINE_CURVE_WITH_KNOTS('',3,(#2140,#2141,#2142,#2143,#2144,#2145,
#2146,#2147,#2148,#2149,#2150,#2151,#2152,#2153,#2154,#2155,#2156,#2157,
#2158,#2159,#2160,#2161),.UNSPECIFIED.,.F.,.F.,(4,3,3,3,3,3,3,4),(-22.942304961733,
-21.9757340944862,-20.9768370901914,-19.9779400858965,-18.9790430816017,
-17.9801460773069,-16.981249073012,-16.6591196545534),.UNSPECIFIED.);
#295=B_SPLINE_CURVE_WITH_KNOTS('',3,(#2162,#2163,#2164,#2165,#2166,#2167,
#2168,#2169,#2170,#2171,#2172,#2173,#2174,#2175,#2176,#2177,#2178,#2179,
#2180,#2181,#2182,#2183,#2184,#2185,#2186),.UNSPECIFIED.,.F.,.F.,(4,3,3,
3,3,3,3,3,4),(13.7065248947167,13.9845580601276,14.9834550644224,15.9823520687172,
16.981249073012,17.9801460773069,18.9790430816017,19.9779400858965,19.9897102018963),
 .UNSPECIFIED.);
#296=B_SPLINE_CURVE_WITH_KNOTS('',3,(#2191,#2192,#2193,#2194,#2195,#2196,
#2197,#2198,#2199,#2200,#2201,#2202,#2203,#2204,#2205,#2206,#2207,#2208,
#2209,#2210,#2211,#2212,#2213,#2214,#2215),.UNSPECIFIED.,.F.,.F.,(4,3,3,
3,3,3,3,3,4),(-29.2254902689126,-28.96801312455,-27.9691161202551,-26.9702191159603,
-25.9713221116655,-24.9724251073707,-23.9735281030758,-22.974631098781,
-22.942304961733),.UNSPECIFIED.);
#297=B_SPLINE_CURVE_WITH_KNOTS('',3,(#2216,#2217,#2218,#2219,#2220,#2221,
#2222,#2223,#2224,#2225,#2226,#2227,#2228,#2229,#2230,#2231,#2232,#2233,
#2234,#2235,#2236,#2237),.UNSPECIFIED.,.F.,.F.,(4,3,3,3,3,3,3,4),(19.9897102018963,
20.9768370901914,21.9757340944862,22.974631098781,23.9735281030758,24.9724251073707,
25.9713221116655,26.2728955090759),.UNSPECIFIED.);
#298=B_SPLINE_CURVE_WITH_KNOTS('',3,(#2242,#2243,#2244,#2245,#2246,#2247,
#2248,#2249,#2250,#2251,#2252,#2253,#2254,#2255,#2256,#2257,#2258,#2259,
#2260,#2261,#2262,#2263),.UNSPECIFIED.,.F.,.F.,(4,3,3,3,3,3,3,4),(-35.5086755760922,
-34.9613951503189,-33.9624981460241,-32.9636011417293,-31.9647041374344,
-30.9658071331396,-29.9669101288448,-29.2254902689126),.UNSPECIFIED.);
#299=B_SPLINE_CURVE_WITH_KNOTS('',3,(#2264,#2265,#2266,#2267,#2268,#2269,
#2270,#2271,#2272,#2273,#2274,#2275,#2276,#2277,#2278,#2279,#2280,#2281,
#2282,#2283,#2284,#2285),.UNSPECIFIED.,.F.,.F.,(4,3,3,3,3,3,3,4),(26.2728955090759,
26.9702191159603,27.9691161202552,28.96801312455,29.9669101288448,30.9658071331396,
31.9647041374345,32.5560808162554),.UNSPECIFIED.);
#300=B_SPLINE_CURVE_WITH_KNOTS('',3,(#2290,#2291,#2292,#2293,#2294,#2295,
#2296,#2297,#2298,#2299,#2300,#2301,#2302,#2303,#2304,#2305,#2306,#2307,
#2308,#2309,#2310,#2311),.UNSPECIFIED.,.F.,.F.,(4,3,3,3,3,3,3,4),(-41.7918608832718,
-40.9547771760879,-39.9558801717931,-38.9569831674982,-37.9580861632034,
-36.9591891589086,-35.9602921546138,-35.5086755760922),.UNSPECIFIED.);
#301=B_SPLINE_CURVE_WITH_KNOTS('',3,(#2312,#2313,#2314,#2315,#2316,#2317,
#2318,#2319,#2320,#2321,#2322,#2323,#2324,#2325,#2326,#2327,#2328,#2329,
#2330,#2331,#2332,#2333),.UNSPECIFIED.,.F.,.F.,(4,3,3,3,3,3,3,4),(32.5560808162554,
32.9636011417293,33.9624981460241,34.9613951503189,35.9602921546138,36.9591891589086,
37.9580861632034,38.839266123435),.UNSPECIFIED.);
#302=B_SPLINE_CURVE_WITH_KNOTS('',3,(#2338,#2339,#2340,#2341,#2342,#2343,
#2344,#2345,#2346,#2347,#2348,#2349,#2350,#2351,#2352,#2353,#2354,#2355,
#2356,#2357,#2358,#2359,#2360,#2361,#2362),.UNSPECIFIED.,.F.,.F.,(4,3,3,
3,3,3,3,3,4),(-48.0750461904513,-47.9470562061517,-46.9481592018568,-45.949262197562,
-44.9503651932672,-43.9514681889724,-42.9525711846775,-41.9536741803827,
-41.7918608832718),.UNSPECIFIED.);
#303=B_SPLINE_CURVE_WITH_KNOTS('',3,(#2363,#2364,#2365,#2366,#2367,#2368,
#2369,#2370,#2371,#2372,#2373,#2374,#2375,#2376,#2377,#2378,#2379,#2380,
#2381,#2382,#2383,#2384,#2385,#2386,#2387),.UNSPECIFIED.,.F.,.F.,(4,3,3,
3,3,3,3,3,4),(38.839266123435,38.9569831674982,39.9558801717931,40.9547771760879,
41.9536741803827,42.9525711846775,43.9514681889724,44.9503651932672,45.1224514306146),
 .UNSPECIFIED.);
#304=B_SPLINE_CURVE_WITH_KNOTS('',3,(#2392,#2393,#2394,#2395,#2396,#2397,
#2398,#2399,#2400,#2401,#2402,#2403,#2404,#2405,#2406,#2407,#2408,#2409,
#2410,#2411,#2412,#2413),.UNSPECIFIED.,.F.,.F.,(4,3,3,3,3,3,3,4),(-54.3582314976309,
-53.9404382319206,-52.9415412276258,-51.942644223331,-50.9437472190361,
-49.9448502147413,-48.9459532104465,-48.0750461904513),.UNSPECIFIED.);
#305=B_SPLINE_CURVE_WITH_KNOTS('',3,(#2414,#2415,#2416,#2417,#2418,#2419,
#2420,#2421,#2422,#2423,#2424,#2425,#2426,#2427,#2428,#2429,#2430,#2431,
#2432,#2433,#2434,#2435),.UNSPECIFIED.,.F.,.F.,(4,3,3,3,3,3,3,4),(45.1224514306146,
45.949262197562,46.9481592018568,47.9470562061517,48.9459532104465,49.9448502147413,
50.9437472190361,51.4056367377942),.UNSPECIFIED.);
#306=B_SPLINE_CURVE_WITH_KNOTS('',3,(#2440,#2441,#2442,#2443,#2444,#2445,
#2446,#2447,#2448,#2449,#2450,#2451,#2452,#2453,#2454,#2455,#2456,#2457,
#2458,#2459,#2460,#2461),.UNSPECIFIED.,.F.,.F.,(4,3,3,3,3,3,3,4),(-60.6414168048105,
-59.9338202576896,-58.9349232533948,-57.9360262490999,-56.9371292448051,
-55.9382322405103,-54.9393352362155,-54.3582314976309),.UNSPECIFIED.);
#307=B_SPLINE_CURVE_WITH_KNOTS('',3,(#2462,#2463,#2464,#2465,#2466,#2467,
#2468,#2469,#2470,#2471,#2472,#2473,#2474,#2475,#2476,#2477,#2478,#2479,
#2480,#2481,#2482,#2483),.UNSPECIFIED.,.F.,.F.,(4,3,3,3,3,3,3,4),(51.4056367377942,
51.942644223331,52.9415412276258,53.9404382319206,54.9393352362154,55.9382322405103,
56.9371292448051,57.6888220449738),.UNSPECIFIED.);
#308=B_SPLINE_CURVE_WITH_KNOTS('',3,(#2488,#2489,#2490,#2491,#2492,#2493,
#2494,#2495,#2496,#2497,#2498,#2499,#2500,#2501,#2502,#2503,#2504,#2505,
#2506,#2507,#2508,#2509),.UNSPECIFIED.,.F.,.F.,(4,3,3,3,3,3,3,4),(-66.9246021119901,
-65.9272022834585,-64.9283052791637,-63.9294082748689,-62.9305112705741,
-61.9316142662793,-60.9327172619844,-60.6414168048105),.UNSPECIFIED.);
#309=B_SPLINE_CURVE_WITH_KNOTS('',3,(#2510,#2511,#2512,#2513,#2514,#2515,
#2516,#2517,#2518,#2519,#2520,#2521,#2522,#2523,#2524,#2525,#2526,#2527,
#2528,#2529,#2530,#2531,#2532,#2533,#2534),.UNSPECIFIED.,.F.,.F.,(4,3,3,
3,3,3,3,3,4),(57.6888220449738,57.9360262490999,58.9349232533948,59.9338202576896,
60.9327172619844,61.9316142662793,62.9305112705741,63.9294082748689,63.9720073521534),
 .UNSPECIFIED.);
#310=B_SPLINE_CURVE_WITH_KNOTS('',3,(#2539,#2540,#2541,#2542,#2543,#2544,
#2545,#2546,#2547,#2548,#2549,#2550,#2551,#2552,#2553,#2554,#2555,#2556,
#2557,#2558,#2559,#2560),.UNSPECIFIED.,.F.,.F.,(4,3,3,3,3,3,3,4),(-73.2077874191697,
-72.9194813135223,-71.9205843092275,-70.9216873049327,-69.9227903006378,
-68.923893296343,-67.9249962920482,-66.9246021119901),.UNSPECIFIED.);
#311=B_SPLINE_CURVE_WITH_KNOTS('',3,(#2561,#2562,#2563,#2564,#2565,#2566,
#2567,#2568,#2569,#2570,#2571,#2572,#2573,#2574,#2575,#2576,#2577,#2578,
#2579,#2580,#2581,#2582),.UNSPECIFIED.,.F.,.F.,(4,3,3,3,3,3,3,4),(63.9720073521534,
64.9283052791637,65.9272022834586,66.9260992877534,67.9249962920482,68.923893296343,
69.9227903006378,70.255192659333),.UNSPECIFIED.);
#312=B_SPLINE_CURVE_WITH_KNOTS('',3,(#2587,#2588,#2589,#2590,#2591,#2592,
#2593,#2594,#2595,#2596,#2597,#2598,#2599,#2600,#2601,#2602,#2603,#2604,
#2605,#2606,#2607,#2608),.UNSPECIFIED.,.F.,.F.,(4,3,3,3,3,3,3,4),(-79.4909727263493,
-78.9128633392913,-77.9139663349964,-76.9150693307016,-75.9161723264068,
-74.917275322112,-73.9183783178172,-73.2077874191697),.UNSPECIFIED.);
#313=B_SPLINE_CURVE_WITH_KNOTS('',3,(#2609,#2610,#2611,#2612,#2613,#2614,
#2615,#2616,#2617,#2618,#2619,#2620,#2621,#2622,#2623,#2624,#2625,#2626,
#2627,#2628,#2629,#2630),.UNSPECIFIED.,.F.,.F.,(4,3,3,3,3,3,3,4),(70.255192659333,
70.9216873049327,71.9205843092275,72.9194813135223,73.9183783178172,74.917275322112,
75.9161723264068,76.5383779665126),.UNSPECIFIED.);
#314=B_SPLINE_CURVE_WITH_KNOTS('',3,(#2635,#2636,#2637,#2638,#2639,#2640,
#2641,#2642,#2643,#2644,#2645,#2646,#2647,#2648,#2649,#2650,#2651,#2652,
#2653,#2654,#2655,#2656),.UNSPECIFIED.,.F.,.F.,(4,3,3,3,3,3,3,4),(-85.7741580335289,
-84.9062453650603,-83.9073483607654,-82.9084513564706,-81.9095543521758,
-80.9106573478809,-79.9117603435861,-79.4909727263493),.UNSPECIFIED.);
#315=B_SPLINE_CURVE_WITH_KNOTS('',3,(#2657,#2658,#2659,#2660,#2661,#2662,
#2663,#2664,#2665,#2666,#2667,#2668,#2669,#2670,#2671,#2672,#2673,#2674,
#2675,#2676,#2677,#2678),.UNSPECIFIED.,.F.,.F.,(4,3,3,3,3,3,3,4),(76.5383779665126,
76.9150693307016,77.9139663349965,78.9128633392913,79.9117603435861,80.9106573478809,
81.9095543521758,82.8215632736922),.UNSPECIFIED.);
#316=B_SPLINE_CURVE_WITH_KNOTS('',3,(#2683,#2684,#2685,#2686,#2687,#2688,
#2689,#2690,#2691,#2692,#2693,#2694,#2695,#2696,#2697,#2698,#2699,#2700,
#2701,#2702,#2703,#2704,#2705,#2706,#2707),.UNSPECIFIED.,.F.,.F.,(4,3,3,
3,3,3,3,3,4),(-92.0573433407085,-91.898524395124,-90.8996273908292,-89.9007303865344,
-88.9018333822395,-87.9029363779447,-86.9040393736499,-85.9051423693551,
-85.7741580335289),.UNSPECIFIED.);
#317=B_SPLINE_CURVE_WITH_KNOTS('',3,(#2708,#2709,#2710,#2711,#2712,#2713,
#2714,#2715,#2716,#2717,#2718,#2719,#2720,#2721,#2722,#2723,#2724,#2725,
#2726,#2727,#2728,#2729,#2730,#2731,#2732),.UNSPECIFIED.,.F.,.F.,(4,3,3,
3,3,3,3,3,4),(82.8215632736922,82.9084513564706,83.9073483607654,84.9062453650603,
85.9051423693551,86.9040393736499,87.9029363779448,88.9018333822396,89.1047485808718),
 .UNSPECIFIED.);
#318=B_SPLINE_CURVE_WITH_KNOTS('',3,(#2737,#2738,#2739,#2740,#2741,#2742,
#2743,#2744,#2745,#2746,#2747,#2748,#2749,#2750,#2751,#2752,#2753,#2754,
#2755,#2756,#2757,#2758),.UNSPECIFIED.,.F.,.F.,(4,3,3,3,3,3,3,4),(-98.3405286478881,
-97.891906420893,-96.8930094165982,-95.8941124123033,-94.8952154080085,
-93.8963184037137,-92.8974213994189,-92.0573433407085),.UNSPECIFIED.);
#319=B_SPLINE_CURVE_WITH_KNOTS('',3,(#2759,#2760,#2761,#2762,#2763,#2764,
#2765,#2766,#2767,#2768,#2769,#2770,#2771,#2772,#2773,#2774,#2775,#2776,
#2777,#2778,#2779,#2780),.UNSPECIFIED.,.F.,.F.,(4,3,3,3,3,3,3,4),(89.1047485808718,
89.9007303865344,90.8996273908292,91.898524395124,92.8974213994189,93.8963184037137,
94.8952154080085,95.3879338880514),.UNSPECIFIED.);
#320=B_SPLINE_CURVE_WITH_KNOTS('',3,(#2785,#2786,#2787,#2788,#2789,#2790,
#2791,#2792,#2793,#2794,#2795,#2796,#2797,#2798,#2799,#2800,#2801,#2802,
#2803,#2804,#2805,#2806),.UNSPECIFIED.,.F.,.F.,(4,3,3,3,3,3,3,4),(-104.623713955068,
-103.885288446662,-102.886391442367,-101.887494438072,-100.888597433777,
-99.8897004294826,-98.8908034251878,-98.3405286478881),.UNSPECIFIED.);
#321=B_SPLINE_CURVE_WITH_KNOTS('',3,(#2807,#2808,#2809,#2810,#2811,#2812,
#2813,#2814,#2815,#2816,#2817,#2818,#2819,#2820,#2821,#2822,#2823,#2824,
#2825,#2826,#2827,#2828),.UNSPECIFIED.,.F.,.F.,(4,3,3,3,3,3,3,4),(95.3879338880514,
95.8941124123033,96.8930094165982,97.891906420893,98.8908034251878,99.8897004294827,
100.888597433777,101.671119195231),.UNSPECIFIED.);
#322=B_SPLINE_CURVE_WITH_KNOTS('',3,(#2833,#2834,#2835,#2836,#2837,#2838,
#2839,#2840,#2841,#2842,#2843,#2844,#2845,#2846,#2847,#2848,#2849,#2850,
#2851,#2852,#2853,#2854,#2855,#2856,#2857),.UNSPECIFIED.,.F.,.F.,(4,3,3,
3,3,3,3,3,4),(-110.906899262247,-110.877567476726,-109.878670472431,-108.879773468136,
-107.880876463841,-106.881979459546,-105.883082455252,-104.884185450957,
-104.623713955068),.UNSPECIFIED.);
#323=B_SPLINE_CURVE_WITH_KNOTS('',3,(#2858,#2859,#2860,#2861,#2862,#2863,
#2864,#2865,#2866,#2867,#2868,#2869,#2870,#2871,#2872,#2873,#2874,#2875,
#2876,#2877,#2878,#2879,#2880,#2881,#2882),.UNSPECIFIED.,.F.,.F.,(4,3,3,
3,3,3,3,3,4),(101.671119195231,101.887494438072,102.886391442367,103.885288446662,
104.884185450957,105.883082455252,106.881979459546,107.880876463841,107.954304502411),
 .UNSPECIFIED.);
#324=B_SPLINE_CURVE_WITH_KNOTS('',3,(#2887,#2888,#2889,#2890,#2891,#2892,
#2893,#2894,#2895,#2896,#2897,#2898,#2899,#2900,#2901,#2902,#2903,#2904,
#2905,#2906,#2907,#2908),.UNSPECIFIED.,.F.,.F.,(4,3,3,3,3,3,3,4),(-117.190084569427,
-116.870949502495,-115.8720524982,-114.873155493905,-113.87425848961,-112.875361485315,
-111.876464481021,-110.906899262247),.UNSPECIFIED.);
#325=B_SPLINE_CURVE_WITH_KNOTS('',3,(#2909,#2910,#2911,#2912,#2913,#2914,
#2915,#2916,#2917,#2918,#2919,#2920,#2921,#2922,#2923,#2924,#2925,#2926,
#2927,#2928,#2929,#2930),.UNSPECIFIED.,.F.,.F.,(4,3,3,3,3,3,3,4),(107.954304502411,
108.879773468136,109.878670472431,110.877567476726,111.876464481021,112.875361485315,
113.87425848961,114.23748980959),.UNSPECIFIED.);
#326=B_SPLINE_CURVE_WITH_KNOTS('',3,(#2935,#2936,#2937,#2938,#2939,#2940,
#2941,#2942,#2943,#2944,#2945,#2946,#2947,#2948,#2949,#2950,#2951,#2952,
#2953,#2954,#2955,#2956),.UNSPECIFIED.,.F.,.F.,(4,3,3,3,3,3,3,4),(-123.473269876606,
-122.864331528264,-121.865434523969,-120.866537519674,-119.867640515379,
-118.868743511084,-117.86984650679,-117.190084569427),.UNSPECIFIED.);
#327=B_SPLINE_CURVE_WITH_KNOTS('',3,(#2957,#2958,#2959,#2960,#2961,#2962,
#2963,#2964,#2965,#2966,#2967,#2968,#2969,#2970,#2971,#2972,#2973,#2974,
#2975,#2976,#2977,#2978),.UNSPECIFIED.,.F.,.F.,(4,3,3,3,3,3,3,4),(114.23748980959,
114.873155493905,115.8720524982,116.870949502495,117.86984650679,118.868743511084,
119.867640515379,120.52067511677),.UNSPECIFIED.);
#328=B_SPLINE_CURVE_WITH_KNOTS('',3,(#2984,#2985,#2986,#2987,#2988,#2989),
 .UNSPECIFIED.,.F.,.F.,(4,1,1,4),(135.088484104361,135.478442760313,136.477339764608,
137.38272011053),.UNSPECIFIED.);
#329=B_SPLINE_CURVE_WITH_KNOTS('',3,(#2992,#2993,#2994,#2995,#2996),
 .UNSPECIFIED.,.F.,.F.,(4,1,4),(135.088484104361,135.144543225855,136.143440230149),
 .UNSPECIFIED.);
#330=B_SPLINE_CURVE_WITH_KNOTS('',3,(#3001,#3002,#3003,#3004,#3005,#3006,
#3007,#3008,#3009,#3010),.UNSPECIFIED.,.F.,.F.,(4,1,1,1,1,1,1,4),(128.805298797182,
129.485060734544,130.483957738839,131.482854743134,132.481751747429,133.480648751723,
134.479545756018,135.088484104361),.UNSPECIFIED.);
#331=B_SPLINE_CURVE_WITH_KNOTS('',3,(#3011,#3012,#3013,#3014,#3015,#3016,
#3017,#3018,#3019,#3020),.UNSPECIFIED.,.F.,.F.,(4,1,1,1,1,1,1,4),(128.805298797182,
129.151161200086,130.15005820438,131.148955208675,132.14785221297,133.146749217265,
134.14564622156,135.088484104361),.UNSPECIFIED.);
#332=B_SPLINE_CURVE_WITH_KNOTS('',3,(#3025,#3026,#3027,#3028,#3029,#3030,
#3031,#3032,#3033,#3034),.UNSPECIFIED.,.F.,.F.,(4,1,1,1,1,1,1,4),(122.522113490002,
123.491678708775,124.49057571307,125.489472717365,126.48836972166,127.487266725955,
128.486163730249,128.805298797182),.UNSPECIFIED.);
#333=B_SPLINE_CURVE_WITH_KNOTS('',3,(#3035,#3036,#3037,#3038,#3039,#3040,
#3041,#3042,#3043,#3044),.UNSPECIFIED.,.F.,.F.,(4,1,1,1,1,1,1,4),(122.522113490002,
123.157779174317,124.156676178612,125.155573182906,126.154470187201,127.153367191496,
128.152264195791,128.805298797182),.UNSPECIFIED.);
#334=B_SPLINE_CURVE_WITH_KNOTS('',3,(#3049,#3050,#3051,#3052,#3053,#3054,
#3055,#3056,#3057,#3058,#3059),.UNSPECIFIED.,.F.,.F.,(4,1,1,1,1,1,1,1,4),
(116.238928182822,116.499399678711,117.498296683006,118.497193687301,119.496090691596,
120.494987695891,121.493884700186,122.49278170448,122.522113490002),
 .UNSPECIFIED.);
#335=B_SPLINE_CURVE_WITH_KNOTS('',3,(#3060,#3061,#3062,#3063,#3064,#3065,
#3066,#3067,#3068,#3069),.UNSPECIFIED.,.F.,.F.,(4,1,1,1,1,1,1,4),(116.238928182822,
117.164397148548,118.163294152843,119.162191157137,120.161088161432,121.159985165727,
122.158882170022,122.522113490002),.UNSPECIFIED.);
#336=B_SPLINE_CURVE_WITH_KNOTS('',3,(#3074,#3075,#3076,#3077,#3078,#3079,
#3080,#3081,#3082,#3083),.UNSPECIFIED.,.F.,.F.,(4,1,1,1,1,1,1,4),(109.955742875643,
110.506017652942,111.504914657237,112.503811661532,113.502708665827,114.501605670122,
115.500502674417,116.238928182822),.UNSPECIFIED.);
#337=B_SPLINE_CURVE_WITH_KNOTS('',3,(#3084,#3085,#3086,#3087,#3088,#3089,
#3090,#3091,#3092,#3093,#3094),.UNSPECIFIED.,.F.,.F.,(4,1,1,1,1,1,1,1,4),
(109.955742875643,110.172118118484,111.171015122779,112.169912127074,113.168809131368,
114.167706135663,115.166603139958,116.165500144253,116.238928182822),
 .UNSPECIFIED.);
#338=B_SPLINE_CURVE_WITH_KNOTS('',3,(#3099,#3100,#3101,#3102,#3103,#3104,
#3105,#3106,#3107,#3108),.UNSPECIFIED.,.F.,.F.,(4,1,1,1,1,1,1,4),(103.672557568463,
104.512635627174,105.511532631468,106.510429635763,107.509326640058,108.508223644353,
109.507120648648,109.955742875643),.UNSPECIFIED.);
#339=B_SPLINE_CURVE_WITH_KNOTS('',3,(#3109,#3110,#3111,#3112,#3113,#3114,
#3115,#3116,#3117,#3118),.UNSPECIFIED.,.F.,.F.,(4,1,1,1,1,1,1,4),(103.672557568463,
104.178736092715,105.17763309701,106.176530101305,107.175427105599,108.174324109894,
109.173221114189,109.955742875643),.UNSPECIFIED.);
#340=B_SPLINE_CURVE_WITH_KNOTS('',3,(#3123,#3124,#3125,#3126,#3127,#3128,
#3129,#3130,#3131,#3132,#3133),.UNSPECIFIED.,.F.,.F.,(4,1,1,1,1,1,1,1,4),
(97.3893722612835,97.5203565971097,98.5192536014045,99.5181506056994,100.517047609994,
101.515944614289,102.514841618584,103.513738622879,103.672557568463),
 .UNSPECIFIED.);
#341=B_SPLINE_CURVE_WITH_KNOTS('',3,(#3134,#3135,#3136,#3137,#3138,#3139,
#3140,#3141,#3142,#3143),.UNSPECIFIED.,.F.,.F.,(4,1,1,1,1,1,1,4),(97.3893722612835,
98.185354066946,99.1842510712409,100.183148075536,101.182045079831,102.180942084125,
103.17983908842,103.672557568463),.UNSPECIFIED.);
#342=B_SPLINE_CURVE_WITH_KNOTS('',3,(#3148,#3149,#3150,#3151,#3152,#3153,
#3154,#3155,#3156,#3157),.UNSPECIFIED.,.F.,.F.,(4,1,1,1,1,1,1,4),(91.106186954104,
91.5269745713408,92.5258715756356,93.5247685799304,94.5236655842252,95.5225625885201,
96.5214595928149,97.3893722612835),.UNSPECIFIED.);
#343=B_SPLINE_CURVE_WITH_KNOTS('',3,(#3158,#3159,#3160,#3161,#3162,#3163,
#3164,#3165,#3166,#3167,#3168),.UNSPECIFIED.,.F.,.F.,(4,1,1,1,1,1,1,1,4),
(91.106186954104,91.1930750368823,92.1919720411771,93.1908690454719,94.1897660497667,
95.1886630540616,96.1875600583564,97.1864570626512,97.3893722612835),
 .UNSPECIFIED.);
#344=B_SPLINE_CURVE_WITH_KNOTS('',3,(#3173,#3174,#3175,#3176,#3177,#3178,
#3179,#3180,#3181,#3182),.UNSPECIFIED.,.F.,.F.,(4,1,1,1,1,1,1,4),(84.8230016469244,
85.5335925455718,86.5324895498666,87.5313865541615,88.5302835584563,89.5291805627511,
90.5280775670459,91.106186954104),.UNSPECIFIED.);
#345=B_SPLINE_CURVE_WITH_KNOTS('',3,(#3183,#3184,#3185,#3186,#3187,#3188,
#3189,#3190,#3191,#3192),.UNSPECIFIED.,.F.,.F.,(4,1,1,1,1,1,1,4),(84.8230016469244,
85.1996930111133,86.1985900154081,87.1974870197029,88.1963840239978,89.1952810282926,
90.1941780325874,91.106186954104),.UNSPECIFIED.);
#346=B_SPLINE_CURVE_WITH_KNOTS('',3,(#3197,#3198,#3199,#3200,#3201,#3202,
#3203,#3204,#3205,#3206,#3207),.UNSPECIFIED.,.F.,.F.,(4,1,1,1,1,1,1,1,4),
(78.5398163397448,78.541313515508,79.5402105198028,80.5391075240977,81.5380045283925,
82.5369015326873,83.5357985369822,84.534695541277,84.8230016469244),
 .UNSPECIFIED.);
#347=B_SPLINE_CURVE_WITH_KNOTS('',3,(#3208,#3209,#3210,#3211,#3212,#3213,
#3214,#3215,#3216,#3217),.UNSPECIFIED.,.F.,.F.,(4,1,1,1,1,1,1,4),(78.5398163397448,
79.2063109853443,80.2052079896392,81.204104993934,82.2030019982288,83.2018990025236,
84.2007960068185,84.8230016469244),.UNSPECIFIED.);
#348=B_SPLINE_CURVE_WITH_KNOTS('',3,(#3222,#3223,#3224,#3225,#3226,#3227,
#3228,#3229,#3230,#3231),.UNSPECIFIED.,.F.,.F.,(4,1,1,1,1,1,1,4),(72.2566310325652,
72.5479314897391,73.5468284940339,74.5457254983287,75.5446225026235,76.5435195069184,
77.5424165112132,78.5398163397448),.UNSPECIFIED.);
#349=B_SPLINE_CURVE_WITH_KNOTS('',3,(#3232,#3233,#3234,#3235,#3236,#3237,
#3238,#3239,#3240,#3241),.UNSPECIFIED.,.F.,.F.,(4,1,1,1,1,1,1,4),(72.2566310325652,
73.2129289595754,74.2118259638702,75.210722968165,76.2096199724599,77.2085169767547,
78.2074139810495,78.5398163397448),.UNSPECIFIED.);
#350=B_SPLINE_CURVE_WITH_KNOTS('',3,(#3246,#3247,#3248,#3249,#3250,#3251,
#3252,#3253,#3254,#3255),.UNSPECIFIED.,.F.,.F.,(4,1,1,1,1,1,1,4),(65.9734457253856,
66.5545494639701,67.5534464682649,68.5523434725598,69.5512404768546,70.5501374811494,
71.5490344854442,72.2566310325652),.UNSPECIFIED.);
#351=B_SPLINE_CURVE_WITH_KNOTS('',3,(#3256,#3257,#3258,#3259,#3260,#3261,
#3262,#3263,#3264,#3265,#3266),.UNSPECIFIED.,.F.,.F.,(4,1,1,1,1,1,1,1,4),
(65.9734457253856,66.2206499295116,67.2195469338064,68.2184439381012,69.2173409423961,
70.2162379466909,71.2151349509857,72.2140319552805,72.2566310325652),
 .UNSPECIFIED.);
#352=B_SPLINE_CURVE_WITH_KNOTS('',3,(#3271,#3272,#3273,#3274,#3275,#3276,
#3277,#3278,#3279,#3280),.UNSPECIFIED.,.F.,.F.,(4,1,1,1,1,1,1,4),(59.690260418206,
60.5611674382011,61.560064442496,62.5589614467908,63.5578584510856,64.5567554553804,
65.5556524596753,65.9734457253856),.UNSPECIFIED.);
#353=B_SPLINE_CURVE_WITH_KNOTS('',3,(#3281,#3282,#3283,#3284,#3285,#3286,
#3287,#3288,#3289,#3290),.UNSPECIFIED.,.F.,.F.,(4,1,1,1,1,1,1,4),(59.690260418206,
60.2272679037426,61.2261649080375,62.2250619123323,63.2239589166271,64.2228559209219,
65.2217529252168,65.9734457253856),.UNSPECIFIED.);
#354=B_SPLINE_CURVE_WITH_KNOTS('',3,(#3295,#3296,#3297,#3298,#3299,#3300,
#3301,#3302,#3303,#3304,#3305),.UNSPECIFIED.,.F.,.F.,(4,1,1,1,1,1,1,1,4),
(53.4070751110264,53.5688884081374,54.5677854124322,55.566682416727,56.5655794210218,
57.5644764253167,58.5633734296115,59.5622704339063,59.690260418206),
 .UNSPECIFIED.);
#355=B_SPLINE_CURVE_WITH_KNOTS('',3,(#3306,#3307,#3308,#3309,#3310,#3311,
#3312,#3313,#3314,#3315),.UNSPECIFIED.,.F.,.F.,(4,1,1,1,1,1,1,4),(53.4070751110264,
54.2338858779737,55.2327828822685,56.2316798865633,57.2305768908582,58.229473895153,
59.2283708994478,59.690260418206),.UNSPECIFIED.);
#356=B_SPLINE_CURVE_WITH_KNOTS('',3,(#3320,#3321,#3322,#3323,#3324,#3325,
#3326,#3327,#3328,#3329),.UNSPECIFIED.,.F.,.F.,(4,1,1,1,1,1,1,4),(47.1238898038468,
47.5755063823684,48.5744033866632,49.5733003909581,50.5721973952529,51.5710943995477,
52.5699914038425,53.4070751110264),.UNSPECIFIED.);
#357=B_SPLINE_CURVE_WITH_KNOTS('',3,(#3330,#3331,#3332,#3333,#3334,#3335,
#3336,#3337,#3338,#3339,#3340),.UNSPECIFIED.,.F.,.F.,(4,1,1,1,1,1,1,1,4),
(47.1238898038468,47.2416068479099,48.2405038522047,49.2394008564995,50.2382978607944,
51.2371948650892,52.236091869384,53.2349888736789,53.4070751110264),
 .UNSPECIFIED.);
#358=B_SPLINE_CURVE_WITH_KNOTS('',3,(#3345,#3346,#3347,#3348,#3349,#3350,
#3351,#3352,#3353,#3354),.UNSPECIFIED.,.F.,.F.,(4,1,1,1,1,1,1,4),(40.8407044966672,
41.5821243565994,42.5810213608943,43.5799183651891,44.5788153694839,45.5777123737787,
46.5766093780736,47.1238898038468),.UNSPECIFIED.);
#359=B_SPLINE_CURVE_WITH_KNOTS('',3,(#3355,#3356,#3357,#3358,#3359,#3360,
#3361,#3362,#3363,#3364),.UNSPECIFIED.,.F.,.F.,(4,1,1,1,1,1,1,4),(40.8407044966672,
41.2482248221409,42.2471218264358,43.2460188307306,44.2449158350254,45.2438128393202,
46.2427098436151,47.1238898038468),.UNSPECIFIED.);
#360=B_SPLINE_CURVE_WITH_KNOTS('',3,(#3369,#3370,#3371,#3372,#3373,#3374,
#3375,#3376,#3377,#3378,#3379),.UNSPECIFIED.,.F.,.F.,(4,1,1,1,1,1,1,1,4),
(34.5575191894876,34.5898453265357,35.5887423308305,36.5876393351253,37.5865363394201,
38.585433343715,39.5843303480098,40.5832273523046,40.8407044966672),
 .UNSPECIFIED.);
#361=B_SPLINE_CURVE_WITH_KNOTS('',3,(#3380,#3381,#3382,#3383,#3384,#3385,
#3386,#3387,#3388,#3389),.UNSPECIFIED.,.F.,.F.,(4,1,1,1,1,1,1,4),(34.5575191894876,
35.254842796372,36.2537398006668,37.2526368049616,38.2515338092565,39.2504308135513,
40.2493278178461,40.8407044966672),.UNSPECIFIED.);
#362=B_SPLINE_CURVE_WITH_KNOTS('',3,(#3394,#3395,#3396,#3397,#3398,#3399,
#3400,#3401,#3402,#3403),.UNSPECIFIED.,.F.,.F.,(4,1,1,1,1,1,1,4),(28.274333882308,
28.5964633007667,29.5953603050615,30.5942573093564,31.5931543136512,32.592051317946,
33.5909483222408,34.5575191894876),.UNSPECIFIED.);
#363=B_SPLINE_CURVE_WITH_KNOTS('',3,(#3404,#3405,#3406,#3407,#3408,#3409,
#3410,#3411,#3412,#3413),.UNSPECIFIED.,.F.,.F.,(4,1,1,1,1,1,1,4),(28.274333882308,
29.261460770603,30.2603577748978,31.2592547791927,32.2581517834875,33.2570487877823,
34.2559457920771,34.5575191894876),.UNSPECIFIED.);
#364=B_SPLINE_CURVE_WITH_KNOTS('',3,(#3418,#3419,#3420,#3421,#3422,#3423,
#3424,#3425,#3426,#3427),.UNSPECIFIED.,.F.,.F.,(4,1,1,1,1,1,1,4),(21.9911485751285,
22.6030812749977,23.6019782792926,24.6008752835874,25.5997722878822,26.598669292177,
27.5975662964719,28.274333882308),.UNSPECIFIED.);
#365=B_SPLINE_CURVE_WITH_KNOTS('',3,(#3428,#3429,#3430,#3431,#3432,#3433,
#3434,#3435,#3436,#3437,#3438),.UNSPECIFIED.,.F.,.F.,(4,1,1,1,1,1,1,1,4),
(21.9911485751285,22.2691817405392,23.2680787448341,24.2669757491289,25.2658727534237,
26.2647697577185,27.2636667620134,28.2625637663082,28.274333882308),
 .UNSPECIFIED.);
#366=B_SPLINE_CURVE_WITH_KNOTS('',3,(#3443,#3444,#3445,#3446,#3447,#3448,
#3449,#3450,#3451,#3452),.UNSPECIFIED.,.F.,.F.,(4,1,1,1,1,1,1,4),(15.7079632679489,
16.6096992492288,17.6085962535236,18.6074932578184,19.6063902621133,20.6052872664081,
21.6041842707029,21.9911485751285),.UNSPECIFIED.);
#367=B_SPLINE_CURVE_WITH_KNOTS('',3,(#3453,#3454,#3455,#3456,#3457,#3458,
#3459,#3460,#3461,#3462),.UNSPECIFIED.,.F.,.F.,(4,1,1,1,1,1,1,4),(15.7079632679489,
16.2757997147703,17.2746967190651,18.2735937233599,19.2724907276547,20.2713877319496,
21.2702847362444,21.9911485751285),.UNSPECIFIED.);
#368=B_SPLINE_CURVE_WITH_KNOTS('',3,(#3473,#3474,#3475,#3476,#3477,#3478,
#3479,#3480,#3481,#3482,#3483,#3484,#3485,#3486,#3487,#3488,#3489,#3490,
#3491,#3492,#3493,#3494,#3495,#3496,#3497,#3498,#3499,#3500,#3501,#3502,
#3503,#3504,#3505,#3506,#3507,#3508,#3509,#3510,#3511,#3512,#3513,#3514,
#3515,#3516,#3517,#3518,#3519,#3520,#3521,#3522,#3523,#3524,#3525,#3526,
#3527,#3528,#3529,#3530,#3531,#3532,#3533,#3534,#3535,#3536,#3537,#3538,
#3539,#3540,#3541,#3542,#3543,#3544,#3545,#3546,#3547,#3548,#3549,#3550,
#3551,#3552,#3553,#3554,#3555,#3556,#3557,#3558,#3559,#3560),
 .UNSPECIFIED.,.F.,.F.,(4,3,3,3,3,3,3,3,3,3,3,3,3,3,3,3,3,3,3,3,3,3,3,3,
3,3,3,3,3,4),(0.,0.0251579360447389,0.0522677153981517,0.0800630850930792,
0.0939131374103843,0.104151272421647,0.108321473166604,0.136517234505076,
0.16516914086141,0.193852674445378,0.207329080410951,0.212412937339762,
0.217098564576632,0.246215974584138,0.274904960378686,0.301663922169962,
0.320327054929391,0.325406588624532,0.35354784838573,0.383266857207957,
0.409270989927405,0.433366618899833,0.43844206585975,0.468188218239658,
0.498966143420628,0.50932817589783,0.51583354953681,0.545893296052221,0.575362710292286,
0.591299918963541),.UNSPECIFIED.);
#369=B_SPLINE_CURVE_WITH_KNOTS('',3,(#3562,#3563,#3564,#3565,#3566,#3567,
#3568,#3569,#3570,#3571,#3572,#3573,#3574,#3575,#3576,#3577,#3578,#3579,
#3580,#3581,#3582,#3583,#3584,#3585,#3586,#3587,#3588,#3589,#3590,#3591,
#3592,#3593,#3594,#3595,#3596,#3597,#3598,#3599,#3600,#3601,#3602,#3603,
#3604,#3605,#3606,#3607,#3608,#3609,#3610,#3611,#3612,#3613,#3614,#3615,
#3616,#3617,#3618,#3619,#3620,#3621,#3622,#3623,#3624,#3625,#3626,#3627,
#3628,#3629,#3630,#3631,#3632,#3633,#3634,#3635,#3636,#3637,#3638,#3639,
#3640,#3641,#3642,#3643,#3644,#3645,#3646,#3647,#3648,#3649,#3650,#3651,
#3652),.UNSPECIFIED.,.F.,.F.,(4,3,3,3,3,3,3,3,3,3,3,3,3,3,3,3,3,3,3,3,3,
3,3,3,3,3,3,3,3,3,4),(0.,0.0277389264689203,0.057217378284748,0.0872586341613902,
0.101622982211365,0.113919132526701,0.11808356925664,0.147716990035004,
0.177463424503484,0.206852439439781,0.220631909879931,0.226247728446058,
0.230074764718064,0.259226984551259,0.288157593756122,0.317088202960986,
0.334305745391487,0.340775785679909,0.368895742444959,0.397792006405569,
0.424381868824137,0.437114473097695,0.443998865379952,0.449502851938905,
0.478048570815718,0.50667864857404,0.515126210862572,0.520579308107483,
0.548514982957995,0.575673254694018,0.592568881849007),.UNSPECIFIED.);
#370=B_SPLINE_CURVE_WITH_KNOTS('',3,(#3679,#3680,#3681,#3682),
 .UNSPECIFIED.,.F.,.F.,(4,4),(0.,0.00209935442173626),.UNSPECIFIED.);
#371=B_SPLINE_CURVE_WITH_KNOTS('',3,(#3683,#3684,#3685,#3686),
 .UNSPECIFIED.,.F.,.F.,(4,4),(0.590465695450945,0.592568881848986),
 .UNSPECIFIED.);
#372=B_SPLINE_CURVE_WITH_KNOTS('',3,(#4212,#4213,#4214,#4215,#4216,#4217,
#4218,#4219,#4220,#4221,#4222,#4223,#4224,#4225,#4226,#4227,#4228,#4229,
#4230,#4231,#4232,#4233,#4234,#4235,#4236,#4237,#4238,#4239,#4240,#4241,
#4242,#4243,#4244,#4245,#4246,#4247,#4248,#4249,#4250,#4251,#4252,#4253,
#4254,#4255,#4256,#4257,#4258,#4259,#4260,#4261,#4262,#4263,#4264,#4265,
#4266,#4267,#4268,#4269,#4270,#4271,#4272,#4273,#4274,#4275,#4276,#4277,
#4278,#4279,#4280,#4281,#4282,#4283,#4284,#4285,#4286,#4287,#4288,#4289,
#4290,#4291,#4292,#4293,#4294,#4295,#4296,#4297,#4298,#4299,#4300,#4301,
#4302),.UNSPECIFIED.,.F.,.F.,(4,3,3,3,3,3,3,3,3,3,3,3,3,3,3,3,3,3,3,3,3,
3,3,3,3,3,3,3,3,3,4),(0.,0.0277389264689104,0.0572173758273576,0.0872586314536815,
0.101622979672887,0.113919134035495,0.118083571256715,0.147716991873593,
0.177463425925674,0.206852438010689,0.220631908629474,0.226247720437935,
0.230074754491641,0.259226972764019,0.288157587862493,0.317088202960966,
0.33417429624159,0.338436664183642,0.366486831237001,0.395365404870144,
0.424222916918634,0.436440102580559,0.445748536116625,0.450711261157654,
0.479254605319655,0.507057377852478,0.515508475204965,0.520702326458591,
0.548645764560277,0.575832823300273,0.590465695450945),.UNSPECIFIED.);
#373=B_SPLINE_CURVE_WITH_KNOTS('',3,(#4303,#4304,#4305,#4306,#4307,#4308,
#4309,#4310,#4311,#4312,#4313,#4314,#4315,#4316,#4317,#4318,#4319,#4320,
#4321),.UNSPECIFIED.,.F.,.F.,(4,3,3,3,3,3,4),(120.52067511677,120.866537519674,
121.865434523969,122.864331528264,123.863228532558,124.862125536853,125.767505882776),
 .UNSPECIFIED.);
#374=B_SPLINE_CURVE_WITH_KNOTS('',3,(#4322,#4323,#4324,#4325,#4326,#4327,
#4328,#4329,#4330),.UNSPECIFIED.,.F.,.F.,(4,1,1,1,1,1,4),(10.3759343473737,
11.2813146932961,12.280211697591,13.2791087018858,14.2780057061806,15.2769027104754,
15.7079632679489),.UNSPECIFIED.);
#375=B_SPLINE_CURVE_WITH_KNOTS('',3,(#4332,#4333,#4334,#4335,#4336,#4337,
#4338,#4339),.UNSPECIFIED.,.F.,.F.,(4,1,1,1,1,4),(11.6152142277546,12.6141112320495,
13.6130082363443,14.6119052406391,15.610802244934,15.7079632679489),
 .UNSPECIFIED.);
#376=B_SPLINE_CURVE_WITH_KNOTS('',3,(#4865,#4866,#4867,#4868,#4869,#4870,
#4871,#4872,#4873,#4874,#4875,#4876,#4877,#4878,#4879,#4880),
 .UNSPECIFIED.,.F.,.F.,(4,3,3,3,3,4),(-127.858816549738,-126.859919545443,
-125.861022541148,-124.862125536853,-123.863228532559,-123.473269876606),
 .UNSPECIFIED.);
#377=B_SPLINE_CURVE_WITH_KNOTS('',3,(#4881,#4882,#4883,#4884,#4885,#4886,
#4887,#4888,#4889,#4890,#4891,#4892,#4893,#4894,#4895,#4896,#4897,#4898,
#4899,#4900,#4901,#4902,#4903,#4904,#4905,#4906,#4907,#4908,#4909,#4910,
#4911,#4912,#4913,#4914,#4915,#4916,#4917,#4918,#4919,#4920,#4921,#4922,
#4923,#4924,#4925,#4926,#4927,#4928,#4929,#4930,#4931,#4932,#4933,#4934,
#4935,#4936,#4937,#4938,#4939,#4940,#4941,#4942,#4943,#4944,#4945,#4946,
#4947,#4948,#4949,#4950,#4951,#4952,#4953,#4954,#4955,#4956,#4957,#4958,
#4959,#4960,#4961,#4962,#4963,#4964,#4965,#4966,#4967,#4968),
 .UNSPECIFIED.,.F.,.F.,(4,3,3,3,3,3,3,3,3,3,3,3,3,3,3,3,3,3,3,3,3,3,3,3,
3,3,3,3,3,4),(0.00209935442173626,0.0251579556208109,0.0522677400012973,
0.0800631117083757,0.0939131623622241,0.104150433157505,0.108320682040636,
0.136516428827037,0.165168328111884,0.193851867665292,0.207328374478374,
0.212415295491801,0.21709910951858,0.246216520003333,0.274905501366509,
0.30166392216995,0.320327053313396,0.325406588159928,0.353547851510849,
0.383266859942433,0.409270992320069,0.433366625071348,0.438442066453207,
0.468188221282698,0.498966145702903,0.509328182413142,0.515833551234349,
0.545893295533103,0.575362701166325,0.591299918963519),.UNSPECIFIED.);
#378=LINE('',#2019,#488);
#379=LINE('',#2043,#489);
#380=LINE('',#2091,#490);
#381=LINE('',#2139,#491);
#382=LINE('',#2190,#492);
#383=LINE('',#2241,#493);
#384=LINE('',#2289,#494);
#385=LINE('',#2337,#495);
#386=LINE('',#2391,#496);
#387=LINE('',#2439,#497);
#388=LINE('',#2487,#498);
#389=LINE('',#2538,#499);
#390=LINE('',#2586,#500);
#391=LINE('',#2634,#501);
#392=LINE('',#2682,#502);
#393=LINE('',#2736,#503);
#394=LINE('',#2784,#504);
#395=LINE('',#2832,#505);
#396=LINE('',#2886,#506);
#397=LINE('',#2934,#507);
#398=LINE('',#2982,#508);
#399=LINE('',#3000,#509);
#400=LINE('',#3024,#510);
#401=LINE('',#3048,#511);
#402=LINE('',#3073,#512);
#403=LINE('',#3098,#513);
#404=LINE('',#3122,#514);
#405=LINE('',#3147,#515);
#406=LINE('',#3172,#516);
#407=LINE('',#3196,#517);
#408=LINE('',#3221,#518);
#409=LINE('',#3245,#519);
#410=LINE('',#3270,#520);
#411=LINE('',#3294,#521);
#412=LINE('',#3319,#522);
#413=LINE('',#3344,#523);
#414=LINE('',#3368,#524);
#415=LINE('',#3393,#525);
#416=LINE('',#3417,#526);
#417=LINE('',#3442,#527);
#418=LINE('',#3467,#528);
#419=LINE('',#3660,#529);
#420=LINE('',#3662,#530);
#421=LINE('',#3667,#531);
#422=LINE('',#3676,#532);
#423=LINE('',#4975,#533);
#424=LINE('',#4977,#534);
#425=LINE('',#4979,#535);
#426=LINE('',#4980,#536);
#427=LINE('',#4983,#537);
#428=LINE('',#4985,#538);
#429=LINE('',#4986,#539);
#430=LINE('',#4989,#540);
#431=LINE('',#4991,#541);
#432=LINE('',#4992,#542);
#433=LINE('',#4994,#543);
#434=LINE('',#4995,#544);
#435=LINE('',#5000,#545);
#436=LINE('',#5002,#546);
#437=LINE('',#5004,#547);
#438=LINE('',#5005,#548);
#439=LINE('',#5008,#549);
#440=LINE('',#5010,#550);
#441=LINE('',#5011,#551);
#442=LINE('',#5014,#552);
#443=LINE('',#5016,#553);
#444=LINE('',#5017,#554);
#445=LINE('',#5019,#555);
#446=LINE('',#5020,#556);
#447=LINE('',#5025,#557);
#448=LINE('',#5027,#558);
#449=LINE('',#5029,#559);
#450=LINE('',#5030,#560);
#451=LINE('',#5033,#561);
#452=LINE('',#5035,#562);
#453=LINE('',#5036,#563);
#454=LINE('',#5039,#564);
#455=LINE('',#5041,#565);
#456=LINE('',#5042,#566);
#457=LINE('',#5044,#567);
#458=LINE('',#5045,#568);
#459=LINE('',#5050,#569);
#460=LINE('',#5052,#570);
#461=LINE('',#5054,#571);
#462=LINE('',#5055,#572);
#463=LINE('',#5058,#573);
#464=LINE('',#5060,#574);
#465=LINE('',#5061,#575);
#466=LINE('',#5064,#576);
#467=LINE('',#5066,#577);
#468=LINE('',#5067,#578);
#469=LINE('',#5069,#579);
#470=LINE('',#5070,#580);
#471=LINE('',#5076,#581);
#472=LINE('',#5081,#582);
#473=LINE('',#5083,#583);
#474=LINE('',#5085,#584);
#475=LINE('',#5086,#585);
#476=LINE('',#5089,#586);
#477=LINE('',#5091,#587);
#478=LINE('',#5092,#588);
#479=LINE('',#5095,#589);
#480=LINE('',#5096,#590);
#481=LINE('',#5099,#591);
#482=LINE('',#5100,#592);
#483=LINE('',#5102,#593);
#484=LINE('',#5110,#594);
#485=LINE('',#5122,#595);
#486=LINE('',#5125,#596);
#487=LINE('',#5130,#597);
#488=VECTOR('',#1685,3.);
#489=VECTOR('',#1690,3.);
#490=VECTOR('',#1693,3.);
#491=VECTOR('',#1696,3.);
#492=VECTOR('',#1699,3.);
#493=VECTOR('',#1702,3.);
#494=VECTOR('',#1705,3.);
#495=VECTOR('',#1708,3.);
#496=VECTOR('',#1711,3.);
#497=VECTOR('',#1714,3.);
#498=VECTOR('',#1717,3.);
#499=VECTOR('',#1720,3.);
#500=VECTOR('',#1723,3.);
#501=VECTOR('',#1726,3.);
#502=VECTOR('',#1729,3.);
#503=VECTOR('',#1732,3.);
#504=VECTOR('',#1735,3.);
#505=VECTOR('',#1738,3.);
#506=VECTOR('',#1741,3.);
#507=VECTOR('',#1744,3.);
#508=VECTOR('',#1747,2.67525);
#509=VECTOR('',#1752,2.67525);
#510=VECTOR('',#1755,2.67525);
#511=VECTOR('',#1758,2.67525);
#512=VECTOR('',#1761,2.67525);
#513=VECTOR('',#1764,2.67525);
#514=VECTOR('',#1767,2.67525);
#515=VECTOR('',#1770,2.67525);
#516=VECTOR('',#1773,2.67525);
#517=VECTOR('',#1776,2.67525);
#518=VECTOR('',#1779,2.67525);
#519=VECTOR('',#1782,2.67525);
#520=VECTOR('',#1785,2.67525);
#521=VECTOR('',#1788,2.67525);
#522=VECTOR('',#1791,2.67525);
#523=VECTOR('',#1794,2.67525);
#524=VECTOR('',#1797,2.67525);
#525=VECTOR('',#1800,2.67525);
#526=VECTOR('',#1803,2.67525);
#527=VECTOR('',#1806,2.67525);
#528=VECTOR('',#1811,2.);
#529=VECTOR('',#1828,2.42906355152802);
#530=VECTOR('',#1831,2.71453177576401);
#531=VECTOR('',#1836,2.55975281553894);
#532=VECTOR('',#1847,2.44317587589484);
#533=VECTOR('',#1862,10.);
#534=VECTOR('',#1863,10.);
#535=VECTOR('',#1864,10.);
#536=VECTOR('',#1865,10.);
#537=VECTOR('',#1868,10.);
#538=VECTOR('',#1869,10.);
#539=VECTOR('',#1870,10.);
#540=VECTOR('',#1873,10.);
#541=VECTOR('',#1874,10.);
#542=VECTOR('',#1875,10.);
#543=VECTOR('',#1878,10.);
#544=VECTOR('',#1879,10.);
#545=VECTOR('',#1884,10.);
#546=VECTOR('',#1885,10.);
#547=VECTOR('',#1886,10.);
#548=VECTOR('',#1887,10.);
#549=VECTOR('',#1890,10.);
#550=VECTOR('',#1891,10.);
#551=VECTOR('',#1892,10.);
#552=VECTOR('',#1895,10.);
#553=VECTOR('',#1896,10.);
#554=VECTOR('',#1897,10.);
#555=VECTOR('',#1900,10.);
#556=VECTOR('',#1901,10.);
#557=VECTOR('',#1906,10.);
#558=VECTOR('',#1907,10.);
#559=VECTOR('',#1908,10.);
#560=VECTOR('',#1909,10.);
#561=VECTOR('',#1912,10.);
#562=VECTOR('',#1913,10.);
#563=VECTOR('',#1914,10.);
#564=VECTOR('',#1917,10.);
#565=VECTOR('',#1918,10.);
#566=VECTOR('',#1919,10.);
#567=VECTOR('',#1922,10.);
#568=VECTOR('',#1923,10.);
#569=VECTOR('',#1928,10.);
#570=VECTOR('',#1929,10.);
#571=VECTOR('',#1930,10.);
#572=VECTOR('',#1931,10.);
#573=VECTOR('',#1934,10.);
#574=VECTOR('',#1935,10.);
#575=VECTOR('',#1936,10.);
#576=VECTOR('',#1939,10.);
#577=VECTOR('',#1940,10.);
#578=VECTOR('',#1941,10.);
#579=VECTOR('',#1944,10.);
#580=VECTOR('',#1945,10.);
#581=VECTOR('',#1952,2.);
#582=VECTOR('',#1957,10.);
#583=VECTOR('',#1958,10.);
#584=VECTOR('',#1959,10.);
#585=VECTOR('',#1960,10.);
#586=VECTOR('',#1963,10.);
#587=VECTOR('',#1964,10.);
#588=VECTOR('',#1965,10.);
#589=VECTOR('',#1968,10.);
#590=VECTOR('',#1969,10.);
#591=VECTOR('',#1972,10.);
#592=VECTOR('',#1973,10.);
#593=VECTOR('',#1976,10.);
#594=VECTOR('',#1987,0.45);
#595=VECTOR('',#2002,0.525);
#596=VECTOR('',#2007,0.45);
#597=VECTOR('',#2014,2.);
#598=VERTEX_POINT('',#2017);
#599=VERTEX_POINT('',#2018);
#600=VERTEX_POINT('',#2020);
#601=VERTEX_POINT('',#2031);
#602=VERTEX_POINT('',#2041);
#603=VERTEX_POINT('',#2042);
#604=VERTEX_POINT('',#2089);
#605=VERTEX_POINT('',#2090);
#606=VERTEX_POINT('',#2137);
#607=VERTEX_POINT('',#2138);
#608=VERTEX_POINT('',#2188);
#609=VERTEX_POINT('',#2189);
#610=VERTEX_POINT('',#2239);
#611=VERTEX_POINT('',#2240);
#612=VERTEX_POINT('',#2287);
#613=VERTEX_POINT('',#2288);
#614=VERTEX_POINT('',#2335);
#615=VERTEX_POINT('',#2336);
#616=VERTEX_POINT('',#2389);
#617=VERTEX_POINT('',#2390);
#618=VERTEX_POINT('',#2437);
#619=VERTEX_POINT('',#2438);
#620=VERTEX_POINT('',#2485);
#621=VERTEX_POINT('',#2486);
#622=VERTEX_POINT('',#2536);
#623=VERTEX_POINT('',#2537);
#624=VERTEX_POINT('',#2584);
#625=VERTEX_POINT('',#2585);
#626=VERTEX_POINT('',#2632);
#627=VERTEX_POINT('',#2633);
#628=VERTEX_POINT('',#2680);
#629=VERTEX_POINT('',#2681);
#630=VERTEX_POINT('',#2734);
#631=VERTEX_POINT('',#2735);
#632=VERTEX_POINT('',#2782);
#633=VERTEX_POINT('',#2783);
#634=VERTEX_POINT('',#2830);
#635=VERTEX_POINT('',#2831);
#636=VERTEX_POINT('',#2884);
#637=VERTEX_POINT('',#2885);
#638=VERTEX_POINT('',#2932);
#639=VERTEX_POINT('',#2933);
#640=VERTEX_POINT('',#2980);
#641=VERTEX_POINT('',#2981);
#642=VERTEX_POINT('',#2983);
#643=VERTEX_POINT('',#2990);
#644=VERTEX_POINT('',#2998);
#645=VERTEX_POINT('',#2999);
#646=VERTEX_POINT('',#3022);
#647=VERTEX_POINT('',#3023);
#648=VERTEX_POINT('',#3046);
#649=VERTEX_POINT('',#3047);
#650=VERTEX_POINT('',#3071);
#651=VERTEX_POINT('',#3072);
#652=VERTEX_POINT('',#3096);
#653=VERTEX_POINT('',#3097);
#654=VERTEX_POINT('',#3120);
#655=VERTEX_POINT('',#3121);
#656=VERTEX_POINT('',#3145);
#657=VERTEX_POINT('',#3146);
#658=VERTEX_POINT('',#3170);
#659=VERTEX_POINT('',#3171);
#660=VERTEX_POINT('',#3194);
#661=VERTEX_POINT('',#3195);
#662=VERTEX_POINT('',#3219);
#663=VERTEX_POINT('',#3220);
#664=VERTEX_POINT('',#3243);
#665=VERTEX_POINT('',#3244);
#666=VERTEX_POINT('',#3268);
#667=VERTEX_POINT('',#3269);
#668=VERTEX_POINT('',#3292);
#669=VERTEX_POINT('',#3293);
#670=VERTEX_POINT('',#3317);
#671=VERTEX_POINT('',#3318);
#672=VERTEX_POINT('',#3342);
#673=VERTEX_POINT('',#3343);
#674=VERTEX_POINT('',#3366);
#675=VERTEX_POINT('',#3367);
#676=VERTEX_POINT('',#3391);
#677=VERTEX_POINT('',#3392);
#678=VERTEX_POINT('',#3415);
#679=VERTEX_POINT('',#3416);
#680=VERTEX_POINT('',#3440);
#681=VERTEX_POINT('',#3441);
#682=VERTEX_POINT('',#3464);
#683=VERTEX_POINT('',#3466);
#684=VERTEX_POINT('',#3470);
#685=VERTEX_POINT('',#3472);
#686=VERTEX_POINT('',#3561);
#687=VERTEX_POINT('',#3655);
#688=VERTEX_POINT('',#3658);
#689=VERTEX_POINT('',#3664);
#690=VERTEX_POINT('',#3666);
#691=VERTEX_POINT('',#3668);
#692=VERTEX_POINT('',#3670);
#693=VERTEX_POINT('',#3674);
#694=VERTEX_POINT('',#4211);
#695=VERTEX_POINT('',#4864);
#696=VERTEX_POINT('',#4973);
#697=VERTEX_POINT('',#4974);
#698=VERTEX_POINT('',#4976);
#699=VERTEX_POINT('',#4978);
#700=VERTEX_POINT('',#4982);
#701=VERTEX_POINT('',#4984);
#702=VERTEX_POINT('',#4988);
#703=VERTEX_POINT('',#4990);
#704=VERTEX_POINT('',#4998);
#705=VERTEX_POINT('',#4999);
#706=VERTEX_POINT('',#5001);
#707=VERTEX_POINT('',#5003);
#708=VERTEX_POINT('',#5007);
#709=VERTEX_POINT('',#5009);
#710=VERTEX_POINT('',#5013);
#711=VERTEX_POINT('',#5015);
#712=VERTEX_POINT('',#5023);
#713=VERTEX_POINT('',#5024);
#714=VERTEX_POINT('',#5026);
#715=VERTEX_POINT('',#5028);
#716=VERTEX_POINT('',#5032);
#717=VERTEX_POINT('',#5034);
#718=VERTEX_POINT('',#5038);
#719=VERTEX_POINT('',#5040);
#720=VERTEX_POINT('',#5048);
#721=VERTEX_POINT('',#5049);
#722=VERTEX_POINT('',#5051);
#723=VERTEX_POINT('',#5053);
#724=VERTEX_POINT('',#5057);
#725=VERTEX_POINT('',#5059);
#726=VERTEX_POINT('',#5063);
#727=VERTEX_POINT('',#5065);
#728=VERTEX_POINT('',#5073);
#729=VERTEX_POINT('',#5075);
#730=VERTEX_POINT('',#5079);
#731=VERTEX_POINT('',#5080);
#732=VERTEX_POINT('',#5082);
#733=VERTEX_POINT('',#5084);
#734=VERTEX_POINT('',#5088);
#735=VERTEX_POINT('',#5090);
#736=VERTEX_POINT('',#5094);
#737=VERTEX_POINT('',#5098);
#738=VERTEX_POINT('',#5105);
#739=VERTEX_POINT('',#5108);
#740=VERTEX_POINT('',#5113);
#741=VERTEX_POINT('',#5116);
#742=VERTEX_POINT('',#5119);
#743=VERTEX_POINT('',#5121);
#744=VERTEX_POINT('',#5127);
#745=EDGE_CURVE('',#598,#599,#378,.T.);
#746=EDGE_CURVE('',#598,#600,#288,.T.);
#747=EDGE_CURVE('',#600,#601,#265,.T.);
#748=EDGE_CURVE('',#601,#599,#289,.T.);
#749=EDGE_CURVE('',#602,#603,#379,.T.);
#750=EDGE_CURVE('',#602,#598,#290,.T.);
#751=EDGE_CURVE('',#599,#603,#291,.T.);
#752=EDGE_CURVE('',#604,#605,#380,.T.);
#753=EDGE_CURVE('',#604,#602,#292,.T.);
#754=EDGE_CURVE('',#603,#605,#293,.T.);
#755=EDGE_CURVE('',#606,#607,#381,.T.);
#756=EDGE_CURVE('',#606,#604,#294,.T.);
#757=EDGE_CURVE('',#605,#607,#295,.T.);
#758=EDGE_CURVE('',#608,#609,#382,.T.);
#759=EDGE_CURVE('',#608,#606,#296,.T.);
#760=EDGE_CURVE('',#607,#609,#297,.T.);
#761=EDGE_CURVE('',#610,#611,#383,.T.);
#762=EDGE_CURVE('',#610,#608,#298,.T.);
#763=EDGE_CURVE('',#609,#611,#299,.T.);
#764=EDGE_CURVE('',#612,#613,#384,.T.);
#765=EDGE_CURVE('',#612,#610,#300,.T.);
#766=EDGE_CURVE('',#611,#613,#301,.T.);
#767=EDGE_CURVE('',#614,#615,#385,.T.);
#768=EDGE_CURVE('',#614,#612,#302,.T.);
#769=EDGE_CURVE('',#613,#615,#303,.T.);
#770=EDGE_CURVE('',#616,#617,#386,.T.);
#771=EDGE_CURVE('',#616,#614,#304,.T.);
#772=EDGE_CURVE('',#615,#617,#305,.T.);
#773=EDGE_CURVE('',#618,#619,#387,.T.);
#774=EDGE_CURVE('',#618,#616,#306,.T.);
#775=EDGE_CURVE('',#617,#619,#307,.T.);
#776=EDGE_CURVE('',#620,#621,#388,.T.);
#777=EDGE_CURVE('',#620,#618,#308,.T.);
#778=EDGE_CURVE('',#619,#621,#309,.T.);
#779=EDGE_CURVE('',#622,#623,#389,.T.);
#780=EDGE_CURVE('',#622,#620,#310,.T.);
#781=EDGE_CURVE('',#621,#623,#311,.T.);
#782=EDGE_CURVE('',#624,#625,#390,.T.);
#783=EDGE_CURVE('',#624,#622,#312,.T.);
#784=EDGE_CURVE('',#623,#625,#313,.T.);
#785=EDGE_CURVE('',#626,#627,#391,.T.);
#786=EDGE_CURVE('',#626,#624,#314,.T.);
#787=EDGE_CURVE('',#625,#627,#315,.T.);
#788=EDGE_CURVE('',#628,#629,#392,.T.);
#789=EDGE_CURVE('',#628,#626,#316,.T.);
#790=EDGE_CURVE('',#627,#629,#317,.T.);
#791=EDGE_CURVE('',#630,#631,#393,.T.);
#792=EDGE_CURVE('',#630,#628,#318,.T.);
#793=EDGE_CURVE('',#629,#631,#319,.T.);
#794=EDGE_CURVE('',#632,#633,#394,.T.);
#795=EDGE_CURVE('',#632,#630,#320,.T.);
#796=EDGE_CURVE('',#631,#633,#321,.T.);
#797=EDGE_CURVE('',#634,#635,#395,.T.);
#798=EDGE_CURVE('',#634,#632,#322,.T.);
#799=EDGE_CURVE('',#633,#635,#323,.T.);
#800=EDGE_CURVE('',#636,#637,#396,.T.);
#801=EDGE_CURVE('',#636,#634,#324,.T.);
#802=EDGE_CURVE('',#635,#637,#325,.T.);
#803=EDGE_CURVE('',#638,#639,#397,.T.);
#804=EDGE_CURVE('',#638,#636,#326,.T.);
#805=EDGE_CURVE('',#637,#639,#327,.T.);
#806=EDGE_CURVE('',#640,#641,#398,.T.);
#807=EDGE_CURVE('',#640,#642,#328,.T.);
#808=EDGE_CURVE('',#643,#642,#266,.T.);
#809=EDGE_CURVE('',#641,#643,#329,.T.);
#810=EDGE_CURVE('',#644,#645,#399,.T.);
#811=EDGE_CURVE('',#644,#640,#330,.T.);
#812=EDGE_CURVE('',#645,#641,#331,.T.);
#813=EDGE_CURVE('',#646,#647,#400,.T.);
#814=EDGE_CURVE('',#646,#644,#332,.T.);
#815=EDGE_CURVE('',#647,#645,#333,.T.);
#816=EDGE_CURVE('',#648,#649,#401,.T.);
#817=EDGE_CURVE('',#648,#646,#334,.T.);
#818=EDGE_CURVE('',#649,#647,#335,.T.);
#819=EDGE_CURVE('',#650,#651,#402,.T.);
#820=EDGE_CURVE('',#650,#648,#336,.T.);
#821=EDGE_CURVE('',#651,#649,#337,.T.);
#822=EDGE_CURVE('',#652,#653,#403,.T.);
#823=EDGE_CURVE('',#652,#650,#338,.T.);
#824=EDGE_CURVE('',#653,#651,#339,.T.);
#825=EDGE_CURVE('',#654,#655,#404,.T.);
#826=EDGE_CURVE('',#654,#652,#340,.T.);
#827=EDGE_CURVE('',#655,#653,#341,.T.);
#828=EDGE_CURVE('',#656,#657,#405,.T.);
#829=EDGE_CURVE('',#656,#654,#342,.T.);
#830=EDGE_CURVE('',#657,#655,#343,.T.);
#831=EDGE_CURVE('',#658,#659,#406,.T.);
#832=EDGE_CURVE('',#658,#656,#344,.T.);
#833=EDGE_CURVE('',#659,#657,#345,.T.);
#834=EDGE_CURVE('',#660,#661,#407,.T.);
#835=EDGE_CURVE('',#660,#658,#346,.T.);
#836=EDGE_CURVE('',#661,#659,#347,.T.);
#837=EDGE_CURVE('',#662,#663,#408,.T.);
#838=EDGE_CURVE('',#662,#660,#348,.T.);
#839=EDGE_CURVE('',#663,#661,#349,.T.);
#840=EDGE_CURVE('',#664,#665,#409,.T.);
#841=EDGE_CURVE('',#664,#662,#350,.T.);
#842=EDGE_CURVE('',#665,#663,#351,.T.);
#843=EDGE_CURVE('',#666,#667,#410,.T.);
#844=EDGE_CURVE('',#666,#664,#352,.T.);
#845=EDGE_CURVE('',#667,#665,#353,.T.);
#846=EDGE_CURVE('',#668,#669,#411,.T.);
#847=EDGE_CURVE('',#668,#666,#354,.T.);
#848=EDGE_CURVE('',#669,#667,#355,.T.);
#849=EDGE_CURVE('',#670,#671,#412,.T.);
#850=EDGE_CURVE('',#670,#668,#356,.T.);
#851=EDGE_CURVE('',#671,#669,#357,.T.);
#852=EDGE_CURVE('',#672,#673,#413,.T.);
#853=EDGE_CURVE('',#672,#670,#358,.T.);
#854=EDGE_CURVE('',#673,#671,#359,.T.);
#855=EDGE_CURVE('',#674,#675,#414,.T.);
#856=EDGE_CURVE('',#674,#672,#360,.T.);
#857=EDGE_CURVE('',#675,#673,#361,.T.);
#858=EDGE_CURVE('',#676,#677,#415,.T.);
#859=EDGE_CURVE('',#676,#674,#362,.T.);
#860=EDGE_CURVE('',#677,#675,#363,.T.);
#861=EDGE_CURVE('',#678,#679,#416,.T.);
#862=EDGE_CURVE('',#678,#676,#364,.T.);
#863=EDGE_CURVE('',#679,#677,#365,.T.);
#864=EDGE_CURVE('',#680,#681,#417,.T.);
#865=EDGE_CURVE('',#680,#678,#366,.T.);
#866=EDGE_CURVE('',#681,#679,#367,.T.);
#867=EDGE_CURVE('',#682,#682,#267,.T.);
#868=EDGE_CURVE('',#682,#683,#418,.T.);
#869=EDGE_CURVE('',#683,#683,#268,.T.);
#870=EDGE_CURVE('',#684,#684,#269,.T.);
#871=EDGE_CURVE('',#685,#601,#368,.T.);
#872=EDGE_CURVE('',#600,#686,#369,.T.);
#873=EDGE_CURVE('',#686,#685,#270,.T.);
#874=EDGE_CURVE('',#687,#687,#271,.T.);
#875=EDGE_CURVE('',#688,#688,#272,.T.);
#876=EDGE_CURVE('',#688,#687,#419,.T.);
#877=EDGE_CURVE('',#684,#688,#420,.T.);
#878=EDGE_CURVE('',#689,#689,#273,.T.);
#879=EDGE_CURVE('',#689,#690,#421,.T.);
#880=EDGE_CURVE('',#691,#690,#274,.T.);
#881=EDGE_CURVE('',#691,#692,#275,.T.);
#882=EDGE_CURVE('',#690,#692,#276,.T.);
#883=EDGE_CURVE('',#693,#693,#277,.T.);
#884=EDGE_CURVE('',#693,#689,#422,.T.);
#885=EDGE_CURVE('',#642,#692,#370,.T.);
#886=EDGE_CURVE('',#691,#643,#371,.T.);
#887=EDGE_CURVE('',#694,#691,#372,.T.);
#888=EDGE_CURVE('',#639,#694,#373,.T.);
#889=EDGE_CURVE('',#685,#681,#374,.T.);
#890=EDGE_CURVE('',#686,#680,#375,.T.);
#891=EDGE_CURVE('',#695,#638,#376,.T.);
#892=EDGE_CURVE('',#692,#695,#377,.T.);
#893=EDGE_CURVE('',#695,#694,#278,.F.);
#894=EDGE_CURVE('',#696,#697,#423,.T.);
#895=EDGE_CURVE('',#696,#698,#424,.T.);
#896=EDGE_CURVE('',#699,#698,#425,.T.);
#897=EDGE_CURVE('',#697,#699,#426,.T.);
#898=EDGE_CURVE('',#697,#700,#427,.T.);
#899=EDGE_CURVE('',#701,#699,#428,.T.);
#900=EDGE_CURVE('',#700,#701,#429,.T.);
#901=EDGE_CURVE('',#700,#702,#430,.T.);
#902=EDGE_CURVE('',#703,#701,#431,.T.);
#903=EDGE_CURVE('',#702,#703,#432,.T.);
#904=EDGE_CURVE('',#702,#696,#433,.T.);
#905=EDGE_CURVE('',#698,#703,#434,.T.);
#906=EDGE_CURVE('',#704,#705,#435,.T.);
#907=EDGE_CURVE('',#704,#706,#436,.T.);
#908=EDGE_CURVE('',#707,#706,#437,.T.);
#909=EDGE_CURVE('',#705,#707,#438,.T.);
#910=EDGE_CURVE('',#705,#708,#439,.T.);
#911=EDGE_CURVE('',#709,#707,#440,.T.);
#912=EDGE_CURVE('',#708,#709,#441,.T.);
#913=EDGE_CURVE('',#708,#710,#442,.T.);
#914=EDGE_CURVE('',#711,#709,#443,.T.);
#915=EDGE_CURVE('',#710,#711,#444,.T.);
#916=EDGE_CURVE('',#710,#704,#445,.T.);
#917=EDGE_CURVE('',#706,#711,#446,.T.);
#918=EDGE_CURVE('',#712,#713,#447,.T.);
#919=EDGE_CURVE('',#712,#714,#448,.T.);
#920=EDGE_CURVE('',#715,#714,#449,.T.);
#921=EDGE_CURVE('',#713,#715,#450,.T.);
#922=EDGE_CURVE('',#713,#716,#451,.T.);
#923=EDGE_CURVE('',#717,#715,#452,.T.);
#924=EDGE_CURVE('',#716,#717,#453,.T.);
#925=EDGE_CURVE('',#716,#718,#454,.T.);
#926=EDGE_CURVE('',#719,#717,#455,.T.);
#927=EDGE_CURVE('',#718,#719,#456,.T.);
#928=EDGE_CURVE('',#718,#712,#457,.T.);
#929=EDGE_CURVE('',#714,#719,#458,.T.);
#930=EDGE_CURVE('',#720,#721,#459,.T.);
#931=EDGE_CURVE('',#720,#722,#460,.T.);
#932=EDGE_CURVE('',#723,#722,#461,.T.);
#933=EDGE_CURVE('',#721,#723,#462,.T.);
#934=EDGE_CURVE('',#721,#724,#463,.T.);
#935=EDGE_CURVE('',#725,#723,#464,.T.);
#936=EDGE_CURVE('',#724,#725,#465,.T.);
#937=EDGE_CURVE('',#724,#726,#466,.T.);
#938=EDGE_CURVE('',#727,#725,#467,.T.);
#939=EDGE_CURVE('',#726,#727,#468,.T.);
#940=EDGE_CURVE('',#726,#720,#469,.T.);
#941=EDGE_CURVE('',#722,#727,#470,.T.);
#942=EDGE_CURVE('',#728,#728,#279,.T.);
#943=EDGE_CURVE('',#728,#729,#471,.T.);
#944=EDGE_CURVE('',#729,#729,#280,.T.);
#945=EDGE_CURVE('',#730,#731,#472,.T.);
#946=EDGE_CURVE('',#730,#732,#473,.T.);
#947=EDGE_CURVE('',#732,#733,#474,.T.);
#948=EDGE_CURVE('',#733,#731,#475,.T.);
#949=EDGE_CURVE('',#734,#730,#476,.T.);
#950=EDGE_CURVE('',#734,#735,#477,.T.);
#951=EDGE_CURVE('',#735,#732,#478,.T.);
#952=EDGE_CURVE('',#736,#731,#479,.T.);
#953=EDGE_CURVE('',#734,#736,#480,.T.);
#954=EDGE_CURVE('',#737,#736,#481,.T.);
#955=EDGE_CURVE('',#735,#737,#482,.T.);
#956=EDGE_CURVE('',#737,#733,#483,.T.);
#957=EDGE_CURVE('',#738,#738,#281,.T.);
#958=EDGE_CURVE('',#739,#739,#282,.T.);
#959=EDGE_CURVE('',#739,#738,#484,.T.);
#960=EDGE_CURVE('',#740,#740,#283,.T.);
#961=EDGE_CURVE('',#741,#741,#284,.T.);
#962=EDGE_CURVE('',#742,#742,#285,.T.);
#963=EDGE_CURVE('',#742,#743,#485,.T.);
#964=EDGE_CURVE('',#743,#743,#286,.T.);
#965=EDGE_CURVE('',#743,#740,#486,.T.);
#966=EDGE_CURVE('',#744,#744,#287,.T.);
#967=EDGE_CURVE('',#744,#741,#487,.T.);
#968=ORIENTED_EDGE('',*,*,#745,.F.);
#969=ORIENTED_EDGE('',*,*,#746,.T.);
#970=ORIENTED_EDGE('',*,*,#747,.T.);
#971=ORIENTED_EDGE('',*,*,#748,.T.);
#972=ORIENTED_EDGE('',*,*,#749,.F.);
#973=ORIENTED_EDGE('',*,*,#750,.T.);
#974=ORIENTED_EDGE('',*,*,#745,.T.);
#975=ORIENTED_EDGE('',*,*,#751,.T.);
#976=ORIENTED_EDGE('',*,*,#752,.F.);
#977=ORIENTED_EDGE('',*,*,#753,.T.);
#978=ORIENTED_EDGE('',*,*,#749,.T.);
#979=ORIENTED_EDGE('',*,*,#754,.T.);
#980=ORIENTED_EDGE('',*,*,#755,.F.);
#981=ORIENTED_EDGE('',*,*,#756,.T.);
#982=ORIENTED_EDGE('',*,*,#752,.T.);
#983=ORIENTED_EDGE('',*,*,#757,.T.);
#984=ORIENTED_EDGE('',*,*,#758,.F.);
#985=ORIENTED_EDGE('',*,*,#759,.T.);
#986=ORIENTED_EDGE('',*,*,#755,.T.);
#987=ORIENTED_EDGE('',*,*,#760,.T.);
#988=ORIENTED_EDGE('',*,*,#761,.F.);
#989=ORIENTED_EDGE('',*,*,#762,.T.);
#990=ORIENTED_EDGE('',*,*,#758,.T.);
#991=ORIENTED_EDGE('',*,*,#763,.T.);
#992=ORIENTED_EDGE('',*,*,#764,.F.);
#993=ORIENTED_EDGE('',*,*,#765,.T.);
#994=ORIENTED_EDGE('',*,*,#761,.T.);
#995=ORIENTED_EDGE('',*,*,#766,.T.);
#996=ORIENTED_EDGE('',*,*,#767,.F.);
#997=ORIENTED_EDGE('',*,*,#768,.T.);
#998=ORIENTED_EDGE('',*,*,#764,.T.);
#999=ORIENTED_EDGE('',*,*,#769,.T.);
#1000=ORIENTED_EDGE('',*,*,#770,.F.);
#1001=ORIENTED_EDGE('',*,*,#771,.T.);
#1002=ORIENTED_EDGE('',*,*,#767,.T.);
#1003=ORIENTED_EDGE('',*,*,#772,.T.);
#1004=ORIENTED_EDGE('',*,*,#773,.F.);
#1005=ORIENTED_EDGE('',*,*,#774,.T.);
#1006=ORIENTED_EDGE('',*,*,#770,.T.);
#1007=ORIENTED_EDGE('',*,*,#775,.T.);
#1008=ORIENTED_EDGE('',*,*,#776,.F.);
#1009=ORIENTED_EDGE('',*,*,#777,.T.);
#1010=ORIENTED_EDGE('',*,*,#773,.T.);
#1011=ORIENTED_EDGE('',*,*,#778,.T.);
#1012=ORIENTED_EDGE('',*,*,#779,.F.);
#1013=ORIENTED_EDGE('',*,*,#780,.T.);
#1014=ORIENTED_EDGE('',*,*,#776,.T.);
#1015=ORIENTED_EDGE('',*,*,#781,.T.);
#1016=ORIENTED_EDGE('',*,*,#782,.F.);
#1017=ORIENTED_EDGE('',*,*,#783,.T.);
#1018=ORIENTED_EDGE('',*,*,#779,.T.);
#1019=ORIENTED_EDGE('',*,*,#784,.T.);
#1020=ORIENTED_EDGE('',*,*,#785,.F.);
#1021=ORIENTED_EDGE('',*,*,#786,.T.);
#1022=ORIENTED_EDGE('',*,*,#782,.T.);
#1023=ORIENTED_EDGE('',*,*,#787,.T.);
#1024=ORIENTED_EDGE('',*,*,#788,.F.);
#1025=ORIENTED_EDGE('',*,*,#789,.T.);
#1026=ORIENTED_EDGE('',*,*,#785,.T.);
#1027=ORIENTED_EDGE('',*,*,#790,.T.);
#1028=ORIENTED_EDGE('',*,*,#791,.F.);
#1029=ORIENTED_EDGE('',*,*,#792,.T.);
#1030=ORIENTED_EDGE('',*,*,#788,.T.);
#1031=ORIENTED_EDGE('',*,*,#793,.T.);
#1032=ORIENTED_EDGE('',*,*,#794,.F.);
#1033=ORIENTED_EDGE('',*,*,#795,.T.);
#1034=ORIENTED_EDGE('',*,*,#791,.T.);
#1035=ORIENTED_EDGE('',*,*,#796,.T.);
#1036=ORIENTED_EDGE('',*,*,#797,.F.);
#1037=ORIENTED_EDGE('',*,*,#798,.T.);
#1038=ORIENTED_EDGE('',*,*,#794,.T.);
#1039=ORIENTED_EDGE('',*,*,#799,.T.);
#1040=ORIENTED_EDGE('',*,*,#800,.F.);
#1041=ORIENTED_EDGE('',*,*,#801,.T.);
#1042=ORIENTED_EDGE('',*,*,#797,.T.);
#1043=ORIENTED_EDGE('',*,*,#802,.T.);
#1044=ORIENTED_EDGE('',*,*,#803,.F.);
#1045=ORIENTED_EDGE('',*,*,#804,.T.);
#1046=ORIENTED_EDGE('',*,*,#800,.T.);
#1047=ORIENTED_EDGE('',*,*,#805,.T.);
#1048=ORIENTED_EDGE('',*,*,#806,.F.);
#1049=ORIENTED_EDGE('',*,*,#807,.T.);
#1050=ORIENTED_EDGE('',*,*,#808,.F.);
#1051=ORIENTED_EDGE('',*,*,#809,.F.);
#1052=ORIENTED_EDGE('',*,*,#810,.F.);
#1053=ORIENTED_EDGE('',*,*,#811,.T.);
#1054=ORIENTED_EDGE('',*,*,#806,.T.);
#1055=ORIENTED_EDGE('',*,*,#812,.F.);
#1056=ORIENTED_EDGE('',*,*,#813,.F.);
#1057=ORIENTED_EDGE('',*,*,#814,.T.);
#1058=ORIENTED_EDGE('',*,*,#810,.T.);
#1059=ORIENTED_EDGE('',*,*,#815,.F.);
#1060=ORIENTED_EDGE('',*,*,#816,.F.);
#1061=ORIENTED_EDGE('',*,*,#817,.T.);
#1062=ORIENTED_EDGE('',*,*,#813,.T.);
#1063=ORIENTED_EDGE('',*,*,#818,.F.);
#1064=ORIENTED_EDGE('',*,*,#819,.F.);
#1065=ORIENTED_EDGE('',*,*,#820,.T.);
#1066=ORIENTED_EDGE('',*,*,#816,.T.);
#1067=ORIENTED_EDGE('',*,*,#821,.F.);
#1068=ORIENTED_EDGE('',*,*,#822,.F.);
#1069=ORIENTED_EDGE('',*,*,#823,.T.);
#1070=ORIENTED_EDGE('',*,*,#819,.T.);
#1071=ORIENTED_EDGE('',*,*,#824,.F.);
#1072=ORIENTED_EDGE('',*,*,#825,.F.);
#1073=ORIENTED_EDGE('',*,*,#826,.T.);
#1074=ORIENTED_EDGE('',*,*,#822,.T.);
#1075=ORIENTED_EDGE('',*,*,#827,.F.);
#1076=ORIENTED_EDGE('',*,*,#828,.F.);
#1077=ORIENTED_EDGE('',*,*,#829,.T.);
#1078=ORIENTED_EDGE('',*,*,#825,.T.);
#1079=ORIENTED_EDGE('',*,*,#830,.F.);
#1080=ORIENTED_EDGE('',*,*,#831,.F.);
#1081=ORIENTED_EDGE('',*,*,#832,.T.);
#1082=ORIENTED_EDGE('',*,*,#828,.T.);
#1083=ORIENTED_EDGE('',*,*,#833,.F.);
#1084=ORIENTED_EDGE('',*,*,#834,.F.);
#1085=ORIENTED_EDGE('',*,*,#835,.T.);
#1086=ORIENTED_EDGE('',*,*,#831,.T.);
#1087=ORIENTED_EDGE('',*,*,#836,.F.);
#1088=ORIENTED_EDGE('',*,*,#837,.F.);
#1089=ORIENTED_EDGE('',*,*,#838,.T.);
#1090=ORIENTED_EDGE('',*,*,#834,.T.);
#1091=ORIENTED_EDGE('',*,*,#839,.F.);
#1092=ORIENTED_EDGE('',*,*,#840,.F.);
#1093=ORIENTED_EDGE('',*,*,#841,.T.);
#1094=ORIENTED_EDGE('',*,*,#837,.T.);
#1095=ORIENTED_EDGE('',*,*,#842,.F.);
#1096=ORIENTED_EDGE('',*,*,#843,.F.);
#1097=ORIENTED_EDGE('',*,*,#844,.T.);
#1098=ORIENTED_EDGE('',*,*,#840,.T.);
#1099=ORIENTED_EDGE('',*,*,#845,.F.);
#1100=ORIENTED_EDGE('',*,*,#846,.F.);
#1101=ORIENTED_EDGE('',*,*,#847,.T.);
#1102=ORIENTED_EDGE('',*,*,#843,.T.);
#1103=ORIENTED_EDGE('',*,*,#848,.F.);
#1104=ORIENTED_EDGE('',*,*,#849,.F.);
#1105=ORIENTED_EDGE('',*,*,#850,.T.);
#1106=ORIENTED_EDGE('',*,*,#846,.T.);
#1107=ORIENTED_EDGE('',*,*,#851,.F.);
#1108=ORIENTED_EDGE('',*,*,#852,.F.);
#1109=ORIENTED_EDGE('',*,*,#853,.T.);
#1110=ORIENTED_EDGE('',*,*,#849,.T.);
#1111=ORIENTED_EDGE('',*,*,#854,.F.);
#1112=ORIENTED_EDGE('',*,*,#855,.F.);
#1113=ORIENTED_EDGE('',*,*,#856,.T.);
#1114=ORIENTED_EDGE('',*,*,#852,.T.);
#1115=ORIENTED_EDGE('',*,*,#857,.F.);
#1116=ORIENTED_EDGE('',*,*,#858,.F.);
#1117=ORIENTED_EDGE('',*,*,#859,.T.);
#1118=ORIENTED_EDGE('',*,*,#855,.T.);
#1119=ORIENTED_EDGE('',*,*,#860,.F.);
#1120=ORIENTED_EDGE('',*,*,#861,.F.);
#1121=ORIENTED_EDGE('',*,*,#862,.T.);
#1122=ORIENTED_EDGE('',*,*,#858,.T.);
#1123=ORIENTED_EDGE('',*,*,#863,.F.);
#1124=ORIENTED_EDGE('',*,*,#864,.F.);
#1125=ORIENTED_EDGE('',*,*,#865,.T.);
#1126=ORIENTED_EDGE('',*,*,#861,.T.);
#1127=ORIENTED_EDGE('',*,*,#866,.F.);
#1128=ORIENTED_EDGE('',*,*,#867,.F.);
#1129=ORIENTED_EDGE('',*,*,#868,.T.);
#1130=ORIENTED_EDGE('',*,*,#869,.F.);
#1131=ORIENTED_EDGE('',*,*,#868,.F.);
#1132=ORIENTED_EDGE('',*,*,#870,.T.);
#1133=ORIENTED_EDGE('',*,*,#871,.T.);
#1134=ORIENTED_EDGE('',*,*,#747,.F.);
#1135=ORIENTED_EDGE('',*,*,#872,.T.);
#1136=ORIENTED_EDGE('',*,*,#873,.T.);
#1137=ORIENTED_EDGE('',*,*,#874,.F.);
#1138=ORIENTED_EDGE('',*,*,#869,.T.);
#1139=ORIENTED_EDGE('',*,*,#875,.F.);
#1140=ORIENTED_EDGE('',*,*,#876,.T.);
#1141=ORIENTED_EDGE('',*,*,#874,.T.);
#1142=ORIENTED_EDGE('',*,*,#876,.F.);
#1143=ORIENTED_EDGE('',*,*,#870,.F.);
#1144=ORIENTED_EDGE('',*,*,#877,.T.);
#1145=ORIENTED_EDGE('',*,*,#875,.T.);
#1146=ORIENTED_EDGE('',*,*,#877,.F.);
#1147=ORIENTED_EDGE('',*,*,#878,.F.);
#1148=ORIENTED_EDGE('',*,*,#879,.T.);
#1149=ORIENTED_EDGE('',*,*,#880,.F.);
#1150=ORIENTED_EDGE('',*,*,#881,.T.);
#1151=ORIENTED_EDGE('',*,*,#882,.F.);
#1152=ORIENTED_EDGE('',*,*,#879,.F.);
#1153=ORIENTED_EDGE('',*,*,#883,.F.);
#1154=ORIENTED_EDGE('',*,*,#884,.T.);
#1155=ORIENTED_EDGE('',*,*,#878,.T.);
#1156=ORIENTED_EDGE('',*,*,#884,.F.);
#1157=ORIENTED_EDGE('',*,*,#883,.T.);
#1158=ORIENTED_EDGE('',*,*,#867,.T.);
#1159=ORIENTED_EDGE('',*,*,#885,.T.);
#1160=ORIENTED_EDGE('',*,*,#881,.F.);
#1161=ORIENTED_EDGE('',*,*,#886,.T.);
#1162=ORIENTED_EDGE('',*,*,#808,.T.);
#1163=ORIENTED_EDGE('',*,*,#887,.F.);
#1164=ORIENTED_EDGE('',*,*,#888,.F.);
#1165=ORIENTED_EDGE('',*,*,#805,.F.);
#1166=ORIENTED_EDGE('',*,*,#802,.F.);
#1167=ORIENTED_EDGE('',*,*,#799,.F.);
#1168=ORIENTED_EDGE('',*,*,#796,.F.);
#1169=ORIENTED_EDGE('',*,*,#793,.F.);
#1170=ORIENTED_EDGE('',*,*,#790,.F.);
#1171=ORIENTED_EDGE('',*,*,#787,.F.);
#1172=ORIENTED_EDGE('',*,*,#784,.F.);
#1173=ORIENTED_EDGE('',*,*,#781,.F.);
#1174=ORIENTED_EDGE('',*,*,#778,.F.);
#1175=ORIENTED_EDGE('',*,*,#775,.F.);
#1176=ORIENTED_EDGE('',*,*,#772,.F.);
#1177=ORIENTED_EDGE('',*,*,#769,.F.);
#1178=ORIENTED_EDGE('',*,*,#766,.F.);
#1179=ORIENTED_EDGE('',*,*,#763,.F.);
#1180=ORIENTED_EDGE('',*,*,#760,.F.);
#1181=ORIENTED_EDGE('',*,*,#757,.F.);
#1182=ORIENTED_EDGE('',*,*,#754,.F.);
#1183=ORIENTED_EDGE('',*,*,#751,.F.);
#1184=ORIENTED_EDGE('',*,*,#748,.F.);
#1185=ORIENTED_EDGE('',*,*,#871,.F.);
#1186=ORIENTED_EDGE('',*,*,#889,.T.);
#1187=ORIENTED_EDGE('',*,*,#866,.T.);
#1188=ORIENTED_EDGE('',*,*,#863,.T.);
#1189=ORIENTED_EDGE('',*,*,#860,.T.);
#1190=ORIENTED_EDGE('',*,*,#857,.T.);
#1191=ORIENTED_EDGE('',*,*,#854,.T.);
#1192=ORIENTED_EDGE('',*,*,#851,.T.);
#1193=ORIENTED_EDGE('',*,*,#848,.T.);
#1194=ORIENTED_EDGE('',*,*,#845,.T.);
#1195=ORIENTED_EDGE('',*,*,#842,.T.);
#1196=ORIENTED_EDGE('',*,*,#839,.T.);
#1197=ORIENTED_EDGE('',*,*,#836,.T.);
#1198=ORIENTED_EDGE('',*,*,#833,.T.);
#1199=ORIENTED_EDGE('',*,*,#830,.T.);
#1200=ORIENTED_EDGE('',*,*,#827,.T.);
#1201=ORIENTED_EDGE('',*,*,#824,.T.);
#1202=ORIENTED_EDGE('',*,*,#821,.T.);
#1203=ORIENTED_EDGE('',*,*,#818,.T.);
#1204=ORIENTED_EDGE('',*,*,#815,.T.);
#1205=ORIENTED_EDGE('',*,*,#812,.T.);
#1206=ORIENTED_EDGE('',*,*,#809,.T.);
#1207=ORIENTED_EDGE('',*,*,#886,.F.);
#1208=ORIENTED_EDGE('',*,*,#864,.T.);
#1209=ORIENTED_EDGE('',*,*,#889,.F.);
#1210=ORIENTED_EDGE('',*,*,#873,.F.);
#1211=ORIENTED_EDGE('',*,*,#890,.T.);
#1212=ORIENTED_EDGE('',*,*,#885,.F.);
#1213=ORIENTED_EDGE('',*,*,#807,.F.);
#1214=ORIENTED_EDGE('',*,*,#811,.F.);
#1215=ORIENTED_EDGE('',*,*,#814,.F.);
#1216=ORIENTED_EDGE('',*,*,#817,.F.);
#1217=ORIENTED_EDGE('',*,*,#820,.F.);
#1218=ORIENTED_EDGE('',*,*,#823,.F.);
#1219=ORIENTED_EDGE('',*,*,#826,.F.);
#1220=ORIENTED_EDGE('',*,*,#829,.F.);
#1221=ORIENTED_EDGE('',*,*,#832,.F.);
#1222=ORIENTED_EDGE('',*,*,#835,.F.);
#1223=ORIENTED_EDGE('',*,*,#838,.F.);
#1224=ORIENTED_EDGE('',*,*,#841,.F.);
#1225=ORIENTED_EDGE('',*,*,#844,.F.);
#1226=ORIENTED_EDGE('',*,*,#847,.F.);
#1227=ORIENTED_EDGE('',*,*,#850,.F.);
#1228=ORIENTED_EDGE('',*,*,#853,.F.);
#1229=ORIENTED_EDGE('',*,*,#856,.F.);
#1230=ORIENTED_EDGE('',*,*,#859,.F.);
#1231=ORIENTED_EDGE('',*,*,#862,.F.);
#1232=ORIENTED_EDGE('',*,*,#865,.F.);
#1233=ORIENTED_EDGE('',*,*,#890,.F.);
#1234=ORIENTED_EDGE('',*,*,#872,.F.);
#1235=ORIENTED_EDGE('',*,*,#746,.F.);
#1236=ORIENTED_EDGE('',*,*,#750,.F.);
#1237=ORIENTED_EDGE('',*,*,#753,.F.);
#1238=ORIENTED_EDGE('',*,*,#756,.F.);
#1239=ORIENTED_EDGE('',*,*,#759,.F.);
#1240=ORIENTED_EDGE('',*,*,#762,.F.);
#1241=ORIENTED_EDGE('',*,*,#765,.F.);
#1242=ORIENTED_EDGE('',*,*,#768,.F.);
#1243=ORIENTED_EDGE('',*,*,#771,.F.);
#1244=ORIENTED_EDGE('',*,*,#774,.F.);
#1245=ORIENTED_EDGE('',*,*,#777,.F.);
#1246=ORIENTED_EDGE('',*,*,#780,.F.);
#1247=ORIENTED_EDGE('',*,*,#783,.F.);
#1248=ORIENTED_EDGE('',*,*,#786,.F.);
#1249=ORIENTED_EDGE('',*,*,#789,.F.);
#1250=ORIENTED_EDGE('',*,*,#792,.F.);
#1251=ORIENTED_EDGE('',*,*,#795,.F.);
#1252=ORIENTED_EDGE('',*,*,#798,.F.);
#1253=ORIENTED_EDGE('',*,*,#801,.F.);
#1254=ORIENTED_EDGE('',*,*,#804,.F.);
#1255=ORIENTED_EDGE('',*,*,#891,.F.);
#1256=ORIENTED_EDGE('',*,*,#892,.F.);
#1257=ORIENTED_EDGE('',*,*,#880,.T.);
#1258=ORIENTED_EDGE('',*,*,#882,.T.);
#1259=ORIENTED_EDGE('',*,*,#892,.T.);
#1260=ORIENTED_EDGE('',*,*,#893,.T.);
#1261=ORIENTED_EDGE('',*,*,#887,.T.);
#1262=ORIENTED_EDGE('',*,*,#803,.T.);
#1263=ORIENTED_EDGE('',*,*,#888,.T.);
#1264=ORIENTED_EDGE('',*,*,#893,.F.);
#1265=ORIENTED_EDGE('',*,*,#891,.T.);
#1266=ORIENTED_EDGE('',*,*,#894,.F.);
#1267=ORIENTED_EDGE('',*,*,#895,.T.);
#1268=ORIENTED_EDGE('',*,*,#896,.F.);
#1269=ORIENTED_EDGE('',*,*,#897,.F.);
#1270=ORIENTED_EDGE('',*,*,#898,.F.);
#1271=ORIENTED_EDGE('',*,*,#897,.T.);
#1272=ORIENTED_EDGE('',*,*,#899,.F.);
#1273=ORIENTED_EDGE('',*,*,#900,.F.);
#1274=ORIENTED_EDGE('',*,*,#901,.F.);
#1275=ORIENTED_EDGE('',*,*,#900,.T.);
#1276=ORIENTED_EDGE('',*,*,#902,.F.);
#1277=ORIENTED_EDGE('',*,*,#903,.F.);
#1278=ORIENTED_EDGE('',*,*,#904,.F.);
#1279=ORIENTED_EDGE('',*,*,#903,.T.);
#1280=ORIENTED_EDGE('',*,*,#905,.F.);
#1281=ORIENTED_EDGE('',*,*,#895,.F.);
#1282=ORIENTED_EDGE('',*,*,#905,.T.);
#1283=ORIENTED_EDGE('',*,*,#902,.T.);
#1284=ORIENTED_EDGE('',*,*,#899,.T.);
#1285=ORIENTED_EDGE('',*,*,#896,.T.);
#1286=ORIENTED_EDGE('',*,*,#906,.F.);
#1287=ORIENTED_EDGE('',*,*,#907,.T.);
#1288=ORIENTED_EDGE('',*,*,#908,.F.);
#1289=ORIENTED_EDGE('',*,*,#909,.F.);
#1290=ORIENTED_EDGE('',*,*,#910,.F.);
#1291=ORIENTED_EDGE('',*,*,#909,.T.);
#1292=ORIENTED_EDGE('',*,*,#911,.F.);
#1293=ORIENTED_EDGE('',*,*,#912,.F.);
#1294=ORIENTED_EDGE('',*,*,#913,.F.);
#1295=ORIENTED_EDGE('',*,*,#912,.T.);
#1296=ORIENTED_EDGE('',*,*,#914,.F.);
#1297=ORIENTED_EDGE('',*,*,#915,.F.);
#1298=ORIENTED_EDGE('',*,*,#916,.F.);
#1299=ORIENTED_EDGE('',*,*,#915,.T.);
#1300=ORIENTED_EDGE('',*,*,#917,.F.);
#1301=ORIENTED_EDGE('',*,*,#907,.F.);
#1302=ORIENTED_EDGE('',*,*,#917,.T.);
#1303=ORIENTED_EDGE('',*,*,#914,.T.);
#1304=ORIENTED_EDGE('',*,*,#911,.T.);
#1305=ORIENTED_EDGE('',*,*,#908,.T.);
#1306=ORIENTED_EDGE('',*,*,#918,.F.);
#1307=ORIENTED_EDGE('',*,*,#919,.T.);
#1308=ORIENTED_EDGE('',*,*,#920,.F.);
#1309=ORIENTED_EDGE('',*,*,#921,.F.);
#1310=ORIENTED_EDGE('',*,*,#922,.F.);
#1311=ORIENTED_EDGE('',*,*,#921,.T.);
#1312=ORIENTED_EDGE('',*,*,#923,.F.);
#1313=ORIENTED_EDGE('',*,*,#924,.F.);
#1314=ORIENTED_EDGE('',*,*,#925,.F.);
#1315=ORIENTED_EDGE('',*,*,#924,.T.);
#1316=ORIENTED_EDGE('',*,*,#926,.F.);
#1317=ORIENTED_EDGE('',*,*,#927,.F.);
#1318=ORIENTED_EDGE('',*,*,#928,.F.);
#1319=ORIENTED_EDGE('',*,*,#927,.T.);
#1320=ORIENTED_EDGE('',*,*,#929,.F.);
#1321=ORIENTED_EDGE('',*,*,#919,.F.);
#1322=ORIENTED_EDGE('',*,*,#929,.T.);
#1323=ORIENTED_EDGE('',*,*,#926,.T.);
#1324=ORIENTED_EDGE('',*,*,#923,.T.);
#1325=ORIENTED_EDGE('',*,*,#920,.T.);
#1326=ORIENTED_EDGE('',*,*,#930,.F.);
#1327=ORIENTED_EDGE('',*,*,#931,.T.);
#1328=ORIENTED_EDGE('',*,*,#932,.F.);
#1329=ORIENTED_EDGE('',*,*,#933,.F.);
#1330=ORIENTED_EDGE('',*,*,#934,.F.);
#1331=ORIENTED_EDGE('',*,*,#933,.T.);
#1332=ORIENTED_EDGE('',*,*,#935,.F.);
#1333=ORIENTED_EDGE('',*,*,#936,.F.);
#1334=ORIENTED_EDGE('',*,*,#937,.F.);
#1335=ORIENTED_EDGE('',*,*,#936,.T.);
#1336=ORIENTED_EDGE('',*,*,#938,.F.);
#1337=ORIENTED_EDGE('',*,*,#939,.F.);
#1338=ORIENTED_EDGE('',*,*,#940,.F.);
#1339=ORIENTED_EDGE('',*,*,#939,.T.);
#1340=ORIENTED_EDGE('',*,*,#941,.F.);
#1341=ORIENTED_EDGE('',*,*,#931,.F.);
#1342=ORIENTED_EDGE('',*,*,#941,.T.);
#1343=ORIENTED_EDGE('',*,*,#938,.T.);
#1344=ORIENTED_EDGE('',*,*,#935,.T.);
#1345=ORIENTED_EDGE('',*,*,#932,.T.);
#1346=ORIENTED_EDGE('',*,*,#942,.F.);
#1347=ORIENTED_EDGE('',*,*,#943,.T.);
#1348=ORIENTED_EDGE('',*,*,#944,.F.);
#1349=ORIENTED_EDGE('',*,*,#943,.F.);
#1350=ORIENTED_EDGE('',*,*,#945,.F.);
#1351=ORIENTED_EDGE('',*,*,#946,.T.);
#1352=ORIENTED_EDGE('',*,*,#947,.T.);
#1353=ORIENTED_EDGE('',*,*,#948,.T.);
#1354=ORIENTED_EDGE('',*,*,#949,.F.);
#1355=ORIENTED_EDGE('',*,*,#950,.T.);
#1356=ORIENTED_EDGE('',*,*,#951,.T.);
#1357=ORIENTED_EDGE('',*,*,#946,.F.);
#1358=ORIENTED_EDGE('',*,*,#952,.F.);
#1359=ORIENTED_EDGE('',*,*,#953,.F.);
#1360=ORIENTED_EDGE('',*,*,#949,.T.);
#1361=ORIENTED_EDGE('',*,*,#945,.T.);
#1362=ORIENTED_EDGE('',*,*,#944,.T.);
#1363=ORIENTED_EDGE('',*,*,#953,.T.);
#1364=ORIENTED_EDGE('',*,*,#954,.F.);
#1365=ORIENTED_EDGE('',*,*,#955,.F.);
#1366=ORIENTED_EDGE('',*,*,#950,.F.);
#1367=ORIENTED_EDGE('',*,*,#955,.T.);
#1368=ORIENTED_EDGE('',*,*,#956,.T.);
#1369=ORIENTED_EDGE('',*,*,#947,.F.);
#1370=ORIENTED_EDGE('',*,*,#951,.F.);
#1371=ORIENTED_EDGE('',*,*,#894,.T.);
#1372=ORIENTED_EDGE('',*,*,#898,.T.);
#1373=ORIENTED_EDGE('',*,*,#901,.T.);
#1374=ORIENTED_EDGE('',*,*,#904,.T.);
#1375=ORIENTED_EDGE('',*,*,#906,.T.);
#1376=ORIENTED_EDGE('',*,*,#910,.T.);
#1377=ORIENTED_EDGE('',*,*,#913,.T.);
#1378=ORIENTED_EDGE('',*,*,#916,.T.);
#1379=ORIENTED_EDGE('',*,*,#918,.T.);
#1380=ORIENTED_EDGE('',*,*,#922,.T.);
#1381=ORIENTED_EDGE('',*,*,#925,.T.);
#1382=ORIENTED_EDGE('',*,*,#928,.T.);
#1383=ORIENTED_EDGE('',*,*,#930,.T.);
#1384=ORIENTED_EDGE('',*,*,#934,.T.);
#1385=ORIENTED_EDGE('',*,*,#937,.T.);
#1386=ORIENTED_EDGE('',*,*,#940,.T.);
#1387=ORIENTED_EDGE('',*,*,#942,.T.);
#1388=ORIENTED_EDGE('',*,*,#956,.F.);
#1389=ORIENTED_EDGE('',*,*,#954,.T.);
#1390=ORIENTED_EDGE('',*,*,#952,.T.);
#1391=ORIENTED_EDGE('',*,*,#948,.F.);
#1392=ORIENTED_EDGE('',*,*,#957,.F.);
#1393=ORIENTED_EDGE('',*,*,#958,.F.);
#1394=ORIENTED_EDGE('',*,*,#959,.T.);
#1395=ORIENTED_EDGE('',*,*,#957,.T.);
#1396=ORIENTED_EDGE('',*,*,#959,.F.);
#1397=ORIENTED_EDGE('',*,*,#958,.T.);
#1398=ORIENTED_EDGE('',*,*,#960,.F.);
#1399=ORIENTED_EDGE('',*,*,#961,.F.);
#1400=ORIENTED_EDGE('',*,*,#962,.T.);
#1401=ORIENTED_EDGE('',*,*,#963,.T.);
#1402=ORIENTED_EDGE('',*,*,#964,.T.);
#1403=ORIENTED_EDGE('',*,*,#963,.F.);
#1404=ORIENTED_EDGE('',*,*,#964,.F.);
#1405=ORIENTED_EDGE('',*,*,#965,.T.);
#1406=ORIENTED_EDGE('',*,*,#960,.T.);
#1407=ORIENTED_EDGE('',*,*,#965,.F.);
#1408=ORIENTED_EDGE('',*,*,#966,.F.);
#1409=ORIENTED_EDGE('',*,*,#962,.F.);
#1410=ORIENTED_EDGE('',*,*,#966,.T.);
#1411=ORIENTED_EDGE('',*,*,#967,.T.);
#1412=ORIENTED_EDGE('',*,*,#961,.T.);
#1413=ORIENTED_EDGE('',*,*,#967,.F.);
#1414=CYLINDRICAL_SURFACE('',#1570,2.9635);
#1415=CYLINDRICAL_SURFACE('',#1572,2.9635);
#1416=CYLINDRICAL_SURFACE('',#1573,2.9635);
#1417=CYLINDRICAL_SURFACE('',#1574,2.9635);
#1418=CYLINDRICAL_SURFACE('',#1575,2.9635);
#1419=CYLINDRICAL_SURFACE('',#1576,2.9635);
#1420=CYLINDRICAL_SURFACE('',#1577,2.9635);
#1421=CYLINDRICAL_SURFACE('',#1578,2.9635);
#1422=CYLINDRICAL_SURFACE('',#1579,2.9635);
#1423=CYLINDRICAL_SURFACE('',#1580,2.9635);
#1424=CYLINDRICAL_SURFACE('',#1581,2.9635);
#1425=CYLINDRICAL_SURFACE('',#1582,2.9635);
#1426=CYLINDRICAL_SURFACE('',#1583,2.9635);
#1427=CYLINDRICAL_SURFACE('',#1584,2.9635);
#1428=CYLINDRICAL_SURFACE('',#1585,2.9635);
#1429=CYLINDRICAL_SURFACE('',#1586,2.9635);
#1430=CYLINDRICAL_SURFACE('',#1587,2.9635);
#1431=CYLINDRICAL_SURFACE('',#1588,2.9635);
#1432=CYLINDRICAL_SURFACE('',#1589,2.9635);
#1433=CYLINDRICAL_SURFACE('',#1590,2.9635);
#1434=CYLINDRICAL_SURFACE('',#1591,2.67525);
#1435=CYLINDRICAL_SURFACE('',#1593,2.67525);
#1436=CYLINDRICAL_SURFACE('',#1594,2.67525);
#1437=CYLINDRICAL_SURFACE('',#1595,2.67525);
#1438=CYLINDRICAL_SURFACE('',#1596,2.67525);
#1439=CYLINDRICAL_SURFACE('',#1597,2.67525);
#1440=CYLINDRICAL_SURFACE('',#1598,2.67525);
#1441=CYLINDRICAL_SURFACE('',#1599,2.67525);
#1442=CYLINDRICAL_SURFACE('',#1600,2.67525);
#1443=CYLINDRICAL_SURFACE('',#1601,2.67525);
#1444=CYLINDRICAL_SURFACE('',#1602,2.67525);
#1445=CYLINDRICAL_SURFACE('',#1603,2.67525);
#1446=CYLINDRICAL_SURFACE('',#1604,2.67525);
#1447=CYLINDRICAL_SURFACE('',#1605,2.67525);
#1448=CYLINDRICAL_SURFACE('',#1606,2.67525);
#1449=CYLINDRICAL_SURFACE('',#1607,2.67525);
#1450=CYLINDRICAL_SURFACE('',#1608,2.67525);
#1451=CYLINDRICAL_SURFACE('',#1609,2.67525);
#1452=CYLINDRICAL_SURFACE('',#1610,2.67525);
#1453=CYLINDRICAL_SURFACE('',#1611,2.67525);
#1454=CYLINDRICAL_SURFACE('',#1612,2.);
#1455=CYLINDRICAL_SURFACE('',#1620,2.42906355152802);
#1456=CYLINDRICAL_SURFACE('',#1628,2.44317587589484);
#1457=CYLINDRICAL_SURFACE('',#1632,2.67525);
#1458=CYLINDRICAL_SURFACE('',#1635,2.9635);
#1459=CYLINDRICAL_SURFACE('',#1656,2.);
#1460=CYLINDRICAL_SURFACE('',#1667,0.45);
#1461=CYLINDRICAL_SURFACE('',#1677,0.45);
#1462=CYLINDRICAL_SURFACE('',#1680,2.);
#1463=ADVANCED_FACE('',(#75),#1414,.T.);
#1464=ADVANCED_FACE('',(#76),#1415,.T.);
#1465=ADVANCED_FACE('',(#77),#1416,.T.);
#1466=ADVANCED_FACE('',(#78),#1417,.T.);
#1467=ADVANCED_FACE('',(#79),#1418,.T.);
#1468=ADVANCED_FACE('',(#80),#1419,.T.);
#1469=ADVANCED_FACE('',(#81),#1420,.T.);
#1470=ADVANCED_FACE('',(#82),#1421,.T.);
#1471=ADVANCED_FACE('',(#83),#1422,.T.);
#1472=ADVANCED_FACE('',(#84),#1423,.T.);
#1473=ADVANCED_FACE('',(#85),#1424,.T.);
#1474=ADVANCED_FACE('',(#86),#1425,.T.);
#1475=ADVANCED_FACE('',(#87),#1426,.T.);
#1476=ADVANCED_FACE('',(#88),#1427,.T.);
#1477=ADVANCED_FACE('',(#89),#1428,.T.);
#1478=ADVANCED_FACE('',(#90),#1429,.T.);
#1479=ADVANCED_FACE('',(#91),#1430,.T.);
#1480=ADVANCED_FACE('',(#92),#1431,.T.);
#1481=ADVANCED_FACE('',(#93),#1432,.T.);
#1482=ADVANCED_FACE('',(#94),#1433,.T.);
#1483=ADVANCED_FACE('',(#95),#1434,.T.);
#1484=ADVANCED_FACE('',(#96),#1435,.T.);
#1485=ADVANCED_FACE('',(#97),#1436,.T.);
#1486=ADVANCED_FACE('',(#98),#1437,.T.);
#1487=ADVANCED_FACE('',(#99),#1438,.T.);
#1488=ADVANCED_FACE('',(#100),#1439,.T.);
#1489=ADVANCED_FACE('',(#101),#1440,.T.);
#1490=ADVANCED_FACE('',(#102),#1441,.T.);
#1491=ADVANCED_FACE('',(#103),#1442,.T.);
#1492=ADVANCED_FACE('',(#104),#1443,.T.);
#1493=ADVANCED_FACE('',(#105),#1444,.T.);
#1494=ADVANCED_FACE('',(#106),#1445,.T.);
#1495=ADVANCED_FACE('',(#107),#1446,.T.);
#1496=ADVANCED_FACE('',(#108),#1447,.T.);
#1497=ADVANCED_FACE('',(#109),#1448,.T.);
#1498=ADVANCED_FACE('',(#110),#1449,.T.);
#1499=ADVANCED_FACE('',(#111),#1450,.T.);
#1500=ADVANCED_FACE('',(#112),#1451,.T.);
#1501=ADVANCED_FACE('',(#113),#1452,.T.);
#1502=ADVANCED_FACE('',(#114),#1453,.T.);
#1503=ADVANCED_FACE('',(#115),#1454,.F.);
#1504=ADVANCED_FACE('',(#116,#29),#39,.T.);
#1505=ADVANCED_FACE('',(#117,#30),#40,.T.);
#1506=ADVANCED_FACE('',(#118),#1455,.T.);
#1507=ADVANCED_FACE('',(#119),#26,.T.);
#1508=ADVANCED_FACE('',(#120),#27,.T.);
#1509=ADVANCED_FACE('',(#121),#1456,.T.);
#1510=ADVANCED_FACE('',(#122,#31),#41,.T.);
#1511=ADVANCED_FACE('',(#123),#42,.T.);
#1512=ADVANCED_FACE('',(#124),#24,.F.);
#1513=ADVANCED_FACE('',(#125),#1457,.T.);
#1514=ADVANCED_FACE('',(#126),#25,.F.);
#1515=ADVANCED_FACE('',(#127),#43,.T.);
#1516=ADVANCED_FACE('',(#128),#1458,.T.);
#1517=ADVANCED_FACE('',(#129),#44,.T.);
#1518=ADVANCED_FACE('',(#130),#45,.T.);
#1519=ADVANCED_FACE('',(#131),#46,.T.);
#1520=ADVANCED_FACE('',(#132),#47,.T.);
#1521=ADVANCED_FACE('',(#133),#48,.T.);
#1522=ADVANCED_FACE('',(#134),#49,.T.);
#1523=ADVANCED_FACE('',(#135),#50,.T.);
#1524=ADVANCED_FACE('',(#136),#51,.T.);
#1525=ADVANCED_FACE('',(#137),#52,.T.);
#1526=ADVANCED_FACE('',(#138),#53,.T.);
#1527=ADVANCED_FACE('',(#139),#54,.T.);
#1528=ADVANCED_FACE('',(#140),#55,.T.);
#1529=ADVANCED_FACE('',(#141),#56,.T.);
#1530=ADVANCED_FACE('',(#142),#57,.T.);
#1531=ADVANCED_FACE('',(#143),#58,.T.);
#1532=ADVANCED_FACE('',(#144),#59,.T.);
#1533=ADVANCED_FACE('',(#145),#60,.T.);
#1534=ADVANCED_FACE('',(#146),#61,.T.);
#1535=ADVANCED_FACE('',(#147),#62,.T.);
#1536=ADVANCED_FACE('',(#148),#63,.T.);
#1537=ADVANCED_FACE('',(#149),#1459,.F.);
#1538=ADVANCED_FACE('',(#150),#64,.F.);
#1539=ADVANCED_FACE('',(#151),#65,.T.);
#1540=ADVANCED_FACE('',(#152,#32),#66,.T.);
#1541=ADVANCED_FACE('',(#153),#67,.T.);
#1542=ADVANCED_FACE('',(#154,#33,#34,#35,#36,#37),#68,.T.);
#1543=ADVANCED_FACE('',(#155),#69,.T.);
#1544=ADVANCED_FACE('',(#156),#70,.T.);
#1545=ADVANCED_FACE('',(#157),#1460,.T.);
#1546=ADVANCED_FACE('',(#158),#71,.T.);
#1547=ADVANCED_FACE('',(#159),#72,.T.);
#1548=ADVANCED_FACE('',(#160),#73,.T.);
#1549=ADVANCED_FACE('',(#161),#28,.F.);
#1550=ADVANCED_FACE('',(#162),#1461,.F.);
#1551=ADVANCED_FACE('',(#163,#38),#74,.T.);
#1552=ADVANCED_FACE('',(#164),#1462,.T.);
#1553=CLOSED_SHELL('',(#1463,#1464,#1465,#1466,#1467,#1468,#1469,#1470,
#1471,#1472,#1473,#1474,#1475,#1476,#1477,#1478,#1479,#1480,#1481,#1482,
#1483,#1484,#1485,#1486,#1487,#1488,#1489,#1490,#1491,#1492,#1493,#1494,
#1495,#1496,#1497,#1498,#1499,#1500,#1501,#1502,#1503,#1504,#1505,#1506,
#1507,#1508,#1509,#1510,#1511,#1512,#1513,#1514,#1515,#1516));
#1554=CLOSED_SHELL('',(#1517,#1518,#1519,#1520,#1521,#1522,#1523,#1524,
#1525,#1526,#1527,#1528,#1529,#1530,#1531,#1532,#1533,#1534,#1535,#1536,
#1537,#1538,#1539,#1540,#1541,#1542,#1543));
#1555=CLOSED_SHELL('',(#1544,#1545,#1546));
#1556=CLOSED_SHELL('',(#1547,#1548,#1549,#1550,#1551,#1552));
#1557=DERIVED_UNIT_ELEMENT(#1559,1.);
#1558=DERIVED_UNIT_ELEMENT(#5136,-3.);
#1559=(
MASS_UNIT()
NAMED_UNIT(*)
SI_UNIT(.KILO.,.GRAM.)
);
#1560=DERIVED_UNIT((#1557,#1558));
#1561=MEASURE_REPRESENTATION_ITEM('density measure',
POSITIVE_RATIO_MEASURE(7850.),#1560);
#1562=PROPERTY_DEFINITION_REPRESENTATION(#1567,#1564);
#1563=PROPERTY_DEFINITION_REPRESENTATION(#1568,#1565);
#1564=REPRESENTATION('material name',(#1566),#5133);
#1565=REPRESENTATION('density',(#1561),#5133);
#1566=DESCRIPTIVE_REPRESENTATION_ITEM('Steel','Steel');
#1567=PROPERTY_DEFINITION('material property','material name',#5143);
#1568=PROPERTY_DEFINITION('material property','density of part',#5143);
#1569=AXIS2_PLACEMENT_3D('',#2015,#1681,#1682);
#1570=AXIS2_PLACEMENT_3D('',#2016,#1683,#1684);
#1571=AXIS2_PLACEMENT_3D('',#2032,#1686,#1687);
#1572=AXIS2_PLACEMENT_3D('',#2040,#1688,#1689);
#1573=AXIS2_PLACEMENT_3D('',#2088,#1691,#1692);
#1574=AXIS2_PLACEMENT_3D('',#2136,#1694,#1695);
#1575=AXIS2_PLACEMENT_3D('',#2187,#1697,#1698);
#1576=AXIS2_PLACEMENT_3D('',#2238,#1700,#1701);
#1577=AXIS2_PLACEMENT_3D('',#2286,#1703,#1704);
#1578=AXIS2_PLACEMENT_3D('',#2334,#1706,#1707);
#1579=AXIS2_PLACEMENT_3D('',#2388,#1709,#1710);
#1580=AXIS2_PLACEMENT_3D('',#2436,#1712,#1713);
#1581=AXIS2_PLACEMENT_3D('',#2484,#1715,#1716);
#1582=AXIS2_PLACEMENT_3D('',#2535,#1718,#1719);
#1583=AXIS2_PLACEMENT_3D('',#2583,#1721,#1722);
#1584=AXIS2_PLACEMENT_3D('',#2631,#1724,#1725);
#1585=AXIS2_PLACEMENT_3D('',#2679,#1727,#1728);
#1586=AXIS2_PLACEMENT_3D('',#2733,#1730,#1731);
#1587=AXIS2_PLACEMENT_3D('',#2781,#1733,#1734);
#1588=AXIS2_PLACEMENT_3D('',#2829,#1736,#1737);
#1589=AXIS2_PLACEMENT_3D('',#2883,#1739,#1740);
#1590=AXIS2_PLACEMENT_3D('',#2931,#1742,#1743);
#1591=AXIS2_PLACEMENT_3D('',#2979,#1745,#1746);
#1592=AXIS2_PLACEMENT_3D('',#2991,#1748,#1749);
#1593=AXIS2_PLACEMENT_3D('',#2997,#1750,#1751);
#1594=AXIS2_PLACEMENT_3D('',#3021,#1753,#1754);
#1595=AXIS2_PLACEMENT_3D('',#3045,#1756,#1757);
#1596=AXIS2_PLACEMENT_3D('',#3070,#1759,#1760);
#1597=AXIS2_PLACEMENT_3D('',#3095,#1762,#1763);
#1598=AXIS2_PLACEMENT_3D('',#3119,#1765,#1766);
#1599=AXIS2_PLACEMENT_3D('',#3144,#1768,#1769);
#1600=AXIS2_PLACEMENT_3D('',#3169,#1771,#1772);
#1601=AXIS2_PLACEMENT_3D('',#3193,#1774,#1775);
#1602=AXIS2_PLACEMENT_3D('',#3218,#1777,#1778);
#1603=AXIS2_PLACEMENT_3D('',#3242,#1780,#1781);
#1604=AXIS2_PLACEMENT_3D('',#3267,#1783,#1784);
#1605=AXIS2_PLACEMENT_3D('',#3291,#1786,#1787);
#1606=AXIS2_PLACEMENT_3D('',#3316,#1789,#1790);
#1607=AXIS2_PLACEMENT_3D('',#3341,#1792,#1793);
#1608=AXIS2_PLACEMENT_3D('',#3365,#1795,#1796);
#1609=AXIS2_PLACEMENT_3D('',#3390,#1798,#1799);
#1610=AXIS2_PLACEMENT_3D('',#3414,#1801,#1802);
#1611=AXIS2_PLACEMENT_3D('',#3439,#1804,#1805);
#1612=AXIS2_PLACEMENT_3D('',#3463,#1807,#1808);
#1613=AXIS2_PLACEMENT_3D('',#3465,#1809,#1810);
#1614=AXIS2_PLACEMENT_3D('',#3468,#1812,#1813);
#1615=AXIS2_PLACEMENT_3D('',#3469,#1814,#1815);
#1616=AXIS2_PLACEMENT_3D('',#3471,#1816,#1817);
#1617=AXIS2_PLACEMENT_3D('',#3653,#1818,#1819);
#1618=AXIS2_PLACEMENT_3D('',#3654,#1820,#1821);
#1619=AXIS2_PLACEMENT_3D('',#3656,#1822,#1823);
#1620=AXIS2_PLACEMENT_3D('',#3657,#1824,#1825);
#1621=AXIS2_PLACEMENT_3D('',#3659,#1826,#1827);
#1622=AXIS2_PLACEMENT_3D('',#3661,#1829,#1830);
#1623=AXIS2_PLACEMENT_3D('',#3663,#1832,#1833);
#1624=AXIS2_PLACEMENT_3D('',#3665,#1834,#1835);
#1625=AXIS2_PLACEMENT_3D('',#3669,#1837,#1838);
#1626=AXIS2_PLACEMENT_3D('',#3671,#1839,#1840);
#1627=AXIS2_PLACEMENT_3D('',#3672,#1841,#1842);
#1628=AXIS2_PLACEMENT_3D('',#3673,#1843,#1844);
#1629=AXIS2_PLACEMENT_3D('',#3675,#1845,#1846);
#1630=AXIS2_PLACEMENT_3D('',#3677,#1848,#1849);
#1631=AXIS2_PLACEMENT_3D('',#3678,#1850,#1851);
#1632=AXIS2_PLACEMENT_3D('',#4331,#1852,#1853);
#1633=AXIS2_PLACEMENT_3D('',#4969,#1854,#1855);
#1634=AXIS2_PLACEMENT_3D('',#4970,#1856,#1857);
#1635=AXIS2_PLACEMENT_3D('',#4971,#1858,#1859);
#1636=AXIS2_PLACEMENT_3D('',#4972,#1860,#1861);
#1637=AXIS2_PLACEMENT_3D('',#4981,#1866,#1867);
#1638=AXIS2_PLACEMENT_3D('',#4987,#1871,#1872);
#1639=AXIS2_PLACEMENT_3D('',#4993,#1876,#1877);
#1640=AXIS2_PLACEMENT_3D('',#4996,#1880,#1881);
#1641=AXIS2_PLACEMENT_3D('',#4997,#1882,#1883);
#1642=AXIS2_PLACEMENT_3D('',#5006,#1888,#1889);
#1643=AXIS2_PLACEMENT_3D('',#5012,#1893,#1894);
#1644=AXIS2_PLACEMENT_3D('',#5018,#1898,#1899);
#1645=AXIS2_PLACEMENT_3D('',#5021,#1902,#1903);
#1646=AXIS2_PLACEMENT_3D('',#5022,#1904,#1905);
#1647=AXIS2_PLACEMENT_3D('',#5031,#1910,#1911);
#1648=AXIS2_PLACEMENT_3D('',#5037,#1915,#1916);
#1649=AXIS2_PLACEMENT_3D('',#5043,#1920,#1921);
#1650=AXIS2_PLACEMENT_3D('',#5046,#1924,#1925);
#1651=AXIS2_PLACEMENT_3D('',#5047,#1926,#1927);
#1652=AXIS2_PLACEMENT_3D('',#5056,#1932,#1933);
#1653=AXIS2_PLACEMENT_3D('',#5062,#1937,#1938);
#1654=AXIS2_PLACEMENT_3D('',#5068,#1942,#1943);
#1655=AXIS2_PLACEMENT_3D('',#5071,#1946,#1947);
#1656=AXIS2_PLACEMENT_3D('',#5072,#1948,#1949);
#1657=AXIS2_PLACEMENT_3D('',#5074,#1950,#1951);
#1658=AXIS2_PLACEMENT_3D('',#5077,#1953,#1954);
#1659=AXIS2_PLACEMENT_3D('',#5078,#1955,#1956);
#1660=AXIS2_PLACEMENT_3D('',#5087,#1961,#1962);
#1661=AXIS2_PLACEMENT_3D('',#5093,#1966,#1967);
#1662=AXIS2_PLACEMENT_3D('',#5097,#1970,#1971);
#1663=AXIS2_PLACEMENT_3D('',#5101,#1974,#1975);
#1664=AXIS2_PLACEMENT_3D('',#5103,#1977,#1978);
#1665=AXIS2_PLACEMENT_3D('',#5104,#1979,#1980);
#1666=AXIS2_PLACEMENT_3D('',#5106,#1981,#1982);
#1667=AXIS2_PLACEMENT_3D('',#5107,#1983,#1984);
#1668=AXIS2_PLACEMENT_3D('',#5109,#1985,#1986);
#1669=AXIS2_PLACEMENT_3D('',#5111,#1988,#1989);
#1670=AXIS2_PLACEMENT_3D('',#5112,#1990,#1991);
#1671=AXIS2_PLACEMENT_3D('',#5114,#1992,#1993);
#1672=AXIS2_PLACEMENT_3D('',#5115,#1994,#1995);
#1673=AXIS2_PLACEMENT_3D('',#5117,#1996,#1997);
#1674=AXIS2_PLACEMENT_3D('',#5118,#1998,#1999);
#1675=AXIS2_PLACEMENT_3D('',#5120,#2000,#2001);
#1676=AXIS2_PLACEMENT_3D('',#5123,#2003,#2004);
#1677=AXIS2_PLACEMENT_3D('',#5124,#2005,#2006);
#1678=AXIS2_PLACEMENT_3D('',#5126,#2008,#2009);
#1679=AXIS2_PLACEMENT_3D('',#5128,#2010,#2011);
#1680=AXIS2_PLACEMENT_3D('',#5129,#2012,#2013);
#1681=DIRECTION('axis',(0.,0.,1.));
#1682=DIRECTION('refdir',(1.,0.,0.));
#1683=DIRECTION('center_axis',(0.,0.,-1.));
#1684=DIRECTION('ref_axis',(-1.,0.,0.));
#1685=DIRECTION('',(0.,0.,1.));
#1686=DIRECTION('center_axis',(0.,0.,-1.));
#1687=DIRECTION('ref_axis',(-1.,0.,0.));
#1688=DIRECTION('center_axis',(0.,0.,-1.));
#1689=DIRECTION('ref_axis',(-1.,0.,0.));
#1690=DIRECTION('',(0.,0.,1.));
#1691=DIRECTION('center_axis',(0.,0.,-1.));
#1692=DIRECTION('ref_axis',(-1.,0.,0.));
#1693=DIRECTION('',(0.,0.,1.));
#1694=DIRECTION('center_axis',(0.,0.,-1.));
#1695=DIRECTION('ref_axis',(-1.,0.,0.));
#1696=DIRECTION('',(0.,0.,1.));
#1697=DIRECTION('center_axis',(0.,0.,-1.));
#1698=DIRECTION('ref_axis',(-1.,0.,0.));
#1699=DIRECTION('',(0.,0.,1.));
#1700=DIRECTION('center_axis',(0.,0.,-1.));
#1701=DIRECTION('ref_axis',(-1.,0.,0.));
#1702=DIRECTION('',(0.,0.,1.));
#1703=DIRECTION('center_axis',(0.,0.,-1.));
#1704=DIRECTION('ref_axis',(-1.,0.,0.));
#1705=DIRECTION('',(0.,0.,1.));
#1706=DIRECTION('center_axis',(0.,0.,-1.));
#1707=DIRECTION('ref_axis',(-1.,0.,0.));
#1708=DIRECTION('',(0.,0.,1.));
#1709=DIRECTION('center_axis',(0.,0.,-1.));
#1710=DIRECTION('ref_axis',(-1.,0.,0.));
#1711=DIRECTION('',(0.,0.,1.));
#1712=DIRECTION('center_axis',(0.,0.,-1.));
#1713=DIRECTION('ref_axis',(-1.,0.,0.));
#1714=DIRECTION('',(0.,0.,1.));
#1715=DIRECTION('center_axis',(0.,0.,-1.));
#1716=DIRECTION('ref_axis',(-1.,0.,0.));
#1717=DIRECTION('',(0.,0.,1.));
#1718=DIRECTION('center_axis',(0.,0.,-1.));
#1719=DIRECTION('ref_axis',(-1.,0.,0.));
#1720=DIRECTION('',(0.,0.,1.));
#1721=DIRECTION('center_axis',(0.,0.,-1.));
#1722=DIRECTION('ref_axis',(-1.,0.,0.));
#1723=DIRECTION('',(0.,0.,1.));
#1724=DIRECTION('center_axis',(0.,0.,-1.));
#1725=DIRECTION('ref_axis',(-1.,0.,0.));
#1726=DIRECTION('',(0.,0.,1.));
#1727=DIRECTION('center_axis',(0.,0.,-1.));
#1728=DIRECTION('ref_axis',(-1.,0.,0.));
#1729=DIRECTION('',(0.,0.,1.));
#1730=DIRECTION('center_axis',(0.,0.,-1.));
#1731=DIRECTION('ref_axis',(-1.,0.,0.));
#1732=DIRECTION('',(0.,0.,1.));
#1733=DIRECTION('center_axis',(0.,0.,-1.));
#1734=DIRECTION('ref_axis',(-1.,0.,0.));
#1735=DIRECTION('',(0.,0.,1.));
#1736=DIRECTION('center_axis',(0.,0.,-1.));
#1737=DIRECTION('ref_axis',(-1.,0.,0.));
#1738=DIRECTION('',(0.,0.,1.));
#1739=DIRECTION('center_axis',(0.,0.,-1.));
#1740=DIRECTION('ref_axis',(-1.,0.,0.));
#1741=DIRECTION('',(0.,0.,1.));
#1742=DIRECTION('center_axis',(0.,0.,-1.));
#1743=DIRECTION('ref_axis',(-1.,0.,0.));
#1744=DIRECTION('',(0.,0.,1.));
#1745=DIRECTION('center_axis',(0.,0.,-1.));
#1746=DIRECTION('ref_axis',(-1.,1.02594520072185E-13,0.));
#1747=DIRECTION('',(0.,0.,-1.));
#1748=DIRECTION('center_axis',(0.,0.,-1.));
#1749=DIRECTION('ref_axis',(-1.,1.02594520072185E-13,0.));
#1750=DIRECTION('center_axis',(0.,0.,-1.));
#1751=DIRECTION('ref_axis',(-1.,1.02594520072185E-13,0.));
#1752=DIRECTION('',(0.,0.,-1.));
#1753=DIRECTION('center_axis',(0.,0.,-1.));
#1754=DIRECTION('ref_axis',(-1.,1.02594520072185E-13,0.));
#1755=DIRECTION('',(0.,0.,-1.));
#1756=DIRECTION('center_axis',(0.,0.,-1.));
#1757=DIRECTION('ref_axis',(-1.,1.02594520072185E-13,0.));
#1758=DIRECTION('',(0.,0.,-1.));
#1759=DIRECTION('center_axis',(0.,0.,-1.));
#1760=DIRECTION('ref_axis',(-1.,1.02594520072185E-13,0.));
#1761=DIRECTION('',(0.,0.,-1.));
#1762=DIRECTION('center_axis',(0.,0.,-1.));
#1763=DIRECTION('ref_axis',(-1.,1.02594520072185E-13,0.));
#1764=DIRECTION('',(0.,0.,-1.));
#1765=DIRECTION('center_axis',(0.,0.,-1.));
#1766=DIRECTION('ref_axis',(-1.,1.02594520072185E-13,0.));
#1767=DIRECTION('',(0.,0.,-1.));
#1768=DIRECTION('center_axis',(0.,0.,-1.));
#1769=DIRECTION('ref_axis',(-1.,1.02594520072185E-13,0.));
#1770=DIRECTION('',(0.,0.,-1.));
#1771=DIRECTION('center_axis',(0.,0.,-1.));
#1772=DIRECTION('ref_axis',(-1.,1.02594520072185E-13,0.));
#1773=DIRECTION('',(0.,0.,-1.));
#1774=DIRECTION('center_axis',(0.,0.,-1.));
#1775=DIRECTION('ref_axis',(-1.,1.02594520072185E-13,0.));
#1776=DIRECTION('',(0.,0.,-1.));
#1777=DIRECTION('center_axis',(0.,0.,-1.));
#1778=DIRECTION('ref_axis',(-1.,1.02594520072185E-13,0.));
#1779=DIRECTION('',(0.,0.,-1.));
#1780=DIRECTION('center_axis',(0.,0.,-1.));
#1781=DIRECTION('ref_axis',(-1.,1.02594520072185E-13,0.));
#1782=DIRECTION('',(0.,0.,-1.));
#1783=DIRECTION('center_axis',(0.,0.,-1.));
#1784=DIRECTION('ref_axis',(-1.,1.02594520072185E-13,0.));
#1785=DIRECTION('',(0.,0.,-1.));
#1786=DIRECTION('center_axis',(0.,0.,-1.));
#1787=DIRECTION('ref_axis',(-1.,1.02594520072185E-13,0.));
#1788=DIRECTION('',(0.,0.,-1.));
#1789=DIRECTION('center_axis',(0.,0.,-1.));
#1790=DIRECTION('ref_axis',(-1.,1.02594520072185E-13,0.));
#1791=DIRECTION('',(0.,0.,-1.));
#1792=DIRECTION('center_axis',(0.,0.,-1.));
#1793=DIRECTION('ref_axis',(-1.,1.02594520072185E-13,0.));
#1794=DIRECTION('',(0.,0.,-1.));
#1795=DIRECTION('center_axis',(0.,0.,-1.));
#1796=DIRECTION('ref_axis',(-1.,1.02594520072185E-13,0.));
#1797=DIRECTION('',(0.,0.,-1.));
#1798=DIRECTION('center_axis',(0.,0.,-1.));
#1799=DIRECTION('ref_axis',(-1.,1.02594520072185E-13,0.));
#1800=DIRECTION('',(0.,0.,-1.));
#1801=DIRECTION('center_axis',(0.,0.,-1.));
#1802=DIRECTION('ref_axis',(-1.,1.02594520072185E-13,0.));
#1803=DIRECTION('',(0.,0.,-1.));
#1804=DIRECTION('center_axis',(0.,0.,-1.));
#1805=DIRECTION('ref_axis',(-1.,1.02594520072185E-13,0.));
#1806=DIRECTION('',(0.,0.,-1.));
#1807=DIRECTION('center_axis',(0.,0.,1.));
#1808=DIRECTION('ref_axis',(1.,0.,0.));
#1809=DIRECTION('center_axis',(0.,0.,1.));
#1810=DIRECTION('ref_axis',(1.,0.,0.));
#1811=DIRECTION('',(0.,0.,1.));
#1812=DIRECTION('center_axis',(0.,0.,-1.));
#1813=DIRECTION('ref_axis',(1.,0.,0.));
#1814=DIRECTION('center_axis',(0.,0.,-1.));
#1815=DIRECTION('ref_axis',(-1.,0.,0.));
#1816=DIRECTION('center_axis',(0.,0.,-1.));
#1817=DIRECTION('ref_axis',(1.,0.,0.));
#1818=DIRECTION('center_axis',(0.,0.,1.));
#1819=DIRECTION('ref_axis',(-1.,1.02594520072185E-13,0.));
#1820=DIRECTION('center_axis',(0.,0.,1.));
#1821=DIRECTION('ref_axis',(1.,0.,0.));
#1822=DIRECTION('center_axis',(0.,0.,-1.));
#1823=DIRECTION('ref_axis',(1.,0.,0.));
#1824=DIRECTION('center_axis',(0.,0.,-1.));
#1825=DIRECTION('ref_axis',(-1.,0.,0.));
#1826=DIRECTION('center_axis',(0.,0.,-1.));
#1827=DIRECTION('ref_axis',(1.,0.,0.));
#1828=DIRECTION('',(0.,0.,1.));
#1829=DIRECTION('center_axis',(0.,0.,-1.));
#1830=DIRECTION('ref_axis',(-1.,0.,0.));
#1831=DIRECTION('',(-0.746450059015588,9.14137675496793E-17,0.665441439493833));
#1832=DIRECTION('center_axis',(0.,0.,1.));
#1833=DIRECTION('ref_axis',(-1.,0.,0.));
#1834=DIRECTION('center_axis',(0.,0.,-1.));
#1835=DIRECTION('ref_axis',(1.,0.,0.));
#1836=DIRECTION('',(0.712872912073463,-8.73017529969619E-17,0.701293241969364));
#1837=DIRECTION('center_axis',(0.,0.,1.));
#1838=DIRECTION('ref_axis',(-1.,0.,0.));
#1839=DIRECTION('center_axis',(0.,0.,-1.));
#1840=DIRECTION('ref_axis',(1.,0.,0.));
#1841=DIRECTION('center_axis',(0.,0.,1.));
#1842=DIRECTION('ref_axis',(-1.,0.,0.));
#1843=DIRECTION('center_axis',(0.,0.,-1.));
#1844=DIRECTION('ref_axis',(-1.,0.,0.));
#1845=DIRECTION('center_axis',(0.,0.,-1.));
#1846=DIRECTION('ref_axis',(1.,0.,0.));
#1847=DIRECTION('',(0.,0.,1.));
#1848=DIRECTION('center_axis',(0.,0.,-1.));
#1849=DIRECTION('ref_axis',(-1.,0.,0.));
#1850=DIRECTION('center_axis',(0.,0.,1.));
#1851=DIRECTION('ref_axis',(1.,0.,0.));
#1852=DIRECTION('center_axis',(0.,0.,-1.));
#1853=DIRECTION('ref_axis',(-1.,1.02594520072185E-13,0.));
#1854=DIRECTION('center_axis',(0.,0.,-1.));
#1855=DIRECTION('ref_axis',(-1.,0.,0.));
#1856=DIRECTION('center_axis',(0.,0.,1.));
#1857=DIRECTION('ref_axis',(-1.,0.,0.));
#1858=DIRECTION('center_axis',(0.,0.,-1.));
#1859=DIRECTION('ref_axis',(-1.,0.,0.));
#1860=DIRECTION('center_axis',(1.,0.,0.));
#1861=DIRECTION('ref_axis',(0.,-1.,0.));
#1862=DIRECTION('',(0.,1.,0.));
#1863=DIRECTION('',(0.,0.,-1.));
#1864=DIRECTION('',(0.,-1.,0.));
#1865=DIRECTION('',(0.,0.,-1.));
#1866=DIRECTION('center_axis',(0.,1.,0.));
#1867=DIRECTION('ref_axis',(1.,0.,0.));
#1868=DIRECTION('',(-1.,0.,0.));
#1869=DIRECTION('',(1.,0.,0.));
#1870=DIRECTION('',(0.,0.,-1.));
#1871=DIRECTION('center_axis',(-1.,0.,0.));
#1872=DIRECTION('ref_axis',(0.,1.,0.));
#1873=DIRECTION('',(0.,-1.,0.));
#1874=DIRECTION('',(0.,1.,0.));
#1875=DIRECTION('',(0.,0.,-1.));
#1876=DIRECTION('center_axis',(0.,-1.,0.));
#1877=DIRECTION('ref_axis',(-1.,0.,0.));
#1878=DIRECTION('',(1.,0.,0.));
#1879=DIRECTION('',(-1.,0.,0.));
#1880=DIRECTION('center_axis',(0.,0.,-1.));
#1881=DIRECTION('ref_axis',(-1.,0.,0.));
#1882=DIRECTION('center_axis',(-1.,0.,0.));
#1883=DIRECTION('ref_axis',(0.,1.,0.));
#1884=DIRECTION('',(0.,-1.,0.));
#1885=DIRECTION('',(0.,0.,-1.));
#1886=DIRECTION('',(0.,1.,0.));
#1887=DIRECTION('',(0.,0.,-1.));
#1888=DIRECTION('center_axis',(0.,-1.,0.));
#1889=DIRECTION('ref_axis',(-1.,0.,0.));
#1890=DIRECTION('',(1.,0.,0.));
#1891=DIRECTION('',(-1.,0.,0.));
#1892=DIRECTION('',(0.,0.,-1.));
#1893=DIRECTION('center_axis',(1.,0.,0.));
#1894=DIRECTION('ref_axis',(0.,-1.,0.));
#1895=DIRECTION('',(0.,1.,0.));
#1896=DIRECTION('',(0.,-1.,0.));
#1897=DIRECTION('',(0.,0.,-1.));
#1898=DIRECTION('center_axis',(0.,1.,0.));
#1899=DIRECTION('ref_axis',(1.,0.,0.));
#1900=DIRECTION('',(-1.,0.,0.));
#1901=DIRECTION('',(1.,0.,0.));
#1902=DIRECTION('center_axis',(0.,0.,-1.));
#1903=DIRECTION('ref_axis',(-1.,0.,0.));
#1904=DIRECTION('center_axis',(0.,-1.,0.));
#1905=DIRECTION('ref_axis',(-1.,0.,0.));
#1906=DIRECTION('',(1.,0.,0.));
#1907=DIRECTION('',(0.,0.,-1.));
#1908=DIRECTION('',(-1.,0.,0.));
#1909=DIRECTION('',(0.,0.,-1.));
#1910=DIRECTION('center_axis',(1.,0.,0.));
#1911=DIRECTION('ref_axis',(0.,-1.,0.));
#1912=DIRECTION('',(0.,1.,0.));
#1913=DIRECTION('',(0.,-1.,0.));
#1914=DIRECTION('',(0.,0.,-1.));
#1915=DIRECTION('center_axis',(0.,1.,0.));
#1916=DIRECTION('ref_axis',(1.,0.,0.));
#1917=DIRECTION('',(-1.,0.,0.));
#1918=DIRECTION('',(1.,0.,0.));
#1919=DIRECTION('',(0.,0.,-1.));
#1920=DIRECTION('center_axis',(-1.,0.,0.));
#1921=DIRECTION('ref_axis',(0.,1.,0.));
#1922=DIRECTION('',(0.,-1.,0.));
#1923=DIRECTION('',(0.,1.,0.));
#1924=DIRECTION('center_axis',(0.,0.,-1.));
#1925=DIRECTION('ref_axis',(-1.,0.,0.));
#1926=DIRECTION('center_axis',(0.,1.,0.));
#1927=DIRECTION('ref_axis',(1.,0.,0.));
#1928=DIRECTION('',(-1.,0.,0.));
#1929=DIRECTION('',(0.,0.,-1.));
#1930=DIRECTION('',(1.,0.,0.));
#1931=DIRECTION('',(0.,0.,-1.));
#1932=DIRECTION('center_axis',(-1.,0.,0.));
#1933=DIRECTION('ref_axis',(0.,1.,0.));
#1934=DIRECTION('',(0.,-1.,0.));
#1935=DIRECTION('',(0.,1.,0.));
#1936=DIRECTION('',(0.,0.,-1.));
#1937=DIRECTION('center_axis',(0.,-1.,0.));
#1938=DIRECTION('ref_axis',(-1.,0.,0.));
#1939=DIRECTION('',(1.,0.,0.));
#1940=DIRECTION('',(-1.,0.,0.));
#1941=DIRECTION('',(0.,0.,-1.));
#1942=DIRECTION('center_axis',(1.,0.,0.));
#1943=DIRECTION('ref_axis',(0.,-1.,0.));
#1944=DIRECTION('',(0.,1.,0.));
#1945=DIRECTION('',(0.,-1.,0.));
#1946=DIRECTION('center_axis',(0.,0.,-1.));
#1947=DIRECTION('ref_axis',(-1.,0.,0.));
#1948=DIRECTION('center_axis',(0.,0.,1.));
#1949=DIRECTION('ref_axis',(1.,0.,0.));
#1950=DIRECTION('center_axis',(0.,0.,1.));
#1951=DIRECTION('ref_axis',(1.,0.,0.));
#1952=DIRECTION('',(0.,0.,1.));
#1953=DIRECTION('center_axis',(0.,0.,-1.));
#1954=DIRECTION('ref_axis',(1.,0.,0.));
#1955=DIRECTION('center_axis',(-1.,0.,0.));
#1956=DIRECTION('ref_axis',(0.,0.,1.));
#1957=DIRECTION('',(0.,1.,0.));
#1958=DIRECTION('',(0.,0.,-1.));
#1959=DIRECTION('',(0.,1.,0.));
#1960=DIRECTION('',(0.,0.,1.));
#1961=DIRECTION('center_axis',(0.,-1.,0.));
#1962=DIRECTION('ref_axis',(0.,0.,-1.));
#1963=DIRECTION('',(1.,0.,0.));
#1964=DIRECTION('',(0.,0.,-1.));
#1965=DIRECTION('',(1.,0.,0.));
#1966=DIRECTION('center_axis',(0.,0.,1.));
#1967=DIRECTION('ref_axis',(1.,0.,0.));
#1968=DIRECTION('',(1.,0.,0.));
#1969=DIRECTION('',(0.,1.,0.));
#1970=DIRECTION('center_axis',(-1.,0.,0.));
#1971=DIRECTION('ref_axis',(0.,0.,1.));
#1972=DIRECTION('',(0.,0.,1.));
#1973=DIRECTION('',(0.,1.,0.));
#1974=DIRECTION('center_axis',(0.,0.,-1.));
#1975=DIRECTION('ref_axis',(-1.,0.,0.));
#1976=DIRECTION('',(1.,0.,0.));
#1977=DIRECTION('center_axis',(0.,1.,0.));
#1978=DIRECTION('ref_axis',(0.,0.,1.));
#1979=DIRECTION('center_axis',(0.,0.,-1.));
#1980=DIRECTION('ref_axis',(-1.,0.,0.));
#1981=DIRECTION('center_axis',(0.,0.,1.));
#1982=DIRECTION('ref_axis',(1.,0.,0.));
#1983=DIRECTION('center_axis',(0.,0.,1.));
#1984=DIRECTION('ref_axis',(1.,0.,0.));
#1985=DIRECTION('center_axis',(0.,0.,1.));
#1986=DIRECTION('ref_axis',(1.,0.,0.));
#1987=DIRECTION('',(0.,0.,-1.));
#1988=DIRECTION('center_axis',(0.,0.,1.));
#1989=DIRECTION('ref_axis',(1.,0.,0.));
#1990=DIRECTION('center_axis',(0.,0.,1.));
#1991=DIRECTION('ref_axis',(1.,0.,0.));
#1992=DIRECTION('center_axis',(0.,0.,-1.));
#1993=DIRECTION('ref_axis',(-1.,0.,0.));
#1994=DIRECTION('center_axis',(0.,0.,-1.));
#1995=DIRECTION('ref_axis',(1.,0.,0.));
#1996=DIRECTION('center_axis',(0.,0.,1.));
#1997=DIRECTION('ref_axis',(1.,0.,0.));
#1998=DIRECTION('center_axis',(0.,0.,1.));
#1999=DIRECTION('ref_axis',(-1.,0.,0.));
#2000=DIRECTION('center_axis',(0.,0.,1.));
#2001=DIRECTION('ref_axis',(-1.,0.,0.));
#2002=DIRECTION('',(-0.707106781186547,-8.65956056235493E-17,-0.707106781186548));
#2003=DIRECTION('center_axis',(0.,0.,-1.));
#2004=DIRECTION('ref_axis',(-1.,0.,0.));
#2005=DIRECTION('center_axis',(0.,0.,-1.));
#2006=DIRECTION('ref_axis',(-1.,0.,0.));
#2007=DIRECTION('',(0.,0.,-1.));
#2008=DIRECTION('center_axis',(0.,0.,1.));
#2009=DIRECTION('ref_axis',(1.,0.,0.));
#2010=DIRECTION('center_axis',(0.,0.,-1.));
#2011=DIRECTION('ref_axis',(1.,0.,0.));
#2012=DIRECTION('center_axis',(0.,0.,1.));
#2013=DIRECTION('ref_axis',(1.,0.,0.));
#2014=DIRECTION('',(0.,0.,-1.));
#2015=CARTESIAN_POINT('',(0.,0.,0.));
#2016=CARTESIAN_POINT('Origin',(0.,0.,1.68642888586809));
#2017=CARTESIAN_POINT('',(2.96720131689129,0.00186188069096063,6.53128954106694));
#2018=CARTESIAN_POINT('',(2.96568386223902,0.00350562782122481,6.59982835146065));
#2019=CARTESIAN_POINT('',(2.9635,-3.62924078927318E-16,1.68642888586809));
#2020=CARTESIAN_POINT('',(-1.23712586157874,2.69292626200813,6.69055894626379));
#2021=CARTESIAN_POINT('Ctrl Pts',(2.96720131689129,0.00186188069096063,
6.53128954106694));
#2022=CARTESIAN_POINT('Ctrl Pts',(2.96784170451032,0.0974925156308785,6.53386681724839));
#2023=CARTESIAN_POINT('Ctrl Pts',(2.96362155715751,0.193061956923885,6.53644409342984));
#2024=CARTESIAN_POINT('Ctrl Pts',(2.95435604114537,0.288134827037042,6.53902136961129));
#2025=CARTESIAN_POINT('Ctrl Pts',(2.85909874659886,1.26556386389643,6.56551793559015));
#2026=CARTESIAN_POINT('Ctrl Pts',(2.23056774828112,2.19050746903723,6.59201450156902));
#2027=CARTESIAN_POINT('Ctrl Pts',(1.35692245440829,2.63978703406798,6.61851106754789));
#2028=CARTESIAN_POINT('Ctrl Pts',(0.565067763705271,3.04700508182914,6.64252702711985));
#2029=CARTESIAN_POINT('Ctrl Pts',(-0.428154411414421,3.06345330130461,6.66654298669182));
#2030=CARTESIAN_POINT('Ctrl Pts',(-1.24029731053399,2.69645185223535,6.69055894626379));
#2031=CARTESIAN_POINT('',(1.23712586157879,2.6929262620081,6.69055894626379));
#2032=CARTESIAN_POINT('Origin',(0.,0.,6.69055894626379));
#2033=CARTESIAN_POINT('Ctrl Pts',(1.23712586157879,2.6929262620081,6.69055894626379));
#2034=CARTESIAN_POINT('Ctrl Pts',(2.1337778535477,2.28100582298587,6.66406238028492));
#2035=CARTESIAN_POINT('Ctrl Pts',(2.80071318973451,1.38960871877133,6.63756581430605));
#2036=CARTESIAN_POINT('Ctrl Pts',(2.93848067920034,0.418765999064189,6.61106924832719));
#2037=CARTESIAN_POINT('Ctrl Pts',(2.95796282821897,0.281475970681403,6.60732228270501));
#2038=CARTESIAN_POINT('Ctrl Pts',(2.96686283289946,0.142597212039617,6.60357531708283));
#2039=CARTESIAN_POINT('Ctrl Pts',(2.96568386223902,0.00350562782122481,
6.59982835146065));
#2040=CARTESIAN_POINT('Origin',(0.,0.,1.68642888586809));
#2041=CARTESIAN_POINT('',(2.95960559001444,0.00171207424297007,6.03128954106694));
#2042=CARTESIAN_POINT('',(2.9589744593211,0.00111157693413285,6.09982835146065));
#2043=CARTESIAN_POINT('',(2.9635,-3.62924078927318E-16,1.68642888586809));
#2044=CARTESIAN_POINT('Ctrl Pts',(2.95960559001444,0.00171207424297007,
6.03128954106694));
#2045=CARTESIAN_POINT('Ctrl Pts',(2.96161191587356,0.385125824044181,6.04155408804185));
#2046=CARTESIAN_POINT('Ctrl Pts',(2.89249311924645,0.7678434198339,6.05181863501676));
#2047=CARTESIAN_POINT('Ctrl Pts',(2.74889963005854,1.12021007169823,6.06208318199167));
#2048=CARTESIAN_POINT('Ctrl Pts',(2.37823209161732,2.02979782678376,6.08857974797053));
#2049=CARTESIAN_POINT('Ctrl Pts',(1.51130562890107,2.73714336689337,6.11507631394939));
#2050=CARTESIAN_POINT('Ctrl Pts',(0.545835897662634,2.91776236224603,6.14157287992826));
#2051=CARTESIAN_POINT('Ctrl Pts',(-0.419633833575798,3.09838135759869,6.16806944590713));
#2052=CARTESIAN_POINT('Ctrl Pts',(-1.48364683333641,2.7522738081944,6.194566011886));
#2053=CARTESIAN_POINT('Ctrl Pts',(-2.15805820413514,2.03817692607049,6.22106257786487));
#2054=CARTESIAN_POINT('Ctrl Pts',(-2.83246957493387,1.32408004394657,6.24755914384374));
#2055=CARTESIAN_POINT('Ctrl Pts',(-3.11727931677072,0.241993829103024,6.2740557098226));
#2056=CARTESIAN_POINT('Ctrl Pts',(-2.88184005919226,-0.711564869188857,
6.30055227580147));
#2057=CARTESIAN_POINT('Ctrl Pts',(-2.64640080161381,-1.66512356748074,6.32704884178034));
#2058=CARTESIAN_POINT('Ctrl Pts',(-1.89071254462005,-2.49015474922095,6.35354540775921));
#2059=CARTESIAN_POINT('Ctrl Pts',(-0.961434281978389,-2.80832654276058,
6.38004197373808));
#2060=CARTESIAN_POINT('Ctrl Pts',(-0.0321560193367237,-3.12649833630021,
6.40653853971695));
#2061=CARTESIAN_POINT('Ctrl Pts',(1.07071224895285,-2.93781074163924,6.43303510569581));
#2062=CARTESIAN_POINT('Ctrl Pts',(1.84115458771,-2.32850971001978,6.45953167167468));
#2063=CARTESIAN_POINT('Ctrl Pts',(2.5366573025762,-1.77847435974849,6.4834509614721));
#2064=CARTESIAN_POINT('Ctrl Pts',(2.96125798138362,-0.885670812585925,6.50737025126952));
#2065=CARTESIAN_POINT('Ctrl Pts',(2.96720131689129,0.00186188069096063,
6.53128954106694));
#2066=CARTESIAN_POINT('Ctrl Pts',(2.96568386223902,0.00350562782122481,
6.59982835146065));
#2067=CARTESIAN_POINT('Ctrl Pts',(2.95852577378514,-0.840985160996661,6.57707875110396));
#2068=CARTESIAN_POINT('Ctrl Pts',(2.57982859864488,-1.69332129298495,6.55432915074727));
#2069=CARTESIAN_POINT('Ctrl Pts',(1.94220729086935,-2.24555962489985,6.53157955039058));
#2070=CARTESIAN_POINT('Ctrl Pts',(1.19956677032768,-2.88875419395701,6.50508298441171));
#2071=CARTESIAN_POINT('Ctrl Pts',(0.105686086499499,-3.12485499687158,6.47858641843284));
#2072=CARTESIAN_POINT('Ctrl Pts',(-0.836810413427058,-2.84771153984187,
6.45208985245397));
#2073=CARTESIAN_POINT('Ctrl Pts',(-1.77930691335362,-2.57056808281216,6.42559328647511));
#2074=CARTESIAN_POINT('Ctrl Pts',(-2.57041922937855,-1.78018036583817,6.39909672049624));
#2075=CARTESIAN_POINT('Ctrl Pts',(-2.84761450410325,-0.838052929772698,
6.37260015451738));
#2076=CARTESIAN_POINT('Ctrl Pts',(-3.12480977882794,0.104074506292769,6.34610358853851));
#2077=CARTESIAN_POINT('Ctrl Pts',(-2.88808801225239,1.19794166144971,6.31960702255964));
#2078=CARTESIAN_POINT('Ctrl Pts',(-2.24583721477869,1.94113953172292,6.29311045658077));
#2079=CARTESIAN_POINT('Ctrl Pts',(-1.60358641730499,2.68433740199613,6.2666138906019));
#2080=CARTESIAN_POINT('Ctrl Pts',(-0.555806588933146,3.07686598738561,6.24011732462303));
#2081=CARTESIAN_POINT('Ctrl Pts',(0.416700425963286,2.93894776037285,6.21362075864416));
#2082=CARTESIAN_POINT('Ctrl Pts',(1.38920744085972,2.80102953336009,6.1871241926653));
#2083=CARTESIAN_POINT('Ctrl Pts',(2.28644164228074,2.13266449394508,6.16062762668643));
#2084=CARTESIAN_POINT('Ctrl Pts',(2.69683800398194,1.2403189397209,6.13413106070757));
#2085=CARTESIAN_POINT('Ctrl Pts',(2.87393903011309,0.855239226388226,6.12269682429193));
#2086=CARTESIAN_POINT('Ctrl Pts',(2.96037927069931,0.42844901366002,6.11126258787629));
#2087=CARTESIAN_POINT('Ctrl Pts',(2.9589744593211,0.00111157693413285,6.09982835146065));
#2088=CARTESIAN_POINT('Origin',(0.,0.,1.68642888586809));
#2089=CARTESIAN_POINT('',(2.96098537209959,-0.00239408395410617,5.53128954106694));
#2090=CARTESIAN_POINT('',(2.96216333112128,-0.00265720639235461,5.59982835146065));
#2091=CARTESIAN_POINT('',(2.9635,-3.62924078927318E-16,1.68642888586809));
#2092=CARTESIAN_POINT('Ctrl Pts',(2.96098537209959,-0.00239408395410617,
5.53128954106694));
#2093=CARTESIAN_POINT('Ctrl Pts',(2.95591895576881,0.667377726231185,5.5492413588353));
#2094=CARTESIAN_POINT('Ctrl Pts',(2.730923188228,1.34023117527017,5.56719317660367));
#2095=CARTESIAN_POINT('Ctrl Pts',(2.31415710310773,1.85902982940798,5.58514499437204));
#2096=CARTESIAN_POINT('Ctrl Pts',(1.69901772198039,2.62476748040695,5.61164156035091));
#2097=CARTESIAN_POINT('Ctrl Pts',(0.666102127405818,3.05489308419462,5.63813812632977));
#2098=CARTESIAN_POINT('Ctrl Pts',(-0.310719200599,2.95207849121225,5.66463469230864));
#2099=CARTESIAN_POINT('Ctrl Pts',(-1.28754052860382,2.84926389822987,5.69113125828751));
#2100=CARTESIAN_POINT('Ctrl Pts',(-2.20826759003889,2.21350910847748,5.71762782426638));
#2101=CARTESIAN_POINT('Ctrl Pts',(-2.65049837136996,1.33647827883458,5.74412439024525));
#2102=CARTESIAN_POINT('Ctrl Pts',(-3.09272915270102,0.45944744919169,5.77062095622411));
#2103=CARTESIAN_POINT('Ctrl Pts',(-3.05646365392808,-0.658859420341693,
5.79711752220298));
#2104=CARTESIAN_POINT('Ctrl Pts',(-2.55833970932466,-1.50539492943441,5.82361408818185));
#2105=CARTESIAN_POINT('Ctrl Pts',(-2.06021576472124,-2.35193043852714,5.85011065416072));
#2106=CARTESIAN_POINT('Ctrl Pts',(-1.10023337428736,-2.92669458717919,5.87660722013959));
#2107=CARTESIAN_POINT('Ctrl Pts',(-0.118802948956137,-2.96600647611839,
5.90310378611845));
#2108=CARTESIAN_POINT('Ctrl Pts',(0.862627476375081,-3.00531836505758,5.92960035209732));
#2109=CARTESIAN_POINT('Ctrl Pts',(1.86550593660362,-2.5091779942839,5.95609691807619));
#2110=CARTESIAN_POINT('Ctrl Pts',(2.4297408596348,-1.70519282386634,5.98259348405505));
#2111=CARTESIAN_POINT('Ctrl Pts',(2.77539591548788,-1.21266475152939,5.99882550305902));
#2112=CARTESIAN_POINT('Ctrl Pts',(2.95643285189428,-0.604605894622804,6.01505752206298));
#2113=CARTESIAN_POINT('Ctrl Pts',(2.95960559001444,0.00171207424297007,
6.03128954106694));
#2114=CARTESIAN_POINT('Ctrl Pts',(2.9589744593211,0.00111157693413285,6.09982835146065));
#2115=CARTESIAN_POINT('Ctrl Pts',(2.95712390007224,-0.561820399692508,6.08476602189742));
#2116=CARTESIAN_POINT('Ctrl Pts',(2.80283744037175,-1.12570196404174,6.06970369233419));
#2117=CARTESIAN_POINT('Ctrl Pts',(2.50255153162831,-1.59643848168009,6.05464136277096));
#2118=CARTESIAN_POINT('Ctrl Pts',(1.97431017559211,-2.42452427982354,6.02814479679209));
#2119=CARTESIAN_POINT('Ctrl Pts',(0.994268941538333,-2.9643698070771,6.00164823081322));
#2120=CARTESIAN_POINT('Ctrl Pts',(0.0120576111995257,-2.96835445222979,
5.97515166483435));
#2121=CARTESIAN_POINT('Ctrl Pts',(-0.970153719139287,-2.97233909738249,
5.94865509885548));
#2122=CARTESIAN_POINT('Ctrl Pts',(-1.95453514576313,-2.44046286043433,5.92215853287662));
#2123=CARTESIAN_POINT('Ctrl Pts',(-2.48949074497118,-1.61671122231347,5.89566196689775));
#2124=CARTESIAN_POINT('Ctrl Pts',(-3.02444634417923,-0.792959584192604,
5.86916540091889));
#2125=CARTESIAN_POINT('Ctrl Pts',(-3.1099761159715,0.322667455100961,5.84266883494001));
#2126=CARTESIAN_POINT('Ctrl Pts',(-2.70683703030706,1.21834152208314,5.81617226896114));
#2127=CARTESIAN_POINT('Ctrl Pts',(-2.30369794464262,2.11401558906531,5.78967570298227));
#2128=CARTESIAN_POINT('Ctrl Pts',(-1.41189000152147,2.78973668373609,5.76317913700341));
#2129=CARTESIAN_POINT('Ctrl Pts',(-0.440550223106796,2.93551079095293,5.73668257102454));
#2130=CARTESIAN_POINT('Ctrl Pts',(0.53078955530788,3.08128489816976,5.71018600504568));
#2131=CARTESIAN_POINT('Ctrl Pts',(1.58166116901609,2.69711201793266,5.68368943906681));
#2132=CARTESIAN_POINT('Ctrl Pts',(2.22995763169056,1.95923568745582,5.65719287308794));
#2133=CARTESIAN_POINT('Ctrl Pts',(2.69780714451227,1.4267399827714,5.63807136587884));
#2134=CARTESIAN_POINT('Ctrl Pts',(2.95599837482966,0.710038030625617,5.61894985866974));
#2135=CARTESIAN_POINT('Ctrl Pts',(2.96216333112128,-0.00265720639235461,
5.59982835146065));
#2136=CARTESIAN_POINT('Origin',(0.,0.,1.68642888586809));
#2137=CARTESIAN_POINT('',(2.96824216014514,-0.000591625413617625,5.03128954106694));
#2138=CARTESIAN_POINT('',(2.96836605853258,0.000217223299492112,5.09982835146065));
#2139=CARTESIAN_POINT('',(2.9635,-3.62924078927318E-16,1.68642888586809));
#2140=CARTESIAN_POINT('Ctrl Pts',(2.96824216014514,-0.000591625413617625,
5.03128954106694));
#2141=CARTESIAN_POINT('Ctrl Pts',(2.96565039229181,0.949963009087889,5.05692862962877));
#2142=CARTESIAN_POINT('Ctrl Pts',(2.46856363859668,1.90284714000867,5.08256771819059));
#2143=CARTESIAN_POINT('Ctrl Pts',(1.68641376956857,2.44281054747192,5.10820680675241));
#2144=CARTESIAN_POINT('Ctrl Pts',(0.878105566252656,3.00083256988215,5.13470337273128));
#2145=CARTESIAN_POINT('Ctrl Pts',(-0.234651983400411,3.11785245071797,5.16119993871015));
#2146=CARTESIAN_POINT('Ctrl Pts',(-1.14135922917374,2.74018500401016,5.18769650468902));
#2147=CARTESIAN_POINT('Ctrl Pts',(-2.04806647494708,2.36251755730235,5.21419307066789));
#2148=CARTESIAN_POINT('Ctrl Pts',(-2.74872341684068,1.4901627830509,5.24068963664675));
#2149=CARTESIAN_POINT('Ctrl Pts',(-2.92188974727089,0.523330758677626,5.26718620262562));
#2150=CARTESIAN_POINT('Ctrl Pts',(-3.09505607770111,-0.443501265695643,
5.29368276860449));
#2151=CARTESIAN_POINT('Ctrl Pts',(-2.74073179666795,-1.50481054019073,5.32017933458336));
#2152=CARTESIAN_POINT('Ctrl Pts',(-2.02147022026362,-2.1737002915972,5.34667590056223));
#2153=CARTESIAN_POINT('Ctrl Pts',(-1.30220864385929,-2.84259004300367,5.3731724665411));
#2154=CARTESIAN_POINT('Ctrl Pts',(-0.218009772083799,-3.11906027132151,
5.39966903251996));
#2155=CARTESIAN_POINT('Ctrl Pts',(0.733728617121216,-2.87627483854247,5.42616559849883));
#2156=CARTESIAN_POINT('Ctrl Pts',(1.68546700632624,-2.63348940576343,5.4526621644777));
#2157=CARTESIAN_POINT('Ctrl Pts',(2.50474491296078,-1.87144831188748,5.47915873045656));
#2158=CARTESIAN_POINT('Ctrl Pts',(2.81570228243799,-0.939752915844371,5.50565529643543));
#2159=CARTESIAN_POINT('Ctrl Pts',(2.91598140647624,-0.639295015963258,5.51420004464593));
#2160=CARTESIAN_POINT('Ctrl Pts',(2.96339689679501,-0.321193636755388,5.52274479285644));
#2161=CARTESIAN_POINT('Ctrl Pts',(2.96098537209959,-0.00239408395410617,
5.53128954106694));
#2162=CARTESIAN_POINT('Ctrl Pts',(2.96216333112128,-0.00265720639235461,
5.59982835146065));
#2163=CARTESIAN_POINT('Ctrl Pts',(2.96454112040675,-0.277539787585703,5.59245329269087));
#2164=CARTESIAN_POINT('Ctrl Pts',(2.92942743299198,-0.551826329070733,5.5850782339211));
#2165=CARTESIAN_POINT('Ctrl Pts',(2.85439136398201,-0.814717928288587,5.57770317515133));
#2166=CARTESIAN_POINT('Ctrl Pts',(2.58480732195826,-1.75921543283958,5.55120660917247));
#2167=CARTESIAN_POINT('Ctrl Pts',(1.79991792627004,-2.55663066122498,5.5247100431936));
#2168=CARTESIAN_POINT('Ctrl Pts',(0.859807144364995,-2.84113446828332,5.49821347721473));
#2169=CARTESIAN_POINT('Ctrl Pts',(-0.0803036375400483,-3.12563827534167,
5.47171691123586));
#2170=CARTESIAN_POINT('Ctrl Pts',(-1.17563580566192,-2.89723066107295,5.44522034525699));
#2171=CARTESIAN_POINT('Ctrl Pts',(-1.92368413276851,-2.26069766138769,5.41872377927812));
#2172=CARTESIAN_POINT('Ctrl Pts',(-2.6717324598751,-1.62416466170242,5.39222721329926));
#2173=CARTESIAN_POINT('Ctrl Pts',(-3.07249694596641,-0.579506276600607,
5.36573064732039));
#2174=CARTESIAN_POINT('Ctrl Pts',(-2.94211881694892,0.394019424844021,5.33923408134152));
#2175=CARTESIAN_POINT('Ctrl Pts',(-2.81174068793142,1.36754512628865,5.31273751536266));
#2176=CARTESIAN_POINT('Ctrl Pts',(-2.15021994380512,2.26993814407609,5.28624094938378));
#2177=CARTESIAN_POINT('Ctrl Pts',(-1.26104243092682,2.68720787648925,5.25974438340492));
#2178=CARTESIAN_POINT('Ctrl Pts',(-0.371864918048515,3.10447760890241,5.23324781742605));
#2179=CARTESIAN_POINT('Ctrl Pts',(0.744969363581793,3.03662405594128,5.20675125144718));
#2180=CARTESIAN_POINT('Ctrl Pts',(1.57709050701572,2.51477631127818,5.18025468546832));
#2181=CARTESIAN_POINT('Ctrl Pts',(2.40921165044965,1.99292856661509,5.15375811948945));
#2182=CARTESIAN_POINT('Ctrl Pts',(2.9566196556872,1.01708663025004,5.12726155351058));
#2183=CARTESIAN_POINT('Ctrl Pts',(2.96818020138369,0.0349374326709765,5.10076498753171));
#2184=CARTESIAN_POINT('Ctrl Pts',(2.96831642059677,0.023364657965617,5.10045277550802));
#2185=CARTESIAN_POINT('Ctrl Pts',(2.96837824181328,0.0117910075491124,5.10014056348433));
#2186=CARTESIAN_POINT('Ctrl Pts',(2.96836605853258,0.000217223299492112,
5.09982835146065));
#2187=CARTESIAN_POINT('Origin',(0.,0.,1.68642888586809));
#2188=CARTESIAN_POINT('',(2.9627567572489,0.00271472795298475,4.53128954106694));
#2189=CARTESIAN_POINT('',(2.96151534244557,0.00253961380407699,4.59982835146065));
#2190=CARTESIAN_POINT('',(2.9635,-3.62924078927318E-16,1.68642888586809));
#2191=CARTESIAN_POINT('Ctrl Pts',(2.9627567572489,0.00271472795298475,4.53128954106694));
#2192=CARTESIAN_POINT('Ctrl Pts',(2.96504267915091,0.257144584548185,4.53811933444336));
#2193=CARTESIAN_POINT('Ctrl Pts',(2.93500407244783,0.511042886622316,4.54494912781977));
#2194=CARTESIAN_POINT('Ctrl Pts',(2.8705344670727,0.755874750780903,4.55177892119619));
#2195=CARTESIAN_POINT('Ctrl Pts',(2.62042102171541,1.70571368219112,4.57827548717506));
#2196=CARTESIAN_POINT('Ctrl Pts',(1.85208816893097,2.51909406562777,4.60477205315392));
#2197=CARTESIAN_POINT('Ctrl Pts',(0.918023882565311,2.8228614767234,4.63126861913279));
#2198=CARTESIAN_POINT('Ctrl Pts',(-0.0160404038003516,3.12662888781902,
4.65776518511166));
#2199=CARTESIAN_POINT('Ctrl Pts',(-1.11583612374724,2.92078332657363,4.68426175109053));
#2200=CARTESIAN_POINT('Ctrl Pts',(-1.87681012233781,2.29976053750243,4.71075831706939));
#2201=CARTESIAN_POINT('Ctrl Pts',(-2.63778412092838,1.67873774843123,4.73725488304826));
#2202=CARTESIAN_POINT('Ctrl Pts',(-3.05993639816264,0.642537731534221,4.76375144902713));
#2203=CARTESIAN_POINT('Ctrl Pts',(-2.9495962026638,-0.333462151983194,4.790248015006));
#2204=CARTESIAN_POINT('Ctrl Pts',(-2.83925600716495,-1.3094620355006,4.81674458098487));
#2205=CARTESIAN_POINT('Ctrl Pts',(-2.19642333893299,-2.22526178563842,4.84324114696373));
#2206=CARTESIAN_POINT('Ctrl Pts',(-1.31601046681492,-2.66072005630118,4.8697377129426));
#2207=CARTESIAN_POINT('Ctrl Pts',(-0.435597594696842,-3.09617832696394,
4.89623427892147));
#2208=CARTESIAN_POINT('Ctrl Pts',(0.682395481307364,-3.05129511815162,4.92273084490034));
#2209=CARTESIAN_POINT('Ctrl Pts',(1.52506720756454,-2.54666149600684,4.9492274108792));
#2210=CARTESIAN_POINT('Ctrl Pts',(2.36773893382172,-2.04202787386206,4.97572397685807));
#2211=CARTESIAN_POINT('Ctrl Pts',(2.93508931033186,-1.07764383838481,5.00222054283694));
#2212=CARTESIAN_POINT('Ctrl Pts',(2.96683507009755,-0.095939738653865,5.02871710881581));
#2213=CARTESIAN_POINT('Ctrl Pts',(2.96786242104211,-0.0641699954950969,
5.02957458623286));
#2214=CARTESIAN_POINT('Ctrl Pts',(2.96832883960721,-0.032382113237915,5.0304320636499));
#2215=CARTESIAN_POINT('Ctrl Pts',(2.96824216014514,-0.000591625413617625,
5.03128954106694));
#2216=CARTESIAN_POINT('Ctrl Pts',(2.96836605853258,0.000217223299492112,
5.09982835146065));
#2217=CARTESIAN_POINT('Ctrl Pts',(2.96734428067015,-0.970443867243169,5.07364399750547));
#2218=CARTESIAN_POINT('Ctrl Pts',(2.44579630780544,-1.9420463010776,5.04745964355029));
#2219=CARTESIAN_POINT('Ctrl Pts',(1.63584651404596,-2.47695790891857,5.02127528959511));
#2220=CARTESIAN_POINT('Ctrl Pts',(0.816239194856306,-3.01824759413598,4.99477872361624));
#2221=CARTESIAN_POINT('Ctrl Pts',(-0.298688529678432,-3.11237050577768,
4.96828215763737));
#2222=CARTESIAN_POINT('Ctrl Pts',(-1.19744140053831,-2.71614587590802,4.9417855916585));
#2223=CARTESIAN_POINT('Ctrl Pts',(-2.09619427139819,-2.31992124603836,4.91528902567963));
#2224=CARTESIAN_POINT('Ctrl Pts',(-2.77877228858321,-1.43334907465733,4.88879245970077));
#2225=CARTESIAN_POINT('Ctrl Pts',(-2.93202921217736,-0.463161979700723,
4.8622958937219));
#2226=CARTESIAN_POINT('Ctrl Pts',(-3.0852861357715,0.507025115255882,4.83579932774303));
#2227=CARTESIAN_POINT('Ctrl Pts',(-2.70922196577476,1.56082713378808,4.80930276176416));
#2228=CARTESIAN_POINT('Ctrl Pts',(-1.97636361896817,2.21479144894782,4.78280619578529));
#2229=CARTESIAN_POINT('Ctrl Pts',(-1.24350527216157,2.86875576410758,4.75630962980643));
#2230=CARTESIAN_POINT('Ctrl Pts',(-0.153852748545109,3.12288237589487,4.72981306382756));
#2231=CARTESIAN_POINT('Ctrl Pts',(0.792694190486117,2.86058564651181,4.70331649784869));
#2232=CARTESIAN_POINT('Ctrl Pts',(1.73924112951733,2.59828891712876,4.67681993186982));
#2233=CARTESIAN_POINT('Ctrl Pts',(2.54268248396329,1.81956884657538,4.65032336589095));
#2234=CARTESIAN_POINT('Ctrl Pts',(2.83442355645659,0.881678752190768,4.62382679991208));
#2235=CARTESIAN_POINT('Ctrl Pts',(2.92250205305601,0.598523731257682,4.61582731709494));
#2236=CARTESIAN_POINT('Ctrl Pts',(2.96394036167426,0.300860764766844,4.60782783427779));
#2237=CARTESIAN_POINT('Ctrl Pts',(2.96151534244557,0.00253961380407699,
4.59982835146065));
#2238=CARTESIAN_POINT('Origin',(0.,0.,1.68642888586809));
#2239=CARTESIAN_POINT('',(2.95879159892654,-0.000772629253353585,4.03128954106694));
#2240=CARTESIAN_POINT('',(2.95928054025665,-0.00143182366889877,4.09982835146065));
#2241=CARTESIAN_POINT('',(2.9635,-3.62924078927318E-16,1.68642888586809));
#2242=CARTESIAN_POINT('Ctrl Pts',(2.95879159892654,-0.000772629253353585,
4.03128954106694));
#2243=CARTESIAN_POINT('Ctrl Pts',(2.95752845278765,0.54185817187646,4.04580660523681));
#2244=CARTESIAN_POINT('Ctrl Pts',(2.81486306278763,1.08510706746938,4.06032366940669));
#2245=CARTESIAN_POINT('Ctrl Pts',(2.53483191593115,1.54464945003942,4.07484073357656));
#2246=CARTESIAN_POINT('Ctrl Pts',(2.02371867209647,2.383406854248,4.10133729955543));
#2247=CARTESIAN_POINT('Ctrl Pts',(1.05499061525466,2.9433077138487,4.1278338655343));
#2248=CARTESIAN_POINT('Ctrl Pts',(0.0730710037712968,2.96748637637037,4.15433043151317));
#2249=CARTESIAN_POINT('Ctrl Pts',(-0.908848607712081,2.99166503889205,4.18082699749204));
#2250=CARTESIAN_POINT('Ctrl Pts',(-1.90395977383701,2.48012150433467,4.20732356347091));
#2251=CARTESIAN_POINT('Ctrl Pts',(-2.45573546025109,1.66753654076615,4.23382012944977));
#2252=CARTESIAN_POINT('Ctrl Pts',(-3.00751114666516,0.854951577197642,4.26031669542864));
#2253=CARTESIAN_POINT('Ctrl Pts',(-3.1159513533684,-0.258674815382001,4.2868132614075));
#2254=CARTESIAN_POINT('Ctrl Pts',(-2.73130697929777,-1.16244438592412,4.31330982738637));
#2255=CARTESIAN_POINT('Ctrl Pts',(-2.34666260522713,-2.06621395646623,4.33980639336524));
#2256=CARTESIAN_POINT('Ctrl Pts',(-1.46893365038263,-2.76012670497082,4.36630295934411));
#2257=CARTESIAN_POINT('Ctrl Pts',(-0.500795725655656,-2.92583636021003,
4.39279952532298));
#2258=CARTESIAN_POINT('Ctrl Pts',(0.467342199071328,-3.09154601544925,4.41929609130185));
#2259=CARTESIAN_POINT('Ctrl Pts',(1.52588909368079,-2.72905257742308,4.44579265728072));
#2260=CARTESIAN_POINT('Ctrl Pts',(2.18921552202045,-2.00465711871809,4.47228922325958));
#2261=CARTESIAN_POINT('Ctrl Pts',(2.68156196562213,-1.46698288682094,4.49195599586203));
#2262=CARTESIAN_POINT('Ctrl Pts',(2.95617431708475,-0.729930296157307,4.51162276846449));
#2263=CARTESIAN_POINT('Ctrl Pts',(2.9627567572489,0.00271472795298475,4.53128954106694));
#2264=CARTESIAN_POINT('Ctrl Pts',(2.96151534244557,0.00253961380407699,
4.59982835146065));
#2265=CARTESIAN_POINT('Ctrl Pts',(2.9559080071506,-0.687263872795278,4.58133126829893));
#2266=CARTESIAN_POINT('Ctrl Pts',(2.71577831156611,-1.38058644888099,4.56283418513721));
#2267=CARTESIAN_POINT('Ctrl Pts',(2.27545658926996,-1.90620345960157,4.54433710197548));
#2268=CARTESIAN_POINT('Ctrl Pts',(1.64470775904941,-2.6591354587934,4.51784053599662));
#2269=CARTESIAN_POINT('Ctrl Pts',(0.603169308067679,-3.06793933896121,4.49134397001774));
#2270=CARTESIAN_POINT('Ctrl Pts',(-0.371332289313456,-2.94506819115109,
4.46484740403888));
#2271=CARTESIAN_POINT('Ctrl Pts',(-1.34583388669459,-2.82219704334097,4.43835083806001));
#2272=CARTESIAN_POINT('Ctrl Pts',(-2.25329863047512,-2.16765086755292,4.41185427208114));
#2273=CARTESIAN_POINT('Ctrl Pts',(-2.67740902527833,-1.28171573711388,4.38535770610228));
#2274=CARTESIAN_POINT('Ctrl Pts',(-3.10151942008154,-0.395780606674847,
4.35886114012341));
#2275=CARTESIAN_POINT('Ctrl Pts',(-3.04227546590743,0.721543478415175,4.33236457414454));
#2276=CARTESIAN_POINT('Ctrl Pts',(-2.52685650476973,1.55766187719673,4.30586800816567));
#2277=CARTESIAN_POINT('Ctrl Pts',(-2.01143754363203,2.39378027597829,4.2793714421868));
#2278=CARTESIAN_POINT('Ctrl Pts',(-1.03984357553075,2.94869298845138,4.25287487620794));
#2279=CARTESIAN_POINT('Ctrl Pts',(-0.0578126525950294,2.96782277379377,
4.22637831022907));
#2280=CARTESIAN_POINT('Ctrl Pts',(0.924218270340699,2.98695255913616,4.1998817442502));
#2281=CARTESIAN_POINT('Ctrl Pts',(1.91668614811086,2.47029941734785,4.17338517827133));
#2282=CARTESIAN_POINT('Ctrl Pts',(2.46427660744787,1.65488825042637,4.14688861229246));
#2283=CARTESIAN_POINT('Ctrl Pts',(2.78846641460961,1.17214063411131,4.13120185868186));
#2284=CARTESIAN_POINT('Ctrl Pts',(2.95672706567014,0.58467858454507,4.11551510507125));
#2285=CARTESIAN_POINT('Ctrl Pts',(2.95928054025665,-0.00143182366889877,
4.09982835146065));
#2286=CARTESIAN_POINT('Origin',(0.,0.,1.68642888586809));
#2287=CARTESIAN_POINT('',(2.96559836246856,-0.00239471105208749,3.53128954106694));
#2288=CARTESIAN_POINT('',(2.96676654173368,-0.00192966382236097,3.59982835146065));
#2289=CARTESIAN_POINT('',(2.9635,-3.62924078927318E-16,1.68642888586809));
#2290=CARTESIAN_POINT('Ctrl Pts',(2.96559836246856,-0.00239471105208749,
3.53128954106694));
#2291=CARTESIAN_POINT('Ctrl Pts',(2.95835395461078,0.822748217349164,3.55349387603027));
#2292=CARTESIAN_POINT('Ctrl Pts',(2.5990403184156,1.65342298865297,3.57569821099361));
#2293=CARTESIAN_POINT('Ctrl Pts',(1.98772493605131,2.20460072215606,3.59790254595694));
#2294=CARTESIAN_POINT('Ctrl Pts',(1.25823862675811,2.86232441466762,3.62439911193581));
#2295=CARTESIAN_POINT('Ctrl Pts',(0.169907074431799,3.12205014096934,3.65089567791467));
#2296=CARTESIAN_POINT('Ctrl Pts',(-0.777975980800675,2.86462355970703,3.67739224389354));
#2297=CARTESIAN_POINT('Ctrl Pts',(-1.72585903603314,2.60719697844471,3.70388880987241));
#2298=CARTESIAN_POINT('Ctrl Pts',(-2.53329359417177,1.83261808961836,3.73038537585128));
#2299=CARTESIAN_POINT('Ctrl Pts',(-2.82985299655816,0.896240360283976,3.75688194183015));
#2300=CARTESIAN_POINT('Ctrl Pts',(-3.12641239894455,-0.0401373690504207,
3.78337850780902));
#2301=CARTESIAN_POINT('Ctrl Pts',(-2.91209664557867,-1.13831393889286,3.80987507378789));
#2302=CARTESIAN_POINT('Ctrl Pts',(-2.28522734979373,-1.89447901157173,3.83637163976675));
#2303=CARTESIAN_POINT('Ctrl Pts',(-1.65835805400878,-2.65064408425059,3.86286820574562));
#2304=CARTESIAN_POINT('Ctrl Pts',(-0.618935215804767,-3.06479765976589,
3.88936477172448));
#2305=CARTESIAN_POINT('Ctrl Pts',(0.356185269800848,-2.94693855027702,3.91586133770335));
#2306=CARTESIAN_POINT('Ctrl Pts',(1.33130575540646,-2.82907944078815,3.94235790368222));
#2307=CARTESIAN_POINT('Ctrl Pts',(2.24212388841368,-2.17920764629511,3.96885446966109));
#2308=CARTESIAN_POINT('Ctrl Pts',(2.67078373950352,-1.29546477464037,3.99535103563996));
#2309=CARTESIAN_POINT('Ctrl Pts',(2.86458739940682,-0.895911136704176,4.00733053744895));
#2310=CARTESIAN_POINT('Ctrl Pts',(2.95983394890025,-0.448552330967402,4.01931003925795));
#2311=CARTESIAN_POINT('Ctrl Pts',(2.95879159892654,-0.000772629253353585,
4.03128954106694));
#2312=CARTESIAN_POINT('Ctrl Pts',(2.95928054025665,-0.00143182366889877,
4.09982835146065));
#2313=CARTESIAN_POINT('Ctrl Pts',(2.96104015106284,-0.4053231384146,4.08901853909238));
#2314=CARTESIAN_POINT('Ctrl Pts',(2.8841112235057,-0.808572605989498,4.07820872672412));
#2315=CARTESIAN_POINT('Ctrl Pts',(2.72529408029149,-1.17647205463622,4.06739891435586));
#2316=CARTESIAN_POINT('Ctrl Pts',(2.33600805289424,-2.07825200072269,4.04090234837699));
#2317=CARTESIAN_POINT('Ctrl Pts',(1.4547229571959,-2.76764270084097,4.01440578239812));
#2318=CARTESIAN_POINT('Ctrl Pts',(0.485745854410328,-2.92837246339088,3.98790921641926));
#2319=CARTESIAN_POINT('Ctrl Pts',(-0.483231248375248,-3.08910222594079,
3.96141265044039));
#2320=CARTESIAN_POINT('Ctrl Pts',(-1.53990035824805,-2.72117105092233,3.93491608446152));
#2321=CARTESIAN_POINT('Ctrl Pts',(-2.19949351013501,-1.99337468085935,3.90841951848265));
#2322=CARTESIAN_POINT('Ctrl Pts',(-2.85908666202196,-1.26557831079639,3.88192295250378));
#2323=CARTESIAN_POINT('Ctrl Pts',(-3.12160385592308,-0.177916745688919,
3.85542638652492));
#2324=CARTESIAN_POINT('Ctrl Pts',(-2.86661010921767,0.770623644296212,3.82892982054605));
#2325=CARTESIAN_POINT('Ctrl Pts',(-2.61161636251226,1.71916403428136,3.80243325456718));
#2326=CARTESIAN_POINT('Ctrl Pts',(-1.83911167520033,2.52858324914415,3.77593668858831));
#2327=CARTESIAN_POINT('Ctrl Pts',(-0.90349793314911,2.82754412949013,3.74944012260944));
#2328=CARTESIAN_POINT('Ctrl Pts',(0.0321158089021104,3.12650500983611,3.72294355663057));
#2329=CARTESIAN_POINT('Ctrl Pts',(1.13083860569261,2.91500755566526,3.69644699065171));
#2330=CARTESIAN_POINT('Ctrl Pts',(1.88860952707678,2.29008042951612,3.66995042467284));
#2331=CARTESIAN_POINT('Ctrl Pts',(2.55707939684214,1.73879910841885,3.64657640026878));
#2332=CARTESIAN_POINT('Ctrl Pts',(2.96022260906142,0.865789353167509,3.62320237586471));
#2333=CARTESIAN_POINT('Ctrl Pts',(2.96676654173368,-0.00192966382236097,
3.59982835146065));
#2334=CARTESIAN_POINT('Origin',(0.,0.,1.68642888586809));
#2335=CARTESIAN_POINT('',(2.96651167291551,0.00205436246953516,3.03128954106694));
#2336=CARTESIAN_POINT('',(2.96530371840632,0.00247552351203005,3.09982835146065));
#2337=CARTESIAN_POINT('',(2.9635,-3.62924078927318E-16,1.68642888586809));
#2338=CARTESIAN_POINT('Ctrl Pts',(2.96651167291551,0.00205436246953516,
3.03128954106694));
#2339=CARTESIAN_POINT('Ctrl Pts',(2.96750776005952,0.128117516056816,3.03468458084486));
#2340=CARTESIAN_POINT('Ctrl Pts',(2.96016979972703,0.254063862073083,3.03807962062279));
#2341=CARTESIAN_POINT('Ctrl Pts',(2.94410584605133,0.378887229631211,3.04147466040071));
#2342=CARTESIAN_POINT('Ctrl Pts',(2.8187348235327,1.35307039405662,3.06797122637958));
#2343=CARTESIAN_POINT('Ctrl Pts',(2.16186250590017,2.2588528066812,3.09446779235845));
#2344=CARTESIAN_POINT('Ctrl Pts',(1.2748421301848,2.68068877504217,3.12096435833732));
#2345=CARTESIAN_POINT('Ctrl Pts',(0.387821754469441,3.10252474340314,3.14746092431618));
#2346=CARTESIAN_POINT('Ctrl Pts',(-0.729346679328729,3.04041426750051,3.17395749029505));
#2347=CARTESIAN_POINT('Ctrl Pts',(-1.56413993831204,2.52285176316573,3.20045405627392));
#2348=CARTESIAN_POINT('Ctrl Pts',(-2.39893319729535,2.00528925883096,3.22695062225279));
#2349=CARTESIAN_POINT('Ctrl Pts',(-2.95135128146378,1.03227472606404,3.25344718823166));
#2350=CARTESIAN_POINT('Ctrl Pts',(-2.9679614103667,0.0501979292935087,3.27994375421052));
#2351=CARTESIAN_POINT('Ctrl Pts',(-2.98457153926962,-0.931878867477034,
3.30644032018939));
#2352=CARTESIAN_POINT('Ctrl Pts',(-2.46537371290702,-1.9230179282512,3.33293688616826));
#2353=CARTESIAN_POINT('Ctrl Pts',(-1.64856025790607,-2.46851450098716,3.35943345214713));
#2354=CARTESIAN_POINT('Ctrl Pts',(-0.831746802905131,-3.01401107372311,
3.385930018126));
#2355=CARTESIAN_POINT('Ctrl Pts',(0.282682280734151,-3.11386515842087,3.41242658410487));
#2356=CARTESIAN_POINT('Ctrl Pts',(1.183460491469,-2.72226670821637,3.43892315008373));
#2357=CARTESIAN_POINT('Ctrl Pts',(2.08423870220385,-2.33066825801187,3.4654197160626));
#2358=CARTESIAN_POINT('Ctrl Pts',(2.77136604003427,-1.44761727290511,3.49191628204147));
#2359=CARTESIAN_POINT('Ctrl Pts',(2.92960917581943,-0.478230950991022,3.51841284802033));
#2360=CARTESIAN_POINT('Ctrl Pts',(2.95524329368792,-0.321198147560082,3.52270507903587));
#2361=CARTESIAN_POINT('Ctrl Pts',(2.96699874992208,-0.161899784065139,3.5269973100514));
#2362=CARTESIAN_POINT('Ctrl Pts',(2.96559836246856,-0.00239471105208749,
3.53128954106694));
#2363=CARTESIAN_POINT('Ctrl Pts',(2.96676654173368,-0.00192966382236097,
3.59982835146065));
#2364=CARTESIAN_POINT('Ctrl Pts',(2.96764074728249,-0.117848457221418,3.59670580988585));
#2365=CARTESIAN_POINT('Ctrl Pts',(2.96143710219345,-0.233672830239223,3.59358326831104));
#2366=CARTESIAN_POINT('Ctrl Pts',(2.94784263959495,-0.348623136931362,3.59046072673624));
#2367=CARTESIAN_POINT('Ctrl Pts',(2.83248578475114,-1.32404277910227,3.56396416075737));
#2368=CARTESIAN_POINT('Ctrl Pts',(2.18495302908569,-2.23652526531665,3.5374675947785));
#2369=CARTESIAN_POINT('Ctrl Pts',(1.30231289986842,-2.66745111112734,3.51097102879963));
#2370=CARTESIAN_POINT('Ctrl Pts',(0.419672770651157,-3.09837695693803,3.48447446282076));
#2371=CARTESIAN_POINT('Ctrl Pts',(-0.698074732117929,-3.04774616234503,
3.4579778968419));
#2372=CARTESIAN_POINT('Ctrl Pts',(-1.53814071613643,-2.5387866111159,3.43148133086303));
#2373=CARTESIAN_POINT('Ctrl Pts',(-2.37820670015493,-2.02982705988677,3.40498476488416));
#2374=CARTESIAN_POINT('Ctrl Pts',(-2.94059116542286,-1.06253875202151,3.37848819890529));
#2375=CARTESIAN_POINT('Ctrl Pts',(-2.96728905598765,-0.0806844324141167,
3.35199163292642));
#2376=CARTESIAN_POINT('Ctrl Pts',(-2.99398694655244,0.901169887193293,3.32549506694756));
#2377=CARTESIAN_POINT('Ctrl Pts',(-2.48499826241408,1.89759021854283,3.29899850096869));
#2378=CARTESIAN_POINT('Ctrl Pts',(-1.67383168320471,2.45144892170287,3.27250193498982));
#2379=CARTESIAN_POINT('Ctrl Pts',(-0.862665103995354,3.00530762486291,3.24600536901095));
#2380=CARTESIAN_POINT('Ctrl Pts',(0.25067937028502,3.11660469983345,3.21950880303208));
#2381=CARTESIAN_POINT('Ctrl Pts',(1.15543282420348,2.7342804004292,3.19301223705321));
#2382=CARTESIAN_POINT('Ctrl Pts',(2.06018627812194,2.35195610102495,3.16651567107435));
#2383=CARTESIAN_POINT('Ctrl Pts',(2.7563487116785,1.47601042724592,3.14001910509548));
#2384=CARTESIAN_POINT('Ctrl Pts',(2.9245417659132,0.508300874332686,3.11352253911661));
#2385=CARTESIAN_POINT('Ctrl Pts',(2.95351743580387,0.341587494384592,3.10895780989796));
#2386=CARTESIAN_POINT('Ctrl Pts',(2.96682344502359,0.172150644280465,3.1043930806793));
#2387=CARTESIAN_POINT('Ctrl Pts',(2.96530371840632,0.00247552351203005,
3.09982835146065));
#2388=CARTESIAN_POINT('Origin',(0.,0.,1.68642888586809));
#2389=CARTESIAN_POINT('',(2.95914052232508,0.0012853862718161,2.53128954106694));
#2390=CARTESIAN_POINT('',(2.95872080795768,0.000609806032295859,2.59982835146065));
#2391=CARTESIAN_POINT('',(2.9635,-3.62924078927318E-16,1.68642888586809));
#2392=CARTESIAN_POINT('Ctrl Pts',(2.95914052232508,0.0012853862718161,2.53128954106694));
#2393=CARTESIAN_POINT('Ctrl Pts',(2.96075555103486,0.415407176420364,2.54237185163832));
#2394=CARTESIAN_POINT('Ctrl Pts',(2.87975142883925,0.828925198580352,2.55345416220971));
#2395=CARTESIAN_POINT('Ctrl Pts',(2.71306473106476,1.20440629796748,2.56453647278109));
#2396=CARTESIAN_POINT('Ctrl Pts',(2.31453546616706,2.10213964153748,2.59103303875996));
#2397=CARTESIAN_POINT('Ctrl Pts',(1.42621490513684,2.78244075247506,2.61752960473882));
#2398=CARTESIAN_POINT('Ctrl Pts',(0.455637768804713,2.9332079689599,2.64402617071769));
#2399=CARTESIAN_POINT('Ctrl Pts',(-0.514939367527403,3.08397518544474,2.67052273669656));
#2400=CARTESIAN_POINT('Ctrl Pts',(-1.56777307916143,2.70520850747685,2.69701930267543));
#2401=CARTESIAN_POINT('Ctrl Pts',(-2.21985496623075,1.97067468000984,2.7235158686543));
#2402=CARTESIAN_POINT('Ctrl Pts',(-2.87193685330009,1.23614085254281,2.75001243463317));
#2403=CARTESIAN_POINT('Ctrl Pts',(-3.12326691580471,0.145839875576647,2.77650900061203));
#2404=CARTESIAN_POINT('Ctrl Pts',(-2.85854249009764,-0.800030998047933,
2.8030055665909));
#2405=CARTESIAN_POINT('Ctrl Pts',(-2.59381806439058,-1.7459018716725,2.82950213256977));
#2406=CARTESIAN_POINT('Ctrl Pts',(-1.81303915047185,-2.54734264195549,2.85599869854864));
#2407=CARTESIAN_POINT('Ctrl Pts',(-0.874403600190406,-2.83667641959834,
2.8824952645275));
#2408=CARTESIAN_POINT('Ctrl Pts',(0.0642319500910521,-3.1260101972412,2.90899183050637));
#2409=CARTESIAN_POINT('Ctrl Pts',(1.16072413673523,-2.90323698224391,2.93548839648524));
#2410=CARTESIAN_POINT('Ctrl Pts',(1.91203536635495,-2.27055841663215,2.96198496246411));
#2411=CARTESIAN_POINT('Ctrl Pts',(2.56708010196203,-1.71894578607799,2.98508648866505));
#2412=CARTESIAN_POINT('Ctrl Pts',(2.95973380438933,-0.855741550410938,3.00818801486599));
#2413=CARTESIAN_POINT('Ctrl Pts',(2.96651167291551,0.00205436246953516,
3.03128954106694));
#2414=CARTESIAN_POINT('Ctrl Pts',(2.96530371840632,0.00247552351203005,
3.09982835146065));
#2415=CARTESIAN_POINT('Ctrl Pts',(2.95800199370517,-0.812750719427983,3.07789651470044));
#2416=CARTESIAN_POINT('Ctrl Pts',(2.60845596656911,-1.63347731514597,3.05596467794022));
#2417=CARTESIAN_POINT('Ctrl Pts',(2.01026733361515,-2.18406491817847,3.03403284118001));
#2418=CARTESIAN_POINT('Ctrl Pts',(1.28757617216955,-2.84924772572896,3.00753627520114));
#2419=CARTESIAN_POINT('Ctrl Pts',(0.201970174365505,-3.12013990878249,2.98103970922227));
#2420=CARTESIAN_POINT('Ctrl Pts',(-0.748507322002334,-2.87246429191504,
2.9545431432434));
#2421=CARTESIAN_POINT('Ctrl Pts',(-1.69898481837015,-2.6247886750476,2.92804657726454));
#2422=CARTESIAN_POINT('Ctrl Pts',(-2.51433381330178,-1.85854525825919,2.90155001128567));
#2423=CARTESIAN_POINT('Ctrl Pts',(-2.82049674288851,-0.925263445064922,
2.8750534453068));
#2424=CARTESIAN_POINT('Ctrl Pts',(-3.12665967247524,0.0080183681293633,
2.84855687932793));
#2425=CARTESIAN_POINT('Ctrl Pts',(-2.92363653671706,1.10833857772952,2.82206031334906));
#2426=CARTESIAN_POINT('Ctrl Pts',(-2.30456823607609,1.87090340870053,2.79556374737019));
#2427=CARTESIAN_POINT('Ctrl Pts',(-1.68549993543511,2.63346823967153,2.76906718139133));
#2428=CARTESIAN_POINT('Ctrl Pts',(-0.650386469911353,3.05827769201338,2.74257061541246));
#2429=CARTESIAN_POINT('Ctrl Pts',(0.325893275882878,2.95044198250913,2.71607404943359));
#2430=CARTESIAN_POINT('Ctrl Pts',(1.30217302167711,2.84260627300489,2.68957748345473));
#2431=CARTESIAN_POINT('Ctrl Pts',(2.2196190477418,2.20212540165455,2.66308091747586));
#2432=CARTESIAN_POINT('Ctrl Pts',(2.65733474702804,1.32283270357802,2.63658435149699));
#2433=CARTESIAN_POINT('Ctrl Pts',(2.85973428654703,0.916248161412163,2.62433235148487));
#2434=CARTESIAN_POINT('Ctrl Pts',(2.95956108365365,0.458602465467874,2.61208035147276));
#2435=CARTESIAN_POINT('Ctrl Pts',(2.95872080795768,0.000609806032295859,
2.59982835146065));
#2436=CARTESIAN_POINT('Origin',(0.,0.,1.68642888586809));
#2437=CARTESIAN_POINT('',(2.96179340001916,-0.00259758419976552,2.03128954106694));
#2438=CARTESIAN_POINT('',(2.96306015556499,-0.00272706041086998,2.09982835146065));
#2439=CARTESIAN_POINT('',(2.9635,-3.62924078927318E-16,1.68642888586809));
#2440=CARTESIAN_POINT('Ctrl Pts',(2.96179340001916,-0.00259758419976552,
2.03128954106694));
#2441=CARTESIAN_POINT('Ctrl Pts',(2.95593358030036,0.697201881476701,2.05005912243178));
#2442=CARTESIAN_POINT('Ctrl Pts',(2.7080186496451,1.40073585325888,2.06882870379662));
#2443=CARTESIAN_POINT('Ctrl Pts',(2.25575460944127,1.92947814382949,2.08759828516147));
#2444=CARTESIAN_POINT('Ctrl Pts',(1.61730435590624,2.67589090155693,2.11409485114033));
#2445=CARTESIAN_POINT('Ctrl Pts',(0.571621292455344,3.07397374658277,2.1405914171192));
#2446=CARTESIAN_POINT('Ctrl Pts',(-0.401566683083034,2.94109825823091,2.16708798309807));
#2447=CARTESIAN_POINT('Ctrl Pts',(-1.37475465862143,2.80822276987905,2.19358454907694));
#2448=CARTESIAN_POINT('Ctrl Pts',(-2.27544754624731,2.14438894814947,2.2200811150558));
#2449=CARTESIAN_POINT('Ctrl Pts',(-2.69043457429169,1.25414375850104,2.24657768103467));
#2450=CARTESIAN_POINT('Ctrl Pts',(-3.10542160233606,0.363898568852629,2.27307424701354));
#2451=CARTESIAN_POINT('Ctrl Pts',(-3.03470277079895,-0.752757988714609,
2.29957081299241));
#2452=CARTESIAN_POINT('Ctrl Pts',(-2.51072174982856,-1.58353751470214,2.32606737897128));
#2453=CARTESIAN_POINT('Ctrl Pts',(-1.98674072885817,-2.41431704068969,2.35256394495014));
#2454=CARTESIAN_POINT('Ctrl Pts',(-1.00949751845449,-2.95921953509751,2.37906051092901));
#2455=CARTESIAN_POINT('Ctrl Pts',(-0.0273218729953736,-2.96826014371841,
2.40555707690788));
#2456=CARTESIAN_POINT('Ctrl Pts',(0.954853772463725,-2.97730075233931,2.43205364288675));
#2457=CARTESIAN_POINT('Ctrl Pts',(1.94196185297826,-2.45047947517331,2.45855020886562));
#2458=CARTESIAN_POINT('Ctrl Pts',(2.48114690885295,-1.62948604848912,2.48504677484449));
#2459=CARTESIAN_POINT('Ctrl Pts',(2.79481533553812,-1.15187689804792,2.50046103025197));
#2460=CARTESIAN_POINT('Ctrl Pts',(2.95689419789095,-0.574711740143106,2.51587528565945));
#2461=CARTESIAN_POINT('Ctrl Pts',(2.95914052232508,0.0012853862718161,2.53128954106694));
#2462=CARTESIAN_POINT('Ctrl Pts',(2.95872080795768,0.000609806032295859,
2.59982835146065));
#2463=CARTESIAN_POINT('Ctrl Pts',(2.95774387663467,-0.531867066573702,2.58558378549389));
#2464=CARTESIAN_POINT('Ctrl Pts',(2.82069396253166,-1.06481293421314,2.57133921952714));
#2465=CARTESIAN_POINT('Ctrl Pts',(2.55056591033659,-1.51852818757077,2.55709465356038));
#2466=CARTESIAN_POINT('Ctrl Pts',(2.04809600185116,-2.36249185584029,2.53059808758152));
#2467=CARTESIAN_POINT('Ctrl Pts',(1.08517081237253,-2.93231466757665,2.50410152160265));
#2468=CARTESIAN_POINT('Ctrl Pts',(0.103551419478174,-2.96657907748001,2.47760495562378));
#2469=CARTESIAN_POINT('Ctrl Pts',(-0.878067973416196,-3.00084348738337,
2.45110838964491));
#2470=CARTESIAN_POINT('Ctrl Pts',(-1.87838156972629,-2.49954949545374,2.42461182366605));
#2471=CARTESIAN_POINT('Ctrl Pts',(-2.43847561680577,-1.69267568827044,2.39811525768718));
#2472=CARTESIAN_POINT('Ctrl Pts',(-2.99856966388525,-0.88580188108715,2.37161869170831));
#2473=CARTESIAN_POINT('Ctrl Pts',(-3.1184441617341,0.226651741349798,2.34512212572944));
#2474=CARTESIAN_POINT('Ctrl Pts',(-2.74310430086725,1.13432495960446,2.31862555975057));
#2475=CARTESIAN_POINT('Ctrl Pts',(-2.3677644400004,2.04199817785913,2.29212899377171));
#2476=CARTESIAN_POINT('Ctrl Pts',(-1.49721022041783,2.74489099193152,2.26563242779284));
#2477=CARTESIAN_POINT('Ctrl Pts',(-0.530825700543272,2.92053734697244,2.23913586181397));
#2478=CARTESIAN_POINT('Ctrl Pts',(0.435558819331293,3.09618370201336,2.2126392958351));
#2479=CARTESIAN_POINT('Ctrl Pts',(1.49777363949783,2.74458359802281,2.18614272985623));
#2480=CARTESIAN_POINT('Ctrl Pts',(2.16850659001553,2.02704057395932,2.15964616387736));
#2481=CARTESIAN_POINT('Ctrl Pts',(2.673248447857,1.48707306711855,2.13970689307179));
#2482=CARTESIAN_POINT('Ctrl Pts',(2.95629779928498,0.739875521175296,2.11976762226622));
#2483=CARTESIAN_POINT('Ctrl Pts',(2.96306015556499,-0.00272706041086998,
2.09982835146065));
#2484=CARTESIAN_POINT('Origin',(0.,0.,1.68642888586809));
#2485=CARTESIAN_POINT('',(2.96838556024857,-2.76678004038078E-5,1.53128954106694));
#2486=CARTESIAN_POINT('',(2.96814078915739,0.000774224011544916,1.59982835146065));
#2487=CARTESIAN_POINT('',(2.9635,-3.62924078927318E-16,1.68642888586809));
#2488=CARTESIAN_POINT('Ctrl Pts',(2.96838556024857,-2.76678004038078E-5,
1.53128954106694));
#2489=CARTESIAN_POINT('Ctrl Pts',(2.9682504682468,0.98071769971324,1.55774639322524));
#2490=CARTESIAN_POINT('Ctrl Pts',(2.43420295517704,1.96158906101585,1.58420324538354));
#2491=CARTESIAN_POINT('Ctrl Pts',(1.61031504554881,2.4936319334678,1.61066009754184));
#2492=CARTESIAN_POINT('Ctrl Pts',(0.785190415224796,3.02647344420987,1.63715666352071));
#2493=CARTESIAN_POINT('Ctrl Pts',(-0.330645411301114,3.10913800090218,1.66365322949958));
#2494=CARTESIAN_POINT('Ctrl Pts',(-1.2252805612151,2.70370159445151,1.69014979547844));
#2495=CARTESIAN_POINT('Ctrl Pts',(-2.11991571112908,2.29826518800084,1.71664636145731));
#2496=CARTESIAN_POINT('Ctrl Pts',(-2.79335018443114,1.40472781840718,1.74314292743618));
#2497=CARTESIAN_POINT('Ctrl Pts',(-2.93663252585315,0.433017521161198,1.76963949341505));
#2498=CARTESIAN_POINT('Ctrl Pts',(-3.07991486727516,-0.538692776084793,
1.79613605939392));
#2499=CARTESIAN_POINT('Ctrl Pts',(-2.69304507681713,-1.58857600098312,1.82263262537278));
#2500=CARTESIAN_POINT('Ctrl Pts',(-1.95350736341064,-2.23497734812495,1.84912919135165));
#2501=CARTESIAN_POINT('Ctrl Pts',(-1.21396965000417,-2.88137869526676,1.87562575733052));
#2502=CARTESIAN_POINT('Ctrl Pts',(-0.121764013649244,-3.1242981646521,1.90212232330939));
#2503=CARTESIAN_POINT('Ctrl Pts',(0.822038492446371,-2.85229161946455,1.92861888928826));
#2504=CARTESIAN_POINT('Ctrl Pts',(1.76584099854202,-2.580285074277,1.95511545526713));
#2505=CARTESIAN_POINT('Ctrl Pts',(2.56124037437835,-1.79335251451653,1.98161202124599));
#2506=CARTESIAN_POINT('Ctrl Pts',(2.84333134048692,-0.852514899421752,2.00810858722486));
#2507=CARTESIAN_POINT('Ctrl Pts',(2.92559530467816,-0.578145844128649,2.01583557183889));
#2508=CARTESIAN_POINT('Ctrl Pts',(2.96420574667346,-0.290688170722577,2.02356255645291));
#2509=CARTESIAN_POINT('Ctrl Pts',(2.96179340001916,-0.00259758419976552,
2.03128954106694));
#2510=CARTESIAN_POINT('Ctrl Pts',(2.96306015556499,-0.00272706041086998,
2.09982835146065));
#2511=CARTESIAN_POINT('Ctrl Pts',(2.96528404663039,-0.246941824902178,2.09327105628735));
#2512=CARTESIAN_POINT('Ctrl Pts',(2.93762719644188,-0.490659638963551,2.08671376111406));
#2513=CARTESIAN_POINT('Ctrl Pts',(2.87814784661604,-0.726346537430665,2.08015646594076));
#2514=CARTESIAN_POINT('Ctrl Pts',(2.63780507183005,-1.67870468062076,2.05365989996189));
#2515=CARTESIAN_POINT('Ctrl Pts',(1.87786844138924,-2.49993502286454,2.02716333398303));
#2516=CARTESIAN_POINT('Ctrl Pts',(0.946973995166951,-2.81328181522855,2.00066676800416));
#2517=CARTESIAN_POINT('Ctrl Pts',(0.0160795489446434,-3.12662860759256,
1.97417020202529));
#2518=CARTESIAN_POINT('Ctrl Pts',(-1.08577271305914,-2.93209185007678,1.94767363604642));
#2519=CARTESIAN_POINT('Ctrl Pts',(-1.85308615630573,-2.31891914838059,1.92117707006755));
#2520=CARTESIAN_POINT('Ctrl Pts',(-2.62039959955232,-1.7057464466844,1.89468050408869));
#2521=CARTESIAN_POINT('Ctrl Pts',(-3.05317422404172,-0.673937800807806,
1.86818393810982));
#2522=CARTESIAN_POINT('Ctrl Pts',(-2.95286606545398,0.303144056363371,1.84168737213095));
#2523=CARTESIAN_POINT('Ctrl Pts',(-2.85255790686623,1.28022591353455,1.81519080615208));
#2524=CARTESIAN_POINT('Ctrl Pts',(-2.21916696520135,2.20258098200032,1.78869424017321));
#2525=CARTESIAN_POINT('Ctrl Pts',(-1.34327392935914,2.64706053389834,1.76219767419434));
#2526=CARTESIAN_POINT('Ctrl Pts',(-0.467380893516942,3.09154008579635,1.73570110821548));
#2527=CARTESIAN_POINT('Ctrl Pts',(0.65101423650256,3.05814412112664,1.70920454223661));
#2528=CARTESIAN_POINT('Ctrl Pts',(1.49882545651841,2.56219370273024,1.68270797625774));
#2529=CARTESIAN_POINT('Ctrl Pts',(2.34663667653425,2.06624328433384,1.65621141027887));
#2530=CARTESIAN_POINT('Ctrl Pts',(2.92386398654643,1.10773841221076,1.62971484430001));
#2531=CARTESIAN_POINT('Ctrl Pts',(2.96569288043928,0.126412255457556,1.60321827832114));
#2532=CARTESIAN_POINT('Ctrl Pts',(2.96747672029064,0.0845625065714339,1.60208830270097));
#2533=CARTESIAN_POINT('Ctrl Pts',(2.96828683575946,0.0426712528160098,1.60095832708081));
#2534=CARTESIAN_POINT('Ctrl Pts',(2.96814078915739,0.000774224011544916,
1.59982835146065));
#2535=CARTESIAN_POINT('Origin',(0.,0.,1.68642888586809));
#2536=CARTESIAN_POINT('',(2.96187588597575,0.00261256677726418,1.03128954106694));
#2537=CARTESIAN_POINT('',(2.96073518261384,0.00230732271211879,1.09982835146064));
#2538=CARTESIAN_POINT('',(2.9635,-3.62924078927318E-16,1.68642888586809));
#2539=CARTESIAN_POINT('Ctrl Pts',(2.96187588597575,0.00261256677726418,
1.03128954106694));
#2540=CARTESIAN_POINT('Ctrl Pts',(2.96428218865907,0.287721689130506,1.03893709803983));
#2541=CARTESIAN_POINT('Ctrl Pts',(2.92647619489606,0.57220583333718,1.04658465501272));
#2542=CARTESIAN_POINT('Ctrl Pts',(2.84587131911729,0.843997156723185,1.05423221198561));
#2543=CARTESIAN_POINT('Ctrl Pts',(2.56659881198057,1.78567523223244,1.08072877796448));
#2544=CARTESIAN_POINT('Ctrl Pts',(1.77355935116349,2.57498596589749,1.10722534394335));
#2545=CARTESIAN_POINT('Ctrl Pts',(0.830575558194603,2.84981736391316,1.13372190992222));
#2546=CARTESIAN_POINT('Ctrl Pts',(-0.112408234774296,3.12464876192884,1.16021847590109));
#2547=CARTESIAN_POINT('Ctrl Pts',(-1.205336359895,2.88500082429512,1.18671504187995));
#2548=CARTESIAN_POINT('Ctrl Pts',(-1.94680630787241,2.24081680758589,1.21321160785882));
#2549=CARTESIAN_POINT('Ctrl Pts',(-2.68827625584982,1.59663279087665,1.23970817383769));
#2550=CARTESIAN_POINT('Ctrl Pts',(-3.07828802668392,0.547912695091897,1.26620473981656));
#2551=CARTESIAN_POINT('Ctrl Pts',(-2.93791596547016,-0.424222282968178,
1.29270130579543));
#2552=CARTESIAN_POINT('Ctrl Pts',(-2.7975439042564,-1.39635726102824,1.31919787177429));
#2553=CARTESIAN_POINT('Ctrl Pts',(-2.12678801099479,-2.29190712136362,1.34569443775316));
#2554=CARTESIAN_POINT('Ctrl Pts',(-1.2333708890987,-2.70002055833935,1.37219100373203));
#2555=CARTESIAN_POINT('Ctrl Pts',(-0.339953767202591,-3.10813399531508,
1.3986875697109));
#2556=CARTESIAN_POINT('Ctrl Pts',(0.776124583327998,-3.02881100893113,1.42518413568977));
#2557=CARTESIAN_POINT('Ctrl Pts',(1.60284102696971,-2.49844259645762,1.45168070166863));
#2558=CARTESIAN_POINT('Ctrl Pts',(2.43079657716311,-1.9672792524453,1.47821698146807));
#2559=CARTESIAN_POINT('Ctrl Pts',(2.96852105781784,-0.983717387522956,1.5047532612675));
#2560=CARTESIAN_POINT('Ctrl Pts',(2.96838556024857,-2.76678004038078E-5,
1.53128954106694));
#2561=CARTESIAN_POINT('Ctrl Pts',(2.96814078915739,0.000774224011544916,
1.59982835146065));
#2562=CARTESIAN_POINT('Ctrl Pts',(2.96486221901667,-0.93976356102104,1.57446176110194));
#2563=CARTESIAN_POINT('Ctrl Pts',(2.47972733236722,-1.88321167260111,1.54909517074324));
#2564=CARTESIAN_POINT('Ctrl Pts',(1.71141914626866,-2.4253574633862,1.52372858038453));
#2565=CARTESIAN_POINT('Ctrl Pts',(0.908886040431697,-2.99165358409339,1.49723201440567));
#2566=CARTESIAN_POINT('Ctrl Pts',(-0.202610649015755,-3.12009838412442,
1.4707354484268));
#2567=CARTESIAN_POINT('Ctrl Pts',(-1.1131497146744,-2.75176525745536,1.44423888244793));
#2568=CARTESIAN_POINT('Ctrl Pts',(-2.02368878033305,-2.38343213078631,1.41774231646906));
#2569=CARTESIAN_POINT('Ctrl Pts',(-2.73327022220291,-1.51832107741718,1.39124575049019));
#2570=CARTESIAN_POINT('Ctrl Pts',(-2.91635944443537,-0.553318995038785,
1.36474918451133));
#2571=CARTESIAN_POINT('Ctrl Pts',(-3.09944866666782,0.411683087339624,1.33825261853246));
#2572=CARTESIAN_POINT('Ctrl Pts',(-2.75604566926285,1.47657619872728,1.31175605255359));
#2573=CARTESIAN_POINT('Ctrl Pts',(-2.04369340554073,2.15281944983025,1.28525948657472));
#2574=CARTESIAN_POINT('Ctrl Pts',(-1.33134114181863,2.8290627009332,1.25876292059585));
#2575=CARTESIAN_POINT('Ctrl Pts',(-0.25003961177936,3.11665609175148,1.23226635461699));
#2576=CARTESIAN_POINT('Ctrl Pts',(0.704142606959967,2.88366043571044,1.20576978863812));
#2577=CARTESIAN_POINT('Ctrl Pts',(1.65832482569932,2.65066477966939,1.17927322265925));
#2578=CARTESIAN_POINT('Ctrl Pts',(2.48538773313874,1.89708007676901,1.15277665668038));
#2579=CARTESIAN_POINT('Ctrl Pts',(2.80589977508594,0.968628293821082,1.12628009070151));
#2580=CARTESIAN_POINT('Ctrl Pts',(2.91255637559168,0.659667949301389,1.11746284428789));
#2581=CARTESIAN_POINT('Ctrl Pts',(2.96311982547059,0.331343615636702,1.10864559787427));
#2582=CARTESIAN_POINT('Ctrl Pts',(2.96073518261384,0.00230732271211879,
1.09982835146064));
#2583=CARTESIAN_POINT('Origin',(0.,0.,1.68642888586809));
#2584=CARTESIAN_POINT('',(2.95910261429325,-0.00124177930173247,0.531289541066935));
#2585=CARTESIAN_POINT('',(2.95979055499337,-0.00183711366012399,0.599828351460645));
#2586=CARTESIAN_POINT('',(2.9635,-3.62924078927318E-16,1.68642888586809));
#2587=CARTESIAN_POINT('Ctrl Pts',(2.95910261429325,-0.00124177930173247,
0.531289541066935));
#2588=CARTESIAN_POINT('Ctrl Pts',(2.95694527129216,0.571805652884565,0.546624368833287));
#2589=CARTESIAN_POINT('Ctrl Pts',(2.7966430095345,1.14596897320914,0.561959196599639));
#2590=CARTESIAN_POINT('Ctrl Pts',(2.48601503245013,1.62204932846174,0.577294024365991));
#2591=CARTESIAN_POINT('Ctrl Pts',(1.94929073302512,2.44465358175978,0.603790590344859));
#2592=CARTESIAN_POINT('Ctrl Pts',(0.963764563520568,2.97442824132144,0.630287156323727));
#2593=CARTESIAN_POINT('Ctrl Pts',(-0.0184337494989269,2.96832864797863,
0.656783722302596));
#2594=CARTESIAN_POINT('Ctrl Pts',(-1.00063206251838,2.96222905463582,0.683280288281463));
#2595=CARTESIAN_POINT('Ctrl Pts',(-1.97950251905278,2.4202552083886,0.70977685426033));
#2596=CARTESIAN_POINT('Ctrl Pts',(-2.50596883320549,1.59104838786692,0.736273420239198));
#2597=CARTESIAN_POINT('Ctrl Pts',(-3.03243514735822,0.761841567345224,0.762769986218066));
#2598=CARTESIAN_POINT('Ctrl Pts',(-3.10649731912924,-0.354598227450944,
0.789266552196935));
#2599=CARTESIAN_POINT('Ctrl Pts',(-2.6941778545587,-1.24608204125439,0.815763118175803));
#2600=CARTESIAN_POINT('Ctrl Pts',(-2.28185838998816,-2.13756585505783,0.842259684154671));
#2601=CARTESIAN_POINT('Ctrl Pts',(-1.38315728907608,-2.80409368786855,0.868756250133539));
#2602=CARTESIAN_POINT('Ctrl Pts',(-0.410371551731576,-2.93988264307619,
0.895252816112407));
#2603=CARTESIAN_POINT('Ctrl Pts',(0.562414185612909,-3.07567159828383,0.921749382091275));
#2604=CARTESIAN_POINT('Ctrl Pts',(1.6092845593898,-2.68072167588842,0.948245948070142));
#2605=CARTESIAN_POINT('Ctrl Pts',(2.24996696955008,-1.93622400601399,0.97474251404901));
#2606=CARTESIAN_POINT('Ctrl Pts',(2.70573276685046,-1.40660657198187,0.993591523054986));
#2607=CARTESIAN_POINT('Ctrl Pts',(2.95594504804805,-0.700098695652097,1.01244053206096));
#2608=CARTESIAN_POINT('Ctrl Pts',(2.96187588597575,0.00261256677726418,
1.03128954106694));
#2609=CARTESIAN_POINT('Ctrl Pts',(2.96073518261384,0.00230732271211879,
1.09982835146064));
#2610=CARTESIAN_POINT('Ctrl Pts',(2.95595377341467,-0.657438078322514,1.0821490318954));
#2611=CARTESIAN_POINT('Ctrl Pts',(2.73830187574476,-1.32004581315605,1.06446971233015));
#2612=CARTESIAN_POINT('Ctrl Pts',(2.33313231396737,-1.83515882825965,1.04679039276491));
#2613=CARTESIAN_POINT('Ctrl Pts',(1.72589163444664,-2.60717530439699,1.02029382678604));
#2614=CARTESIAN_POINT('Ctrl Pts',(0.697449098950188,-3.04788939367622,0.993797260807175));
#2615=CARTESIAN_POINT('Ctrl Pts',(-0.280376829705137,-2.95511474443592,
0.967300694828307));
#2616=CARTESIAN_POINT('Ctrl Pts',(-1.25820275836049,-2.86234009519563,0.940804128849439));
#2617=CARTESIAN_POINT('Ctrl Pts',(-2.1854120801747,-2.23607670743581,0.914307562870571));
#2618=CARTESIAN_POINT('Ctrl Pts',(-2.6366290820394,-1.36363536297728,0.887810996891703));
#2619=CARTESIAN_POINT('Ctrl Pts',(-3.08784608390408,-0.491194018518776,
0.861314430912835));
#2620=CARTESIAN_POINT('Ctrl Pts',(-3.06307076581925,0.627425282638405,0.834817864933967));
#2621=CARTESIAN_POINT('Ctrl Pts',(-2.57366929759131,1.47903369334643,0.808321298955099));
#2622=CARTESIAN_POINT('Ctrl Pts',(-2.08426782936336,2.33064210405446,0.781824732976231));
#2623=CARTESIAN_POINT('Ctrl Pts',(-1.13024021099227,2.91523962431334,0.755328166997363));
#2624=CARTESIAN_POINT('Ctrl Pts',(-0.149265582389727,2.96463051750668,0.728831601018495));
#2625=CARTESIAN_POINT('Ctrl Pts',(0.831709046212817,3.01402141070003,0.702335035039627));
#2626=CARTESIAN_POINT('Ctrl Pts',(1.83963068504684,2.52820567682784,0.675838469060758));
#2627=CARTESIAN_POINT('Ctrl Pts',(2.41209524067901,1.73006094381434,0.64934190308189));
#2628=CARTESIAN_POINT('Ctrl Pts',(2.76867922655895,1.23290242560224,0.632837385874808));
#2629=CARTESIAN_POINT('Ctrl Pts',(2.95630791043671,0.614561723405545,0.616332868667726));
#2630=CARTESIAN_POINT('Ctrl Pts',(2.95979055499337,-0.00183711366012399,
0.599828351460645));
#2631=CARTESIAN_POINT('Origin',(0.,0.,1.68642888586809));
#2632=CARTESIAN_POINT('',(2.96643512620061,-0.00208891039563702,0.0312895410669364));
#2633=CARTESIAN_POINT('',(2.96744778061107,-0.00150215368773499,0.0998283514606446));
#2634=CARTESIAN_POINT('',(2.9635,-3.62924078927318E-16,1.68642888586809));
#2635=CARTESIAN_POINT('Ctrl Pts',(2.96643512620061,-0.00208891039563702,
0.0312895410669364));
#2636=CARTESIAN_POINT('Ctrl Pts',(2.95959755282721,0.852815363686419,0.0543116396267468));
#2637=CARTESIAN_POINT('Ctrl Pts',(2.56996922878811,1.71315464040112,0.0773337381865574));
#2638=CARTESIAN_POINT('Ctrl Pts',(1.91882563447302,2.2648229401038,0.100355836746368));
#2639=CARTESIAN_POINT('Ctrl Pts',(1.16941223222977,2.89974835594054,0.126852402725236));
#2640=CARTESIAN_POINT('Ctrl Pts',(0.0735920215533535,3.12580385037708,0.153348968704103));
#2641=CARTESIAN_POINT('Ctrl Pts',(-0.865905686505986,2.83928197042981,0.179845534682971));
#2642=CARTESIAN_POINT('Ctrl Pts',(-1.80540339456532,2.55276009048255,0.206342100661839));
#2643=CARTESIAN_POINT('Ctrl Pts',(-2.58857860000757,1.75366083615143,0.232838666640709));
#2644=CARTESIAN_POINT('Ctrl Pts',(-2.85613410459918,0.808586879733213,0.259335232619577));
#2645=CARTESIAN_POINT('Ctrl Pts',(-3.12368960919078,-0.136487076684993,
0.285831798598444));
#2646=CARTESIAN_POINT('Ctrl Pts',(-2.87562541293181,-1.2275357351903,0.312328364577311));
#2647=CARTESIAN_POINT('Ctrl Pts',(-2.22574589839023,-1.96401882916898,0.338824930556179));
#2648=CARTESIAN_POINT('Ctrl Pts',(-1.57586638384863,-2.70050192314768,0.365321496535047));
#2649=CARTESIAN_POINT('Ctrl Pts',(-0.524171551024386,-3.08241945259972,
0.391818062513915));
#2650=CARTESIAN_POINT('Ctrl Pts',(0.446852683515441,-2.93455915680128,0.418314628492783));
#2651=CARTESIAN_POINT('Ctrl Pts',(1.41787691805527,-2.78669886100285,0.444811194471651));
#2652=CARTESIAN_POINT('Ctrl Pts',(2.30823055431069,-2.10906073995393,0.471307760450519));
#2653=CARTESIAN_POINT('Ctrl Pts',(2.70944615776566,-1.21252475591229,0.497804326429387));
#2654=CARTESIAN_POINT('Ctrl Pts',(2.87845913613095,-0.834856949451847,0.508966064641903));
#2655=CARTESIAN_POINT('Ctrl Pts',(2.96067287632551,-0.418344958996575,0.520127802854419));
#2656=CARTESIAN_POINT('Ctrl Pts',(2.95910261429325,-0.00124177930173247,
0.531289541066935));
#2657=CARTESIAN_POINT('Ctrl Pts',(2.95979055499337,-0.00183711366012399,
0.599828351460645));
#2658=CARTESIAN_POINT('Ctrl Pts',(2.96189899317598,-0.375012963977607,0.589836302688859));
#2659=CARTESIAN_POINT('Ctrl Pts',(2.89651332941649,-0.747477072442838,0.579844253917073));
#2660=CARTESIAN_POINT('Ctrl Pts',(2.76026275572184,-1.09190834724943,0.569852205145287));
#2661=CARTESIAN_POINT('Ctrl Pts',(2.39895824270216,-2.00525917314491,0.543355639166419));
#2662=CARTESIAN_POINT('Ctrl Pts',(1.53934174423245,-2.72148709278104,0.516859073187551));
#2663=CARTESIAN_POINT('Ctrl Pts',(0.575779421689143,-2.91200830647466,0.490362507208683));
#2664=CARTESIAN_POINT('Ctrl Pts',(-0.387782900854152,-3.10252952016827,
0.463865941229815));
#2665=CARTESIAN_POINT('Ctrl Pts',(-1.45529104747105,-2.76734402791937,0.437369375250947));
#2666=CARTESIAN_POINT('Ctrl Pts',(-2.13700442945856,-2.06022483916018,0.410872809272079));
#2667=CARTESIAN_POINT('Ctrl Pts',(-2.81871781144608,-1.35310565040097,0.384376243293211));
#2668=CARTESIAN_POINT('Ctrl Pts',(-3.11463642880421,-0.274052765131452,
0.357879677314343));
#2669=CARTESIAN_POINT('Ctrl Pts',(-2.88900173174348,0.681896849531714,0.331383111335475));
#2670=CARTESIAN_POINT('Ctrl Pts',(-2.66336703468275,1.63784646419487,0.304886545356607));
#2671=CARTESIAN_POINT('Ctrl Pts',(-1.91617902320318,2.47069280825167,0.27838997937774));
#2672=CARTESIAN_POINT('Ctrl Pts',(-0.990225054734783,2.79835106096315,0.251893413398872));
#2673=CARTESIAN_POINT('Ctrl Pts',(-0.0642710862663724,3.12600931367464,
0.225396847420003));
#2674=CARTESIAN_POINT('Ctrl Pts',(1.04044883919087,2.94847947504079,0.198900281441135));
#2675=CARTESIAN_POINT('Ctrl Pts',(1.81712248946808,2.34720688855657,0.172403715462267));
#2676=CARTESIAN_POINT('Ctrl Pts',(2.52623793892283,1.79823541223908,0.148211927461726));
#2677=CARTESIAN_POINT('Ctrl Pts',(2.96189461398405,0.896032757113912,0.124020139461185));
#2678=CARTESIAN_POINT('Ctrl Pts',(2.96744778061107,-0.00150215368773499,
0.0998283514606446));
#2679=CARTESIAN_POINT('Origin',(0.,0.,1.68642888586809));
#2680=CARTESIAN_POINT('',(2.9656829746139,0.00236912587133605,-0.468710458933065));
#2681=CARTESIAN_POINT('',(2.96439121152827,0.00265171600905573,-0.400171648539354));
#2682=CARTESIAN_POINT('',(2.9635,-3.62924078927318E-16,1.68642888586809));
#2683=CARTESIAN_POINT('Ctrl Pts',(2.9656829746139,0.00236912587133604,-0.468710458933065));
#2684=CARTESIAN_POINT('Ctrl Pts',(2.96704806455588,0.158910974513032,-0.464497655558664));
#2685=CARTESIAN_POINT('Ctrl Pts',(2.95572616843447,0.31525497952581,-0.460284852184262));
#2686=CARTESIAN_POINT('Ctrl Pts',(2.93102803162283,0.46945654045041,-0.45607204880986));
#2687=CARTESIAN_POINT('Ctrl Pts',(2.77568828432739,1.43931235140744,-0.429575482830992));
#2688=CARTESIAN_POINT('Ctrl Pts',(2.09120818804915,2.32441687545602,-0.403078916852124));
#2689=CARTESIAN_POINT('Ctrl Pts',(1.1916065972285,2.71871081267822,-0.376582350873257));
#2690=CARTESIAN_POINT('Ctrl Pts',(0.292005006407833,3.11300474990042,-0.350085784894388));
#2691=CARTESIAN_POINT('Ctrl Pts',(-0.822718078955246,3.01648810029621,-0.32358921891552));
#2692=CARTESIAN_POINT('Ctrl Pts',(-1.64116127818103,2.47343979601894,-0.297092652936652));
#2693=CARTESIAN_POINT('Ctrl Pts',(-2.45960447740682,1.93039149174167,-0.270596086957784));
#2694=CARTESIAN_POINT('Ctrl Pts',(-2.98176779049531,0.940811532791347,-0.244099520978916));
#2695=CARTESIAN_POINT('Ctrl Pts',(-2.96809841481788,-0.0413105977534262,
-0.217602955000048));
#2696=CARTESIAN_POINT('Ctrl Pts',(-2.95442903914044,-1.02343272829817,-0.19110638902118));
#2697=CARTESIAN_POINT('Ctrl Pts',(-2.4049269746971,-1.99809703043739,-0.164609823042312));
#2698=CARTESIAN_POINT('Ctrl Pts',(-1.57168721990712,-2.5181568752387,-0.138113257063444));
#2699=CARTESIAN_POINT('Ctrl Pts',(-0.738447465117112,-3.03821672004003,
-0.111616691084576));
#2700=CARTESIAN_POINT('Ctrl Pts',(0.37852998001955,-3.10367210750345,-0.0851201251057074));
#2701=CARTESIAN_POINT('Ctrl Pts',(1.26680950245125,-2.68449407710846,-0.0586235591268389));
#2702=CARTESIAN_POINT('Ctrl Pts',(2.15508902488291,-2.26531604671349,-0.0321269931479714));
#2703=CARTESIAN_POINT('Ctrl Pts',(2.81467062460961,-1.36150459846016,-0.00563042716910411));
#2704=CARTESIAN_POINT('Ctrl Pts',(2.94295812756796,-0.387701205715036,0.0208661388097633));
#2705=CARTESIAN_POINT('Ctrl Pts',(2.95978033576115,-0.260007369337927,0.024340606228821));
#2706=CARTESIAN_POINT('Ctrl Pts',(2.96746704454853,-0.131110034990098,0.0278150736478787));
#2707=CARTESIAN_POINT('Ctrl Pts',(2.96643512620061,-0.00208891039563702,
0.0312895410669364));
#2708=CARTESIAN_POINT('Ctrl Pts',(2.96744778061107,-0.00150215368773499,
0.0998283514606446));
#2709=CARTESIAN_POINT('Ctrl Pts',(2.96797683684088,-0.0870112817087454,
0.0975235734823175));
#2710=CARTESIAN_POINT('Ctrl Pts',(2.96460202402804,-0.172478042573464,0.0952187955039905));
#2711=CARTESIAN_POINT('Ctrl Pts',(2.9571878858806,-0.257592948310177,0.0929140175256634));
#2712=CARTESIAN_POINT('Ctrl Pts',(2.87195225691874,-1.2361048643581,0.0664174515467959));
#2713=CARTESIAN_POINT('Ctrl Pts',(2.25285362389786,-2.1681133621194,0.0399208855679277));
#2714=CARTESIAN_POINT('Ctrl Pts',(1.3839157949376,-2.62604101109261,0.0134243195890599));
#2715=CARTESIAN_POINT('Ctrl Pts',(0.514977965977313,-3.08396866006584,-0.0130722463898086));
#2716=CARTESIAN_POINT('Ctrl Pts',(-0.603799058922339,-3.06781546025099,
-0.0395688123686759));
#2717=CARTESIAN_POINT('Ctrl Pts',(-1.45915407371051,-2.584992013255,-0.0660653783475444));
#2718=CARTESIAN_POINT('Ctrl Pts',(-2.31450908849866,-2.10216856625902,-0.0925619443264121));
#2719=CARTESIAN_POINT('Ctrl Pts',(-2.90644209317533,-1.15267487208188,-0.119058510305281));
#2720=CARTESIAN_POINT('Ctrl Pts',(-2.96339205178792,-0.172110042758327,
-0.145555076284149));
#2721=CARTESIAN_POINT('Ctrl Pts',(-3.0203420104005,0.808454786565224,-0.172051642263016));
#2722=CARTESIAN_POINT('Ctrl Pts',(-2.54230892294907,1.8200907510352,-0.198548208241883));
#2723=CARTESIAN_POINT('Ctrl Pts',(-1.74859997356132,2.39868973647686,-0.225044774220751));
#2724=CARTESIAN_POINT('Ctrl Pts',(-0.954891024173545,2.97728872191853,-0.251541340199619));
#2725=CARTESIAN_POINT('Ctrl Pts',(0.154493787150569,3.12285072833181,-0.278037906178488));
#2726=CARTESIAN_POINT('Ctrl Pts',(1.07060211909361,2.76859629090455,-0.304534472157356));
#2727=CARTESIAN_POINT('Ctrl Pts',(1.98671045103663,2.41434185347731,-0.331031038136224));
#2728=CARTESIAN_POINT('Ctrl Pts',(2.7095423035986,1.56027097220954,-0.357527604115092));
#2729=CARTESIAN_POINT('Ctrl Pts',(2.90748419155337,0.598205646316771,-0.38402417009396));
#2730=CARTESIAN_POINT('Ctrl Pts',(2.94769396026754,0.402772407593128,-0.389406662909091));
#2731=CARTESIAN_POINT('Ctrl Pts',(2.96624385112558,0.202882717732207,-0.394789155724222));
#2732=CARTESIAN_POINT('Ctrl Pts',(2.96439121152827,0.00265171600905573,
-0.400171648539354));
#2733=CARTESIAN_POINT('Origin',(0.,0.,1.68642888586809));
#2734=CARTESIAN_POINT('',(2.95881535139171,0.000819579287615335,-0.968710458933066));
#2735=CARTESIAN_POINT('',(2.95861018680974,0.00011013980130892,-0.900171648539356));
#2736=CARTESIAN_POINT('',(2.9635,-3.62924078927318E-16,1.68642888586809));
#2737=CARTESIAN_POINT('Ctrl Pts',(2.95881535139171,0.000819579287615335,
-0.968710458933066));
#2738=CARTESIAN_POINT('Ctrl Pts',(2.95991420544347,0.445621459258483,-0.956810384765205));
#2739=CARTESIAN_POINT('Ctrl Pts',(2.86598018879678,0.88998254604848,-0.944910310597345));
#2740=CARTESIAN_POINT('Ctrl Pts',(2.67465083732484,1.28746171355886,-0.933010236429484));
#2741=CARTESIAN_POINT('Ctrl Pts',(2.24863914080433,2.17248417968838,-0.906513670450616));
#2742=CARTESIAN_POINT('Ctrl Pts',(1.33977103275685,2.82508036637165,-0.880017104471747));
#2743=CARTESIAN_POINT('Ctrl Pts',(0.365007829761022,2.94585879664576,-0.853520538492879));
#2744=CARTESIAN_POINT('Ctrl Pts',(-0.609755373234795,3.06663722691987,-0.827023972514011));
#2745=CARTESIAN_POINT('Ctrl Pts',(-1.65041367117896,2.65559790078483,-0.800527406535144));
#2746=CARTESIAN_POINT('Ctrl Pts',(-2.279544377324,1.90131328227037,-0.774030840556276));
#2747=CARTESIAN_POINT('Ctrl Pts',(-2.90867508346904,1.1470286637559,-0.747534274577408));
#2748=CARTESIAN_POINT('Ctrl Pts',(-3.12627819781494,0.0494987528620021,
-0.72103770859854));
#2749=CARTESIAN_POINT('Ctrl Pts',(-2.83252396481703,-0.887762780399223,
-0.694541142619671));
#2750=CARTESIAN_POINT('Ctrl Pts',(-2.53876973181912,-1.82502431366045,-0.668044576640803));
#2751=CARTESIAN_POINT('Ctrl Pts',(-1.73365815147739,-2.602017469289,-0.641548010661935));
#2752=CARTESIAN_POINT('Ctrl Pts',(-0.786550170193329,-2.86228118732328,
-0.615051444683067));
#2753=CARTESIAN_POINT('Ctrl Pts',(0.160557811090722,-3.12254490535755,-0.5885548787042));
#2754=CARTESIAN_POINT('Ctrl Pts',(1.24966219331711,-2.86607918579758,-0.562058312725332));
#2755=CARTESIAN_POINT('Ctrl Pts',(1.98111468527399,-2.21054277708486,-0.535561746746464));
#2756=CARTESIAN_POINT('Ctrl Pts',(2.59627038885505,-1.65923293104711,-0.513277984141998));
#2757=CARTESIAN_POINT('Ctrl Pts',(2.95846228627472,-0.825664153344096,-0.490994221537532));
#2758=CARTESIAN_POINT('Ctrl Pts',(2.9656829746139,0.00236912587133604,-0.468710458933065));
#2759=CARTESIAN_POINT('Ctrl Pts',(2.96439121152827,0.00265171600905573,
-0.400171648539354));
#2760=CARTESIAN_POINT('Ctrl Pts',(2.95712380414898,-0.782800706360372,-0.42128572170309));
#2761=CARTESIAN_POINT('Ctrl Pts',(2.63590590945422,-1.57350517458307,-0.442399794866827));
#2762=CARTESIAN_POINT('Ctrl Pts',(2.07663389282967,-2.12106246833255,-0.463513868030564));
#2763=CARTESIAN_POINT('Ctrl Pts',(1.37478978280367,-2.80820548657127,-0.490010434009432));
#2764=CARTESIAN_POINT('Ctrl Pts',(0.298049639404084,-3.11243175253094,-0.516506999988301));
#2765=CARTESIAN_POINT('Ctrl Pts',(-0.6596105865719,-2.89417141743558,-0.543003565967168));
#2766=CARTESIAN_POINT('Ctrl Pts',(-1.61727081254788,-2.67591108234022,-0.569500131946036));
#2767=CARTESIAN_POINT('Ctrl Pts',(-2.45585112110029,-1.93516414618986,-0.595996697924904));
#2768=CARTESIAN_POINT('Ctrl Pts',(-2.79063612126326,-1.01176299503296,-0.622493263903772));
#2769=CARTESIAN_POINT('Ctrl Pts',(-3.12542112142623,-0.0883618438760597,
-0.64898982988264));
#2770=CARTESIAN_POINT('Ctrl Pts',(-2.95641081319975,1.01769352228737,-0.675486395861507));
#2771=CARTESIAN_POINT('Ctrl Pts',(-2.36114203610081,1.79897821131188,-0.701982961840375));
#2772=CARTESIAN_POINT('Ctrl Pts',(-1.76587325900186,2.58026290033639,-0.728479527819243));
#2773=CARTESIAN_POINT('Ctrl Pts',(-0.74434601303041,3.03677691222197,-0.754976093798112));
#2774=CARTESIAN_POINT('Ctrl Pts',(0.234793765569865,2.95908536664158,-0.78147265977698));
#2775=CARTESIAN_POINT('Ctrl Pts',(1.21393354417015,2.88139382106118,-0.807969225755848));
#2776=CARTESIAN_POINT('Ctrl Pts',(2.15068585539928,2.26949671801484,-0.834465791734716));
#2777=CARTESIAN_POINT('Ctrl Pts',(2.61529695000235,1.40411402055539,-0.860962357713584));
#2778=CARTESIAN_POINT('Ctrl Pts',(2.84447220166454,0.977253147498097,-0.874032121322175));
#2779=CARTESIAN_POINT('Ctrl Pts',(2.95877174661823,0.488717216697045,-0.887101884930765));
#2780=CARTESIAN_POINT('Ctrl Pts',(2.95861018680974,0.00011013980130892,
-0.900171648539356));
#2781=CARTESIAN_POINT('Origin',(0.,0.,1.68642888586809));
#2782=CARTESIAN_POINT('',(2.96266906267537,-0.0027090577276645,-1.46871045893307));
#2783=CARTESIAN_POINT('',(2.96398577695519,-0.00269685342357505,-1.40017164853936));
#2784=CARTESIAN_POINT('',(2.9635,-3.62924078927318E-16,1.68642888586809));
#2785=CARTESIAN_POINT('Ctrl Pts',(2.96266906267537,-0.0027090577276645,
-1.46871045893307));
#2786=CARTESIAN_POINT('Ctrl Pts',(2.95614286644063,0.727032013677361,-1.44912311397175));
#2787=CARTESIAN_POINT('Ctrl Pts',(2.68396068518567,1.46112421701267,-1.42953576901043));
#2788=CARTESIAN_POINT('Ctrl Pts',(2.19520834653938,1.99809286023357,-1.40994842404911));
#2789=CARTESIAN_POINT('Ctrl Pts',(1.53405398315622,2.7244713005879,-1.38345185807024));
#2790=CARTESIAN_POINT('Ctrl Pts',(0.476597265656744,3.09013277113385,-1.35695529209137));
#2791=CARTESIAN_POINT('Ctrl Pts',(-0.49203251096218,2.92732279991907,-1.3304587261125));
#2792=CARTESIAN_POINT('Ctrl Pts',(-1.46066228758112,2.76451282870428,-1.30396216013364));
#2793=CARTESIAN_POINT('Ctrl Pts',(-2.3404651233195,2.07323141572875,-1.27746559415477));
#2794=CARTESIAN_POINT('Ctrl Pts',(-2.72781397280455,1.17061765549055,-1.2509690281759));
#2795=CARTESIAN_POINT('Ctrl Pts',(-3.11516282228961,0.26800389525233,-1.22447246219703));
#2796=CARTESIAN_POINT('Ctrl Pts',(-3.01005768552131,-0.84594221224857,-1.19797589621816));
#2797=CARTESIAN_POINT('Ctrl Pts',(-2.46071763411749,-1.66017574078961,-1.17147933023929));
#2798=CARTESIAN_POINT('Ctrl Pts',(-1.9113775827137,-2.47440926933061,-1.14498276426043));
#2799=CARTESIAN_POINT('Ctrl Pts',(-0.917802616674422,-2.98893021891178,
-1.11848619828156));
#2800=CARTESIAN_POINT('Ctrl Pts',(0.0641849920898044,-2.96769187290725,
-1.09198963230269));
#2801=CARTESIAN_POINT('Ctrl Pts',(1.04617260085406,-2.94645352690271,-1.06549306632382));
#2802=CARTESIAN_POINT('Ctrl Pts',(2.01657285234327,-2.38945588531243,-1.03899650034495));
#2803=CARTESIAN_POINT('Ctrl Pts',(2.53019533559109,-1.55223269172941,-1.01249993436609));
#2804=CARTESIAN_POINT('Ctrl Pts',(2.81314092094185,-1.09102117100382,-0.997903442555079));
#2805=CARTESIAN_POINT('Ctrl Pts',(2.95746750986217,-0.544769205028549,-0.983306950744073));
#2806=CARTESIAN_POINT('Ctrl Pts',(2.95881535139171,0.000819579287615335,
-0.968710458933066));
#2807=CARTESIAN_POINT('Ctrl Pts',(2.95861018680974,0.00011013980130892,
-0.900171648539356));
#2808=CARTESIAN_POINT('Ctrl Pts',(2.95844421352327,-0.501844666319713,-0.913598450909634));
#2809=CARTESIAN_POINT('Ctrl Pts',(2.83747803803255,-1.00387455875622,-0.927025253279911));
#2810=CARTESIAN_POINT('Ctrl Pts',(2.59616117713853,-1.43918777848227,-0.940452055650188));
#2811=CARTESIAN_POINT('Ctrl Pts',(2.11994443169462,-2.29823858818795,-0.966948621629056));
#2812=CARTESIAN_POINT('Ctrl Pts',(1.17504106282979,-2.89747191572679,-0.993445187607925));
#2813=CARTESIAN_POINT('Ctrl Pts',(0.194944279572186,-2.96197755685473,-1.01994175358679));
#2814=CARTESIAN_POINT('Ctrl Pts',(-0.785152503685393,-3.02648319798267,
-1.04643831956566));
#2815=CARTESIAN_POINT('Ctrl Pts',(-1.80044270133577,-2.55626115269975,-1.07293488554453));
#2816=CARTESIAN_POINT('Ctrl Pts',(-2.38514174708091,-1.76703513425765,-1.09943145152339));
#2817=CARTESIAN_POINT('Ctrl Pts',(-2.96984079282608,-0.97780911581552,-1.12592801750226));
#2818=CARTESIAN_POINT('Ctrl Pts',(-3.12394868666599,0.130420875785794,-1.15242458348113));
#2819=CARTESIAN_POINT('Ctrl Pts',(-2.7767653679863,1.04923229580448,-1.17892114946));
#2820=CARTESIAN_POINT('Ctrl Pts',(-2.42958204930662,1.96804371582316,-1.20541771543887));
#2821=CARTESIAN_POINT('Ctrl Pts',(-1.58110751810734,2.69743656425919,-1.23191428141774));
#2822=CARTESIAN_POINT('Ctrl Pts',(-0.620596336765663,2.90278736844602,-1.2584108473966));
#2823=CARTESIAN_POINT('Ctrl Pts',(0.339914844576002,3.10813817263284,-1.28490741337547));
#2824=CARTESIAN_POINT('Ctrl Pts',(1.41246267606008,2.78944693257049,-1.31140397935434));
#2825=CARTESIAN_POINT('Ctrl Pts',(2.10499451340587,2.09291959176178,-1.33790054533321));
#2826=CARTESIAN_POINT('Ctrl Pts',(2.64751414345022,1.54726994091021,-1.35865757973526));
#2827=CARTESIAN_POINT('Ctrl Pts',(2.95682048012793,0.769744782798259,-1.37941461413731));
#2828=CARTESIAN_POINT('Ctrl Pts',(2.96398577695519,-0.00269685342357505,
-1.40017164853936));
#2829=CARTESIAN_POINT('Origin',(0.,0.,1.68642888586809));
#2830=CARTESIAN_POINT('',(2.96826693856379,0.000537765826638826,-1.96871045893306));
#2831=CARTESIAN_POINT('',(2.96769833209727,0.00129321116370143,-1.90017164853936));
#2832=CARTESIAN_POINT('',(2.9635,-3.62924078927318E-16,1.68642888586809));
#2833=CARTESIAN_POINT('Ctrl Pts',(2.96826693856379,0.000537765826638826,
-1.96871045893306));
#2834=CARTESIAN_POINT('Ctrl Pts',(2.96833892621427,0.02938287498466,-1.96793240915715));
#2835=CARTESIAN_POINT('Ctrl Pts',(2.96795493099968,0.0582260195556103,-1.96715435938124));
#2836=CARTESIAN_POINT('Ctrl Pts',(2.96710906548239,0.0870556126665432,-1.96637630960533));
#2837=CARTESIAN_POINT('Ctrl Pts',(2.93830302738289,1.06885040222753,-1.93987974362647));
#2838=CARTESIAN_POINT('Ctrl Pts',(2.37384285793642,2.03492888463129,-1.9133831776476));
#2839=CARTESIAN_POINT('Ctrl Pts',(1.532685948902,2.54208347865555,-1.88688661166873));
#2840=CARTESIAN_POINT('Ctrl Pts',(0.691529039867562,3.04923807267982,-1.86039004568986));
#2841=CARTESIAN_POINT('Ctrl Pts',(-0.426324608754811,3.09746877832458,-1.83389347971099));
#2842=CARTESIAN_POINT('Ctrl Pts',(-1.30803744251266,2.66464873071242,-1.80739691373213));
#2843=CARTESIAN_POINT('Ctrl Pts',(-2.1897502762705,2.23182868310027,-1.78090034775326));
#2844=CARTESIAN_POINT('Ctrl Pts',(-2.83532229516378,1.31795788223122,-1.75440378177439));
#2845=CARTESIAN_POINT('Ctrl Pts',(-2.94858448079699,0.342292766192942,-1.72790721579552));
#2846=CARTESIAN_POINT('Ctrl Pts',(-3.06184666643019,-0.633372349845307,
-1.70141064981665));
#2847=CARTESIAN_POINT('Ctrl Pts',(-2.64279901880335,-1.67083178105278,-1.67491408383779));
#2848=CARTESIAN_POINT('Ctrl Pts',(-1.88368798819152,-2.29413040374022,-1.64841751785892));
#2849=CARTESIAN_POINT('Ctrl Pts',(-1.12457695757965,-2.91742902642768,-1.62192095188005));
#2850=CARTESIAN_POINT('Ctrl Pts',(-0.025402543982755,-3.12656684059507,
-1.59542438590118));
#2851=CARTESIAN_POINT('Ctrl Pts',(0.909567139289376,-2.82559770529272,-1.56892781992231));
#2852=CARTESIAN_POINT('Ctrl Pts',(1.84453682256148,-2.52462856999038,-1.54243125394344));
#2853=CARTESIAN_POINT('Ctrl Pts',(2.61530177550884,-1.71355248521832,-1.51593468796458));
#2854=CARTESIAN_POINT('Ctrl Pts',(2.86825824734911,-0.764466737750932,-1.48943812198571));
#2855=CARTESIAN_POINT('Ctrl Pts',(2.93421895233848,-0.516983980963227,-1.48252890096816));
#2856=CARTESIAN_POINT('Ctrl Pts',(2.96497110679001,-0.260117213752725,-1.47561967995061));
#2857=CARTESIAN_POINT('Ctrl Pts',(2.96266906267537,-0.0027090577276645,
-1.46871045893307));
#2858=CARTESIAN_POINT('Ctrl Pts',(2.96398577695519,-0.00269685342357505,
-1.40017164853936));
#2859=CARTESIAN_POINT('Ctrl Pts',(2.96596705455973,-0.216284838897377,-1.40591118011617));
#2860=CARTESIAN_POINT('Ctrl Pts',(2.94484726682679,-0.42948414903139,-1.41165071169299));
#2861=CARTESIAN_POINT('Ctrl Pts',(2.89916918573671,-0.637285141781463,-1.41739024326981));
#2862=CARTESIAN_POINT('Ctrl Pts',(2.68829617751426,-1.59659909296093,-1.44388680924868));
#2863=CARTESIAN_POINT('Ctrl Pts',(1.95403431786181,-2.44086355376478,-1.47038337522755));
#2864=CARTESIAN_POINT('Ctrl Pts',(1.03324083526698,-2.78275541451214,-1.49687994120641));
#2865=CARTESIAN_POINT('Ctrl Pts',(0.112447352672143,-3.12464727525951,-1.52337650718528));
#2866=CARTESIAN_POINT('Ctrl Pts',(-0.994877752865084,-2.96416653595039,
-1.54987307316415));
#2867=CARTESIAN_POINT('Ctrl Pts',(-1.78072707145509,-2.37493692836259,-1.57636963914302));
#2868=CARTESIAN_POINT('Ctrl Pts',(-2.5665763900451,-1.78570732077478,-1.60286620512189));
#2869=CARTESIAN_POINT('Ctrl Pts',(-3.0309499216879,-0.767728844908289,-1.62936277110076));
#2870=CARTESIAN_POINT('Ctrl Pts',(-2.96080707425087,0.211980634888312,-1.65585933707962));
#2871=CARTESIAN_POINT('Ctrl Pts',(-2.89066422681385,1.1916901146849,-1.68235590305849));
#2872=CARTESIAN_POINT('Ctrl Pts',(-2.28600500029701,2.13313059841159,-1.70885246903736));
#2873=CARTESIAN_POINT('Ctrl Pts',(-1.42422883956612,2.60439753868019,-1.73534903501623));
#2874=CARTESIAN_POINT('Ctrl Pts',(-0.562452678835213,3.0756644789488,-1.7618456009951));
#2875=CARTESIAN_POINT('Ctrl Pts',(0.556440416109761,3.0767578757593,-1.78834216697396));
#2876=CARTESIAN_POINT('Ctrl Pts',(1.41913599280302,2.60717612255129,-1.81483873295283));
#2877=CARTESIAN_POINT('Ctrl Pts',(2.28183156949626,2.13759436934329,-1.8413352989317));
#2878=CARTESIAN_POINT('Ctrl Pts',(2.88832962793779,1.1973374661168,-1.86783186491057));
#2879=CARTESIAN_POINT('Ctrl Pts',(2.96038711840341,0.217766942576103,-1.89432843088944));
#2880=CARTESIAN_POINT('Ctrl Pts',(2.96568400103131,0.145759576576751,-1.89627617010608));
#2881=CARTESIAN_POINT('Ctrl Pts',(2.96809298565739,0.0735397758702428,-1.89822390932272));
#2882=CARTESIAN_POINT('Ctrl Pts',(2.96769833209727,0.00129321116370143,
-1.90017164853936));
#2883=CARTESIAN_POINT('Origin',(0.,0.,1.68642888586809));
#2884=CARTESIAN_POINT('',(2.96105983427368,0.0024168923565078,-2.46871045893307));
#2885=CARTESIAN_POINT('',(2.96005283070487,0.00199517014294644,-2.40017164853936));
#2886=CARTESIAN_POINT('',(2.9635,-3.62924078927318E-16,1.68642888586809));
#2887=CARTESIAN_POINT('Ctrl Pts',(2.96105983427368,0.0024168923565078,-2.46871045893307));
#2888=CARTESIAN_POINT('Ctrl Pts',(2.96347715560267,0.318233956656524,-2.4602451383637));
#2889=CARTESIAN_POINT('Ctrl Pts',(2.91695947092733,0.633357654067738,-2.45177981779433));
#2890=CARTESIAN_POINT('Ctrl Pts',(2.81850449602156,0.931319288670854,-2.44331449722496));
#2891=CARTESIAN_POINT('Ctrl Pts',(2.51033911502255,1.86394316814911,-2.41681793124609));
#2892=CARTESIAN_POINT('Ctrl Pts',(1.69334497085456,2.62843060551941,-2.39032136526722));
#2893=CARTESIAN_POINT('Ctrl Pts',(0.742337423872874,2.87406397043884,-2.36382479928835));
#2894=CARTESIAN_POINT('Ctrl Pts',(-0.208670123108817,3.11969733535827,-2.33732823330949));
#2895=CARTESIAN_POINT('Ctrl Pts',(-1.29369107290424,2.8464766278268,-2.31083166733062));
#2896=CARTESIAN_POINT('Ctrl Pts',(-2.01495209774753,2.17974402296625,-2.28433510135175));
#2897=CARTESIAN_POINT('Ctrl Pts',(-2.73621312259081,1.51301141810569,-2.25783853537288));
#2898=CARTESIAN_POINT('Ctrl Pts',(-3.093714222482,0.452766915916048,-2.23134196939401));
#2899=CARTESIAN_POINT('Ctrl Pts',(-2.9234438123199,-0.51457952022977,-2.20484540341515));
#2900=CARTESIAN_POINT('Ctrl Pts',(-2.75317340215781,-1.4819259563756,-2.17834883743628));
#2901=CARTESIAN_POINT('Ctrl Pts',(-2.05513148194242,-2.35637432647759,-2.15185227145741));
#2902=CARTESIAN_POINT('Ctrl Pts',(-1.14955910869906,-2.7367549571538,-2.12535570547854));
#2903=CARTESIAN_POINT('Ctrl Pts',(-0.243986735455706,-3.11713558783001,
-2.09885913949967));
#2904=CARTESIAN_POINT('Ctrl Pts',(0.869116090815598,-3.00344847908045,-2.07236257352081));
#2905=CARTESIAN_POINT('Ctrl Pts',(1.67909155057499,-2.44784937634657,-2.04586600754194));
#2906=CARTESIAN_POINT('Ctrl Pts',(2.46528274993397,-1.90856498238373,-2.02014749133898));
#2907=CARTESIAN_POINT('Ctrl Pts',(2.96588737929566,-0.952940315172468,-1.99442897513602));
#2908=CARTESIAN_POINT('Ctrl Pts',(2.96826693856379,0.000537765826638826,
-1.96871045893306));
#2909=CARTESIAN_POINT('Ctrl Pts',(2.96769833209727,0.00129321116370143,
-1.90017164853936));
#2910=CARTESIAN_POINT('Ctrl Pts',(2.96272421554427,-0.909284748140829,-1.92472047530159));
#2911=CARTESIAN_POINT('Ctrl Pts',(2.51237920488962,-1.82411429264752,-1.94926930206381));
#2912=CARTESIAN_POINT('Ctrl Pts',(1.78536532765532,-2.37145208888799,-1.97381812882604));
#2913=CARTESIAN_POINT('Ctrl Pts',(1.00066912395193,-2.96221645295647,-2.00031469480491));
#2914=CARTESIAN_POINT('Ctrl Pts',(-0.10634020594456,-3.12486103723851,-2.02681126078378));
#2915=CARTESIAN_POINT('Ctrl Pts',(-1.0278001407479,-2.78476947964141,-2.05330782676264));
#2916=CARTESIAN_POINT('Ctrl Pts',(-1.94926007555123,-2.44467792204432,-2.07980439274151));
#2917=CARTESIAN_POINT('Ctrl Pts',(-2.68517061526143,-1.60185022256809,-2.10630095872038));
#2918=CARTESIAN_POINT('Ctrl Pts',(-2.89791812759208,-0.642950204893439,
-2.13279752469924));
#2919=CARTESIAN_POINT('Ctrl Pts',(-3.11066563992274,0.315949812781244,-2.15929409067811));
#2920=CARTESIAN_POINT('Ctrl Pts',(-2.80025012487385,1.39092214865435,-2.18579065665698));
#2921=CARTESIAN_POINT('Ctrl Pts',(-2.10908094684806,2.08880159864731,-2.21228722263585));
#2922=CARTESIAN_POINT('Ctrl Pts',(-1.4179117688223,2.78668104864026,-2.23878378861472));
#2923=CARTESIAN_POINT('Ctrl Pts',(-0.345988927819651,3.10746761275306,-2.26528035459359));
#2924=CARTESIAN_POINT('Ctrl Pts',(0.614921800100837,2.90399458886022,-2.29177692057245));
#2925=CARTESIAN_POINT('Ctrl Pts',(1.57583252802134,2.70052156496737,-2.31827348655132));
#2926=CARTESIAN_POINT('Ctrl Pts',(2.4257311428597,1.97278895306886,-2.34477005253019));
#2927=CARTESIAN_POINT('Ctrl Pts',(2.77470948706746,1.05465758605708,-2.37126661850906));
#2928=CARTESIAN_POINT('Ctrl Pts',(2.90160932165098,0.720795269000594,-2.38090162851916));
#2929=CARTESIAN_POINT('Ctrl Pts',(2.96227320723675,0.36175680521512,-2.39053663852926));
#2930=CARTESIAN_POINT('Ctrl Pts',(2.96005283070487,0.00199517014294644,
-2.40017164853936));
#2931=CARTESIAN_POINT('Origin',(0.,0.,1.68642888586809));
#2932=CARTESIAN_POINT('',(2.95947618314894,-0.00182953277193393,-2.96871045893307));
#2933=CARTESIAN_POINT('',(2.96041656159704,-0.00220749012913595,-2.90017164853936));
#2934=CARTESIAN_POINT('',(2.9635,-3.62924078927318E-16,1.68642888586809));
#2935=CARTESIAN_POINT('Ctrl Pts',(2.95947618314894,-0.00182953277193393,
-2.96871045893307));
#2936=CARTESIAN_POINT('Ctrl Pts',(2.9564260323187,0.60161182072829,-2.95255786757024));
#2937=CARTESIAN_POINT('Ctrl Pts',(2.77734994776767,1.20680277365067,-2.93640527620741));
#2938=CARTESIAN_POINT('Ctrl Pts',(2.43487752293209,1.69799267778811,-2.92025268484458));
#2939=CARTESIAN_POINT('Ctrl Pts',(1.87308882929366,2.50373619044098,-2.89375611886571));
#2940=CARTESIAN_POINT('Ctrl Pts',(0.871619745357027,3.00271624965985,-2.86725955288685));
#2941=CARTESIAN_POINT('Ctrl Pts',(-0.109943096717026,2.96630517054823,-2.84076298690798));
#2942=CARTESIAN_POINT('Ctrl Pts',(-1.09150593879107,2.92989409143661,-2.81426642092911));
#2943=CARTESIAN_POINT('Ctrl Pts',(-2.0531625390025,2.35809187399448,-2.78776985495024));
#2944=CARTESIAN_POINT('Ctrl Pts',(-2.55380900933624,1.51307178734589,-2.76127328897137));
#2945=CARTESIAN_POINT('Ctrl Pts',(-3.05445547966997,0.668051700697309,-2.7347767229925));
#2946=CARTESIAN_POINT('Ctrl Pts',(-3.09409182012601,-0.450186255157746,
-2.70828015701364));
#2947=CARTESIAN_POINT('Ctrl Pts',(-2.6544944568733,-1.32854791890622,-2.68178359103477));
#2948=CARTESIAN_POINT('Ctrl Pts',(-2.21489709362059,-2.2069095826547,-2.6552870250559));
#2949=CARTESIAN_POINT('Ctrl Pts',(-1.29606602665913,-2.84539495429662,-2.62879045907703));
#2950=CARTESIAN_POINT('Ctrl Pts',(-0.319554147782014,-2.95112845812445,
-2.60229389309816));
#2951=CARTESIAN_POINT('Ctrl Pts',(0.656957731095086,-3.05686196195228,-2.5757973271193));
#2952=CARTESIAN_POINT('Ctrl Pts',(1.69115042188781,-2.62984359796608,-2.54930076114043));
#2953=CARTESIAN_POINT('Ctrl Pts',(2.30857845836919,-1.86595425517987,-2.52280419516156));
#2954=CARTESIAN_POINT('Ctrl Pts',(2.72874597960117,-1.34611797841617,-2.50477294975206));
#2955=CARTESIAN_POINT('Ctrl Pts',(2.95591090769028,-0.670277655267081,-2.48674170434256));
#2956=CARTESIAN_POINT('Ctrl Pts',(2.96105983427368,0.0024168923565078,-2.46871045893307));
#2957=CARTESIAN_POINT('Ctrl Pts',(2.96005283070487,0.00199517014294644,
-2.40017164853936));
#2958=CARTESIAN_POINT('Ctrl Pts',(2.95616710530087,-0.62759846170864,-2.41703320450813));
#2959=CARTESIAN_POINT('Ctrl Pts',(2.75969173794551,-1.25940688140198,-2.43389476047689));
#2960=CARTESIAN_POINT('Ctrl Pts',(2.38859059742123,-1.76237069768149,-2.45075631644566));
#2961=CARTESIAN_POINT('Ctrl Pts',(1.80543528999007,-2.55273749228326,-2.47725288242453));
#2962=CARTESIAN_POINT('Ctrl Pts',(0.791066601550565,-3.02494095936173,-2.5037494484034));
#2963=CARTESIAN_POINT('Ctrl Pts',(-0.189154629567822,-2.96235187460801,
-2.53024601438226));
#2964=CARTESIAN_POINT('Ctrl Pts',(-1.16937586068622,-2.89976278985429,-2.55674258036113));
#2965=CARTESIAN_POINT('Ctrl Pts',(-2.11544963448351,-2.30238115326838,-2.58323914634));
#2966=CARTESIAN_POINT('Ctrl Pts',(-2.59334395946826,-1.44426101552416,-2.60973571231887));
#2967=CARTESIAN_POINT('Ctrl Pts',(-3.07123828445299,-0.586140877779973,
-2.63623227829774));
#2968=CARTESIAN_POINT('Ctrl Pts',(-3.08095316062524,0.532717761122488,-2.66272884427661));
#2969=CARTESIAN_POINT('Ctrl Pts',(-2.61803517995102,1.39900362479528,-2.68922541025547));
#2970=CARTESIAN_POINT('Ctrl Pts',(-2.15511719927679,2.26528948846809,-2.71572197623434));
#2971=CARTESIAN_POINT('Ctrl Pts',(-1.2195663617561,2.8790025769112,-2.74221854221321));
#2972=CARTESIAN_POINT('Ctrl Pts',(-0.240578602989768,2.95861377605184,-2.76871510819207));
#2973=CARTESIAN_POINT('Ctrl Pts',(0.738409155776561,3.03822497519249,-2.79521167417094));
#2974=CARTESIAN_POINT('Ctrl Pts',(1.76083383578855,2.58373428503061,-2.82170824014982));
#2975=CARTESIAN_POINT('Ctrl Pts',(2.3576252323351,1.80360285487164,-2.84820480612868));
#2976=CARTESIAN_POINT('Ctrl Pts',(2.74778100423293,1.29358749259138,-2.86552708693224));
#2977=CARTESIAN_POINT('Ctrl Pts',(2.95602259893684,0.644394416587494,-2.8828493677358));
#2978=CARTESIAN_POINT('Ctrl Pts',(2.96041656159704,-0.00220749012913595,
-2.90017164853936));
#2979=CARTESIAN_POINT('Origin',(0.,0.,7.61486832597302));
#2980=CARTESIAN_POINT('',(2.67161756671813,-0.00165158007362687,-3.13513167402698));
#2981=CARTESIAN_POINT('',(2.67899805989807,-0.00191585558641988,-3.23375043344546));
#2982=CARTESIAN_POINT('',(2.67525,-2.74793613458054E-13,7.61486832597302));
#2983=CARTESIAN_POINT('',(-1.77092651266752,-2.00518873157398,-3.3177011745276));
#2984=CARTESIAN_POINT('Ctrl Pts',(2.67161756671813,-0.00165158007362727,
-3.13513167402698));
#2985=CARTESIAN_POINT('Ctrl Pts',(2.67338086586288,-0.350502401476285,-3.14547564864302));
#2986=CARTESIAN_POINT('Ctrl Pts',(2.44756628872518,-1.59064373017325,-3.18231618923793));
#2987=CARTESIAN_POINT('Ctrl Pts',(0.646328020442091,-3.0506363337214,-3.24317268940479));
#2988=CARTESIAN_POINT('Ctrl Pts',(-1.16826557748047,-2.53622377123329,-3.29368521495563));
#2989=CARTESIAN_POINT('Ctrl Pts',(-1.77458625682442,-2.00740959999712,-3.3177011745276));
#2990=CARTESIAN_POINT('',(1.3196095880648,-2.3271426895632,-3.3177011745276));
#2991=CARTESIAN_POINT('Origin',(0.,0.,-3.3177011745276));
#2992=CARTESIAN_POINT('Ctrl Pts',(2.67899805989807,-0.00191585558642011,
-3.23375043344546));
#2993=CARTESIAN_POINT('Ctrl Pts',(2.67923088787596,-0.0516356518122642,
-3.2352374478273));
#2994=CARTESIAN_POINT('Ctrl Pts',(2.65569662337952,-0.986878512191908,-3.26322102818802));
#2995=CARTESIAN_POINT('Ctrl Pts',(2.09446820845523,-1.88775800144431,-3.29120460854873));
#2996=CARTESIAN_POINT('Ctrl Pts',(1.3196095880648,-2.3271426895632,-3.3177011745276));
#2997=CARTESIAN_POINT('Origin',(0.,0.,7.61486832597302));
#2998=CARTESIAN_POINT('',(2.67304718125212,0.00218180910289952,-2.63513167402698));
#2999=CARTESIAN_POINT('',(2.67246647761515,-0.00199277474917547,-2.73375043344546));
#3000=CARTESIAN_POINT('',(2.67525,-2.74793613458054E-13,7.61486832597302));
#3001=CARTESIAN_POINT('Ctrl Pts',(2.67304718125212,0.00218180910289946,
-2.63513167402698));
#3002=CARTESIAN_POINT('Ctrl Pts',(2.66839907399978,-0.605081929223384,-2.65316291943648));
#3003=CARTESIAN_POINT('Ctrl Pts',(2.16198432243935,-2.11172079386266,-2.69769073082484));
#3004=CARTESIAN_POINT('Ctrl Pts',(-0.340542542915969,-3.14501462526302,
-2.76871510819207));
#3005=CARTESIAN_POINT('Ctrl Pts',(-2.82892062142641,-1.4158686925972,-2.84820480612868));
#3006=CARTESIAN_POINT('Ctrl Pts',(-2.72157749356573,1.61254307531357,-2.92769450406528));
#3007=CARTESIAN_POINT('Ctrl Pts',(-0.11721931602331,3.16109770552652,-3.00718420200189));
#3008=CARTESIAN_POINT('Ctrl Pts',(2.24202392837275,1.98560926291476,-3.07632992532245));
#3009=CARTESIAN_POINT('Ctrl Pts',(2.66886409413215,0.543094996930415,-3.11897908266415));
#3010=CARTESIAN_POINT('Ctrl Pts',(2.67161756671813,-0.00165158007362727,
-3.13513167402698));
#3011=CARTESIAN_POINT('Ctrl Pts',(2.67246647761515,-0.00199277474917558,
-2.73375043344546));
#3012=CARTESIAN_POINT('Ctrl Pts',(2.67456726917706,-0.311138740390066,-2.74292471862076));
#3013=CARTESIAN_POINT('Ctrl Pts',(2.48203852537322,-1.51058859593797,-2.77859556977493));
#3014=CARTESIAN_POINT('Ctrl Pts',(0.709022332081587,-3.08278529345011,-2.84076298690798));
#3015=CARTESIAN_POINT('Ctrl Pts',(-2.20874232262978,-2.26506098212725,-2.92025268484458));
#3016=CARTESIAN_POINT('Ctrl Pts',(-3.09959351543649,0.632051011359698,-2.99974238278119));
#3017=CARTESIAN_POINT('Ctrl Pts',(-1.14702297279404,2.94713024613562,-3.07923208071779));
#3018=CARTESIAN_POINT('Ctrl Pts',(1.8028542833163,2.56933334753832,-3.15723476427255));
#3019=CARTESIAN_POINT('Ctrl Pts',(2.67508221120333,0.834303231655385,-3.20874088184844));
#3020=CARTESIAN_POINT('Ctrl Pts',(2.67899805989807,-0.00191585558642011,
-3.23375043344546));
#3021=CARTESIAN_POINT('Origin',(0.,0.,7.61486832597302));
#3022=CARTESIAN_POINT('',(2.67955327396415,0.000485459094828575,-2.13513167402698));
#3023=CARTESIAN_POINT('',(2.67213812564306,0.00180110643628675,-2.23375043344546));
#3024=CARTESIAN_POINT('',(2.67525,-2.74793613458054E-13,7.61486832597302));
#3025=CARTESIAN_POINT('Ctrl Pts',(2.67955327396415,0.000485459094828507,
-2.13513167402698));
#3026=CARTESIAN_POINT('Ctrl Pts',(2.67740516668151,-0.860250912152958,-2.16085019022993));
#3027=CARTESIAN_POINT('Ctrl Pts',(1.75990878633382,-2.61169730659647,-2.21306527241176));
#3028=CARTESIAN_POINT('Ctrl Pts',(-1.22508987683831,-2.91657108791106,-2.29177692057245));
#3029=CARTESIAN_POINT('Ctrl Pts',(-3.11552684028307,-0.548390218551854,
-2.37126661850906));
#3030=CARTESIAN_POINT('Ctrl Pts',(-2.14734244600206,2.32296369184081,-2.45075631644566));
#3031=CARTESIAN_POINT('Ctrl Pts',(0.791111033944091,3.06289994744076,-2.53024601438226));
#3032=CARTESIAN_POINT('Ctrl Pts',(2.50179747760751,1.46215616635501,-2.59170446690937));
#3033=CARTESIAN_POINT('Ctrl Pts',(2.67522937760286,0.287280375415939,-2.62666635345761));
#3034=CARTESIAN_POINT('Ctrl Pts',(2.67304718125212,0.00218180910289946,
-2.63513167402698));
#3035=CARTESIAN_POINT('Ctrl Pts',(2.67213812564306,0.00180110643628661,
-2.23375043344546));
#3036=CARTESIAN_POINT('Ctrl Pts',(2.66863035210256,-0.566554001918921,-2.25061198941422));
#3037=CARTESIAN_POINT('Ctrl Pts',(2.21255104866873,-2.03317420900126,-2.29397011136185));
#3038=CARTESIAN_POINT('Ctrl Pts',(-0.201582219655718,-3.15698856987822,
-2.36382479928835));
#3039=CARTESIAN_POINT('Ctrl Pts',(-2.76373899038404,-1.53915976278211,-2.44331449722496));
#3040=CARTESIAN_POINT('Ctrl Pts',(-2.79004881573898,1.49093293881117,-2.52280419516156));
#3041=CARTESIAN_POINT('Ctrl Pts',(-0.256390258549178,3.15299057996937,-2.60229389309817));
#3042=CARTESIAN_POINT('Ctrl Pts',(2.19296456832485,2.06419745175154,-2.67260930585947));
#3043=CARTESIAN_POINT('Ctrl Pts',(2.66849990140241,0.58171626893027,-2.7164281526419));
#3044=CARTESIAN_POINT('Ctrl Pts',(2.67246647761515,-0.00199277474917558,
-2.73375043344546));
#3045=CARTESIAN_POINT('Origin',(0.,0.,7.61486832597302));
#3046=CARTESIAN_POINT('',(2.67449988524457,-0.00244555649948986,-1.63513167402698));
#3047=CARTESIAN_POINT('',(2.67903997399805,0.00116742472236097,-1.73375043344546));
#3048=CARTESIAN_POINT('',(2.67525,-2.74793613458054E-13,7.61486832597302));
#3049=CARTESIAN_POINT('Ctrl Pts',(2.67449988524457,-0.00244555649948987,
-1.63513167402698));
#3050=CARTESIAN_POINT('Ctrl Pts',(2.6765780170204,-0.234816458947936,-1.64204089504453));
#3051=CARTESIAN_POINT('Ctrl Pts',(2.54235481023088,-1.35595680919518,-1.67544668204094));
#3052=CARTESIAN_POINT('Ctrl Pts',(0.969329574552073,-3.01125151937009,-1.73534903501622));
#3053=CARTESIAN_POINT('Ctrl Pts',(-2.00745431271805,-2.44486454044182,-1.81483873295283));
#3054=CARTESIAN_POINT('Ctrl Pts',(-3.14231905303902,0.364782846098957,-1.89432843088943));
#3055=CARTESIAN_POINT('Ctrl Pts',(-1.39398106396097,2.83972753314965,-1.97381812882604));
#3056=CARTESIAN_POINT('Ctrl Pts',(1.63338992319313,2.70910914751493,-2.05330782676264));
#3057=CARTESIAN_POINT('Ctrl Pts',(2.66746657435211,0.939277977991445,-2.10707900849629));
#3058=CARTESIAN_POINT('Ctrl Pts',(2.67961825961016,0.0265248983642848,-2.13435362425106));
#3059=CARTESIAN_POINT('Ctrl Pts',(2.67955327396415,0.000485459094828507,
-2.13513167402698));
#3060=CARTESIAN_POINT('Ctrl Pts',(2.67903997399805,0.00116742472236106,
-1.73375043344546));
#3061=CARTESIAN_POINT('Ctrl Pts',(2.6745496735733,-0.820841580045364,-1.75829926020768));
#3062=CARTESIAN_POINT('Ctrl Pts',(1.82921125860724,-2.53805957696095,-1.80934465294877));
#3063=CARTESIAN_POINT('Ctrl Pts',(-1.09533097545427,-2.96774064922316,-1.88688661166873));
#3064=CARTESIAN_POINT('Ctrl Pts',(-3.08832372527009,-0.685194872583592,
-1.96637630960534));
#3065=CARTESIAN_POINT('Ctrl Pts',(-2.24765650073701,2.22604495351178,-2.04586600754194));
#3066=CARTESIAN_POINT('Ctrl Pts',(0.655324684070494,3.09479905066994,-2.12535570547854));
#3067=CARTESIAN_POINT('Ctrl Pts',(2.4687784931151,1.54201445498691,-2.18798384744638));
#3068=CARTESIAN_POINT('Ctrl Pts',(2.67414253337615,0.326569898144449,-2.22411542343535));
#3069=CARTESIAN_POINT('Ctrl Pts',(2.67213812564306,0.00180110643628661,
-2.23375043344546));
#3070=CARTESIAN_POINT('Origin',(0.,0.,7.61486832597302));
#3071=CARTESIAN_POINT('',(2.67102101191519,0.000739861477644902,-1.13513167402698));
#3072=CARTESIAN_POINT('',(2.67568852701177,-0.00243453926864284,-1.23375043344546));
#3073=CARTESIAN_POINT('',(2.67525,-2.74793613458054E-13,7.61486832597302));
#3074=CARTESIAN_POINT('Ctrl Pts',(2.67102101191519,0.000739861477644967,
-1.13513167402698));
#3075=CARTESIAN_POINT('Ctrl Pts',(2.66980427054454,-0.491781277460023,-1.14972816583798));
#3076=CARTESIAN_POINT('Ctrl Pts',(2.30300728357606,-1.88004643874601,-1.19082122362786));
#3077=CARTESIAN_POINT('Ctrl Pts',(0.0684022195506209,-3.16268187565745,
-1.2584108473966));
#3078=CARTESIAN_POINT('Ctrl Pts',(-2.62239726878744,-1.76925636153518,-1.33790054533321));
#3079=CARTESIAN_POINT('Ctrl Pts',(-2.9070429753567,1.24753222367661,-1.41739024326981));
#3080=CARTESIAN_POINT('Ctrl Pts',(-0.524361143425753,3.11966038301128,-1.49687994120642));
#3081=CARTESIAN_POINT('Ctrl Pts',(2.09052189023733,2.21545129381477,-1.56946041812547));
#3082=CARTESIAN_POINT('Ctrl Pts',(2.66860847087747,0.656315975903536,-1.61554432906566));
#3083=CARTESIAN_POINT('Ctrl Pts',(2.67449988524457,-0.00244555649948987,
-1.63513167402698));
#3084=CARTESIAN_POINT('Ctrl Pts',(2.67568852701177,-0.00243453926864284,
-1.23375043344546));
#3085=CARTESIAN_POINT('Ctrl Pts',(2.67747709219195,-0.195247516538239,-1.23948996502227));
#3086=CARTESIAN_POINT('Ctrl Pts',(2.5703954551543,-1.27621155998002,-1.27172606257795));
#3087=CARTESIAN_POINT('Ctrl Pts',(1.10112916106782,-2.96559430436131,-1.3304587261125));
#3088=CARTESIAN_POINT('Ctrl Pts',(-1.89772842818993,-2.53098040407104,-1.40994842404911));
#3089=CARTESIAN_POINT('Ctrl Pts',(-3.15534471689655,0.225908663816769,-1.48943812198571));
#3090=CARTESIAN_POINT('Ctrl Pts',(-1.51780674246847,2.7755175594704,-1.56892781992232));
#3091=CARTESIAN_POINT('Ctrl Pts',(1.51237927297088,2.77847869645429,-1.64841751785892));
#3092=CARTESIAN_POINT('Ctrl Pts',(2.64763788649883,1.01848172126214,-1.7033583890333));
#3093=CARTESIAN_POINT('Ctrl Pts',(2.67939624089082,0.0663868012134946,-1.73180269422881));
#3094=CARTESIAN_POINT('Ctrl Pts',(2.67903997399805,0.00116742472236106,
-1.73375043344546));
#3095=CARTESIAN_POINT('Origin',(0.,0.,7.61486832597302));
#3096=CARTESIAN_POINT('',(2.67722064377791,0.00213868870835586,-0.635131674026976));
#3097=CARTESIAN_POINT('',(2.67083580302439,9.94268609641469E-5,-0.733750433445455));
#3098=CARTESIAN_POINT('',(2.67525,-2.74793613458054E-13,7.61486832597302));
#3099=CARTESIAN_POINT('Ctrl Pts',(2.67722064377791,0.00213868870835568,
-0.635131674026976));
#3100=CARTESIAN_POINT('Ctrl Pts',(2.67070228829304,-0.745354488352918,-0.657415436631442));
#3101=CARTESIAN_POINT('Ctrl Pts',(1.95496380296237,-2.39259524283279,-0.706195765214776));
#3102=CARTESIAN_POINT('Ctrl Pts',(-0.838229868206784,-3.05034525875168,
-0.781472659776978));
#3103=CARTESIAN_POINT('Ctrl Pts',(-3.01863285991508,-0.946092578209802,
-0.860962357713581));
#3104=CARTESIAN_POINT('Ctrl Pts',(-2.4293201570429,2.02623766722859,-0.940452055650187));
#3105=CARTESIAN_POINT('Ctrl Pts',(0.388990399638561,3.13941427317703,-1.01994175358679));
#3106=CARTESIAN_POINT('Ctrl Pts',(2.39840681205859,1.69658942698316,-1.08483495971239));
#3107=CARTESIAN_POINT('Ctrl Pts',(2.67201298400968,0.402277310234892,-1.12323159985912));
#3108=CARTESIAN_POINT('Ctrl Pts',(2.67102101191519,0.000739861477644967,
-1.13513167402698));
#3109=CARTESIAN_POINT('Ctrl Pts',(2.67083580302439,9.94268609639387E-5,
-0.733750433445455));
#3110=CARTESIAN_POINT('Ctrl Pts',(2.67068597341926,-0.453031868929462,-0.747177235815729));
#3111=CARTESIAN_POINT('Ctrl Pts',(2.34598920192656,-1.80057786354867,-0.78710060416487));
#3112=CARTESIAN_POINT('Ctrl Pts',(0.207752949478614,-3.15659210462166,-0.853520538492881));
#3113=CARTESIAN_POINT('Ctrl Pts',(-2.54185572397934,-1.88313687265627,-0.933010236429484));
#3114=CARTESIAN_POINT('Ctrl Pts',(-2.95921068567517,1.11817132882657,-1.01249993436609));
#3115=CARTESIAN_POINT('Ctrl Pts',(-0.661372160697065,3.09351286867314,-1.09198963230269));
#3116=CARTESIAN_POINT('Ctrl Pts',(2.03357045882378,2.29275174632429,-1.16573979866248));
#3117=CARTESIAN_POINT('Ctrl Pts',(2.66922017528685,0.694874212984719,-1.2129933990434));
#3118=CARTESIAN_POINT('Ctrl Pts',(2.67568852701177,-0.00243453926864284,
-1.23375043344546));
#3119=CARTESIAN_POINT('Origin',(0.,0.,7.61486832597302));
#3120=CARTESIAN_POINT('',(2.67789963602774,-0.00188572888004322,-0.135131674026974));
#3121=CARTESIAN_POINT('',(2.67605452628345,0.00239379222275425,-0.233750433445453));
#3122=CARTESIAN_POINT('',(2.67525,-2.74793613458054E-13,7.61486832597302));
#3123=CARTESIAN_POINT('Ctrl Pts',(2.67789963602774,-0.00188572888004329,
-0.135131674026974));
#3124=CARTESIAN_POINT('Ctrl Pts',(2.67883118303642,-0.118357388597044,-0.138606141446032));
#3125=CARTESIAN_POINT('Ctrl Pts',(2.61897440399435,-1.12208726500912,-0.168577174843957));
#3126=CARTESIAN_POINT('Ctrl Pts',(1.35004428518606,-2.86087677776621,-0.225044774220751));
#3127=CARTESIAN_POINT('Ctrl Pts',(-1.67495376789487,-2.68361051289877,-0.304534472157354));
#3128=CARTESIAN_POINT('Ctrl Pts',(-3.16311512902397,-0.0440248800680575,
-0.384024170093958));
#3129=CARTESIAN_POINT('Ctrl Pts',(-1.74899256785643,2.6359553310153,-0.463513868030563));
#3130=CARTESIAN_POINT('Ctrl Pts',(1.26990022861825,2.89734169867545,-0.543003565967166));
#3131=CARTESIAN_POINT('Ctrl Pts',(2.60394917452971,1.1722765525174,-0.600209501299305));
#3132=CARTESIAN_POINT('Ctrl Pts',(2.67845295586406,0.143454221213399,-0.630918870652574));
#3133=CARTESIAN_POINT('Ctrl Pts',(2.67722064377791,0.00213868870835568,
-0.635131674026976));
#3134=CARTESIAN_POINT('Ctrl Pts',(2.67605452628344,0.00239379222275434,
-0.233750433445453));
#3135=CARTESIAN_POINT('Ctrl Pts',(2.66949399596735,-0.706660229354256,-0.254864506609187));
#3136=CARTESIAN_POINT('Ctrl Pts',(2.01562437247557,-2.31621449600326,-0.302475145751788));
#3137=CARTESIAN_POINT('Ctrl Pts',(-0.702949812996083,-3.08433081287901,
-0.376582350873257));
#3138=CARTESIAN_POINT('Ctrl Pts',(-2.97399280653904,-1.07824013536634,-0.456072048809862));
#3139=CARTESIAN_POINT('Ctrl Pts',(-2.51627912972151,1.91717874601929,-0.535561746746465));
#3140=CARTESIAN_POINT('Ctrl Pts',(0.250220716526252,3.15350988517587,-0.61505144468307));
#3141=CARTESIAN_POINT('Ctrl Pts',(2.35861693012415,1.7762818605322,-0.681114340249399));
#3142=CARTESIAN_POINT('Ctrl Pts',(2.67098164843617,0.441181283606573,-0.720680669836861));
#3143=CARTESIAN_POINT('Ctrl Pts',(2.67083580302439,9.94268609639387E-5,
-0.733750433445455));
#3144=CARTESIAN_POINT('Origin',(0.,0.,7.61486832597302));
#3145=CARTESIAN_POINT('',(2.67128033368923,-0.0011209954706091,0.364868325973024));
#3146=CARTESIAN_POINT('',(2.67881379283947,-0.00135604408780243,0.266249566554545));
#3147=CARTESIAN_POINT('',(2.67525,-2.74793613458054E-13,7.61486832597302));
#3148=CARTESIAN_POINT('Ctrl Pts',(2.67128033368923,-0.00112099547060936,
0.364868325973024));
#3149=CARTESIAN_POINT('Ctrl Pts',(2.67269786144417,-0.377653906379532,0.353706587760508));
#3150=CARTESIAN_POINT('Ctrl Pts',(2.4222987552851,-1.64622811146624,0.316048283569124));
#3151=CARTESIAN_POINT('Ctrl Pts',(0.476212809055168,-3.12737219883042,0.251893413398873));
#3152=CARTESIAN_POINT('Ctrl Pts',(-2.37198688878153,-2.09306323578008,0.172403715462269));
#3153=CARTESIAN_POINT('Ctrl Pts',(-3.04379428649551,0.861714483470592,0.0929140175256651));
#3154=CARTESIAN_POINT('Ctrl Pts',(-0.922799380108495,3.025834895297,0.0134243195890611));
#3155=CARTESIAN_POINT('Ctrl Pts',(1.91518350544225,2.44039066079103,-0.0625909109284853));
#3156=CARTESIAN_POINT('Ctrl Pts',(2.67172713116282,0.769864788831455,-0.112109575467164));
#3157=CARTESIAN_POINT('Ctrl Pts',(2.67789963602774,-0.00188572888004329,
-0.135131674026974));
#3158=CARTESIAN_POINT('Ctrl Pts',(2.67881379283947,-0.0013560440878024,
0.266249566554545));
#3159=CARTESIAN_POINT('Ctrl Pts',(2.67929138949166,-0.0785479775238988,
0.263944788576221));
#3160=CARTESIAN_POINT('Ctrl Pts',(2.64122052063286,-1.04268851660131,0.23514344461903));
#3161=CARTESIAN_POINT('Ctrl Pts',(1.47484496012943,-2.79858309621929,0.17984553468297));
#3162=CARTESIAN_POINT('Ctrl Pts',(-1.55502671444066,-2.75483700429617,0.100355836746367));
#3163=CARTESIAN_POINT('Ctrl Pts',(-3.15809953788712,-0.183418406002958,
0.0208661388097622));
#3164=CARTESIAN_POINT('Ctrl Pts',(-1.86349044336592,2.55629387401906,-0.0586235591268415));
#3165=CARTESIAN_POINT('Ctrl Pts',(1.14094524061732,2.95050486540467,-0.138113257063446));
#3166=CARTESIAN_POINT('Ctrl Pts',(2.5785472561865,1.25188849148906,-0.196488881836316));
#3167=CARTESIAN_POINT('Ctrl Pts',(2.67772696565675,0.183148976079748,-0.228367940630319));
#3168=CARTESIAN_POINT('Ctrl Pts',(2.67605452628344,0.00239379222275434,
-0.233750433445453));
#3169=CARTESIAN_POINT('Origin',(0.,0.,7.61486832597302));
#3170=CARTESIAN_POINT('',(2.67378385826105,0.00235845090962821,0.864868325973025));
#3171=CARTESIAN_POINT('',(2.67190136063642,-0.00165842359383883,0.766249566554545));
#3172=CARTESIAN_POINT('',(2.67525,-2.74793613458054E-13,7.61486832597302));
#3173=CARTESIAN_POINT('Ctrl Pts',(2.67378385826105,0.00235845090962836,
0.864868325973025));
#3174=CARTESIAN_POINT('Ctrl Pts',(2.66842989363608,-0.632002374065607,0.84601931696705));
#3175=CARTESIAN_POINT('Ctrl Pts',(2.12503637407856,-2.16634673029146,0.800673741982207));
#3176=CARTESIAN_POINT('Ctrl Pts',(-0.437334711451266,-3.13304546083927,
0.728831601018496));
#3177=CARTESIAN_POINT('Ctrl Pts',(-2.8711968206617,-1.32795494145993,0.649341903081893));
#3178=CARTESIAN_POINT('Ctrl Pts',(-2.67062166456542,1.69558704709593,0.569852205145288));
#3179=CARTESIAN_POINT('Ctrl Pts',(-0.0196449253951051,3.16336048948454,
0.490362507208685));
#3180=CARTESIAN_POINT('Ctrl Pts',(2.27458247880319,1.93008675244389,0.422034547484596));
#3181=CARTESIAN_POINT('Ctrl Pts',(2.66933282842058,0.51618797802574,0.380203153739376));
#3182=CARTESIAN_POINT('Ctrl Pts',(2.67128033368923,-0.00112099547060936,
0.364868325973024));
#3183=CARTESIAN_POINT('Ctrl Pts',(2.67190136063642,-0.00165842359383894,
0.766249566554545));
#3184=CARTESIAN_POINT('Ctrl Pts',(2.67380471789908,-0.338536673488054,0.756257517782763));
#3185=CARTESIAN_POINT('Ctrl Pts',(2.45825631517367,-1.56639059491486,0.719768903032112));
#3186=CARTESIAN_POINT('Ctrl Pts',(0.613610583339542,-3.1033396615384,0.656783722302594));
#3187=CARTESIAN_POINT('Ctrl Pts',(-2.27741472717526,-2.19559039060313,0.57729402436599));
#3188=CARTESIAN_POINT('Ctrl Pts',(-3.07882145680639,0.726700378403717,0.497804326429385));
#3189=CARTESIAN_POINT('Ctrl Pts',(-1.05528706060856,2.98221465065406,0.418314628492783));
#3190=CARTESIAN_POINT('Ctrl Pts',(1.84976884614164,2.5153686252832,0.3411297085345));
#3191=CARTESIAN_POINT('Ctrl Pts',(2.67380076465706,0.808878567055251,0.290441354555089));
#3192=CARTESIAN_POINT('Ctrl Pts',(2.67881379283947,-0.0013560440878024,
0.266249566554545));
#3193=CARTESIAN_POINT('Origin',(0.,0.,7.61486832597302));
#3194=CARTESIAN_POINT('',(2.67966035770373,-2.49766435711847E-5,1.36486832597303));
#3195=CARTESIAN_POINT('',(2.67275410740262,0.00208289694098696,1.26624956655455));
#3196=CARTESIAN_POINT('',(2.67525,-2.74793613458054E-13,7.61486832597302));
#3197=CARTESIAN_POINT('Ctrl Pts',(2.67966035770373,-2.4976643571109E-5,
1.36486832597303));
#3198=CARTESIAN_POINT('Ctrl Pts',(2.67966054076336,-0.0013539589696808,
1.36482861215246));
#3199=CARTESIAN_POINT('Ctrl Pts',(2.67905719617263,-0.889363209925573,1.33829233235303));
#3200=CARTESIAN_POINT('Ctrl Pts',(1.70815451284126,-2.66260092199069,1.28525948657472));
#3201=CARTESIAN_POINT('Ctrl Pts',(-1.31440861243993,-2.877423414979,1.20576978863812));
#3202=CARTESIAN_POINT('Ctrl Pts',(-3.13094956413367,-0.452095494753987,
1.12628009070152));
#3203=CARTESIAN_POINT('Ctrl Pts',(-2.07471977848429,2.38804802093504,1.04679039276491));
#3204=CARTESIAN_POINT('Ctrl Pts',(0.885147911810115,3.03706250902807,0.967300694828309));
#3205=CARTESIAN_POINT('Ctrl Pts',(2.52358124053989,1.40633279549206,0.906660005897679));
#3206=CARTESIAN_POINT('Ctrl Pts',(2.67595610771392,0.259735936847049,0.872515882945918));
#3207=CARTESIAN_POINT('Ctrl Pts',(2.67378385826105,0.00235845090962836,
0.864868325973025));
#3208=CARTESIAN_POINT('Ctrl Pts',(2.67275410740262,0.00208289694098699,
1.26624956655455));
#3209=CARTESIAN_POINT('Ctrl Pts',(2.66843777031462,-0.593491216140709,1.2485702469893));
#3210=CARTESIAN_POINT('Ctrl Pts',(2.17748284956286,-2.08812797983204,1.2043943614452));
#3211=CARTESIAN_POINT('Ctrl Pts',(-0.298798782223891,-3.14927837616891,
1.13372190992222));
#3212=CARTESIAN_POINT('Ctrl Pts',(-2.80986684854763,-1.45323201736563,1.05423221198561));
#3213=CARTESIAN_POINT('Ctrl Pts',(-2.74277033796236,1.57621250980234,0.974742514049009));
#3214=CARTESIAN_POINT('Ctrl Pts',(-0.159072967237983,3.15941937608126,0.895252816112406));
#3215=CARTESIAN_POINT('Ctrl Pts',(2.22745612373162,2.0091182643024,0.825755166947584));
#3216=CARTESIAN_POINT('Ctrl Pts',(2.66875746158125,0.554785304720745,0.78275408376163));
#3217=CARTESIAN_POINT('Ctrl Pts',(2.67190136063642,-0.00165842359383894,
0.766249566554545));
#3218=CARTESIAN_POINT('Origin',(0.,0.,7.61486832597302));
#3219=CARTESIAN_POINT('',(2.673709395445,-0.00234492563881055,1.86486832597303));
#3220=CARTESIAN_POINT('',(2.67943939469995,0.0006989177613617,1.76624956655455));
#3221=CARTESIAN_POINT('',(2.67525,-2.74793613458054E-13,7.61486832597302));
#3222=CARTESIAN_POINT('Ctrl Pts',(2.673709395445,-0.00234492563881084,1.86486832597303));
#3223=CARTESIAN_POINT('Ctrl Pts',(2.67588710099145,-0.262413878429481,1.857141341359));
#3224=CARTESIAN_POINT('Ctrl Pts',(2.52151129741274,-1.41175346206651,1.82291779076611));
#3225=CARTESIAN_POINT('Ctrl Pts',(0.876049924462055,-3.03969933371307,1.76219767419435));
#3226=CARTESIAN_POINT('Ctrl Pts',(-2.08186112192754,-2.381824884103,1.68270797625774));
#3227=CARTESIAN_POINT('Ctrl Pts',(-3.12958179706452,0.461468617576685,1.60321827832114));
#3228=CARTESIAN_POINT('Ctrl Pts',(-1.30578671553795,2.88134631085023,1.52372858038454));
#3229=CARTESIAN_POINT('Ctrl Pts',(1.71460983271608,2.65758602662117,1.4442785962685));
#3230=CARTESIAN_POINT('Ctrl Pts',(2.67953840566132,0.885326480903555,1.39132517813133));
#3231=CARTESIAN_POINT('Ctrl Pts',(2.67966035770373,-2.4976643571109E-5,
1.36486832597303));
#3232=CARTESIAN_POINT('Ctrl Pts',(2.67943939469995,0.000698917761361695,
1.76624956655455));
#3233=CARTESIAN_POINT('Ctrl Pts',(2.67647972040627,-0.848355817993009,1.74088297619585));
#3234=CARTESIAN_POINT('Ctrl Pts',(1.78107620338659,-2.58965866073138,1.68901981985828));
#3235=CARTESIAN_POINT('Ctrl Pts',(-1.18628839454148,-2.93256796133351,1.61066009754184));
#3236=CARTESIAN_POINT('Ctrl Pts',(-3.10797668780521,-0.589674410944625,
1.53117039960524));
#3237=CARTESIAN_POINT('Ctrl Pts',(-2.1779727713473,2.29426886178,1.45168070166863));
#3238=CARTESIAN_POINT('Ctrl Pts',(0.750407776893838,3.0731292148624,1.37219100373203));
#3239=CARTESIAN_POINT('Ctrl Pts',(2.49209351311326,1.48617891607766,1.31038062536067));
#3240=CARTESIAN_POINT('Ctrl Pts',(2.67490680380978,0.299114900533627,1.27506681296817));
#3241=CARTESIAN_POINT('Ctrl Pts',(2.67275410740262,0.00208289694098699,
1.26624956655455));
#3242=CARTESIAN_POINT('Origin',(0.,0.,7.61486832597302));
#3243=CARTESIAN_POINT('',(2.67131455453017,0.00116036093250694,2.36486832597303));
#3244=CARTESIAN_POINT('',(2.67485293780167,-0.00246180812051966,2.26624956655455));
#3245=CARTESIAN_POINT('',(2.67525,-2.74793613458054E-13,7.61486832597302));
#3246=CARTESIAN_POINT('Ctrl Pts',(2.67131455453017,0.00116036093250702,
2.36486832597303));
#3247=CARTESIAN_POINT('Ctrl Pts',(2.66928672276286,-0.518811399634891,2.34945407056554));
#3248=CARTESIAN_POINT('Ctrl Pts',(2.27146413098314,-1.93546336565613,2.30754324917919));
#3249=CARTESIAN_POINT('Ctrl Pts',(-0.029117036481545,-3.1632874842025,2.23913586181397));
#3250=CARTESIAN_POINT('Ctrl Pts',(-2.67568686806488,-1.68758267755712,2.15964616387737));
#3251=CARTESIAN_POINT('Ctrl Pts',(-2.86720759092936,1.33654634788423,2.08015646594076));
#3252=CARTESIAN_POINT('Ctrl Pts',(-0.427951325411096,3.13434094708992,2.00066676800416));
#3253=CARTESIAN_POINT('Ctrl Pts',(2.12868393356791,2.16105116822609,1.92890405468158));
#3254=CARTESIAN_POINT('Ctrl Pts',(2.66841954131891,0.629387323576983,1.88363790733787));
#3255=CARTESIAN_POINT('Ctrl Pts',(2.673709395445,-0.00234492563881084,1.86486832597303));
#3256=CARTESIAN_POINT('Ctrl Pts',(2.67485293780167,-0.00246180812051956,
2.26624956655455));
#3257=CARTESIAN_POINT('Ctrl Pts',(2.67686051822098,-0.222922597290445,2.25969227138126));
#3258=CARTESIAN_POINT('Ctrl Pts',(2.55100866266339,-1.33195485956863,2.2266384102291));
#3259=CARTESIAN_POINT('Ctrl Pts',(1.00919422211563,-2.9981264191011,2.16708798309807));
#3260=CARTESIAN_POINT('Ctrl Pts',(-1.97484181357759,-2.47128201834781,2.08759828516147));
#3261=CARTESIAN_POINT('Ctrl Pts',(-3.14688194939526,0.323061912694569,2.00810858722486));
#3262=CARTESIAN_POINT('Ctrl Pts',(-1.4315327507899,2.82098369124663,1.92861888928826));
#3263=CARTESIAN_POINT('Ctrl Pts',(1.59730467615598,2.73054074761644,1.84912919135165));
#3264=CARTESIAN_POINT('Ctrl Pts',(2.66169138816302,0.963091717423635,1.79500608377375));
#3265=CARTESIAN_POINT('Ctrl Pts',(2.67957123582436,0.0385207589320995,1.76737954217471));
#3266=CARTESIAN_POINT('Ctrl Pts',(2.67943939469995,0.000698917761361695,
1.76624956655455));
#3267=CARTESIAN_POINT('Origin',(0.,0.,7.61486832597302));
#3268=CARTESIAN_POINT('',(2.6779687372928,0.00185454131816309,2.86486832597303));
#3269=CARTESIAN_POINT('',(2.67093566441329,0.000550492183856721,2.76624956655455));
#3270=CARTESIAN_POINT('',(2.67525,-2.74793613458054E-13,7.61486832597302));
#3271=CARTESIAN_POINT('Ctrl Pts',(2.6779687372928,0.00185454131816306,2.86486832597303));
#3272=CARTESIAN_POINT('Ctrl Pts',(2.67185012997891,-0.772506354896937,2.84176679977208));
#3273=CARTESIAN_POINT('Ctrl Pts',(1.91083474457187,-2.44551160107241,2.79216870759227));
#3274=CARTESIAN_POINT('Ctrl Pts',(-0.931855642935321,-3.02305814867251,
2.7160740494336));
#3275=CARTESIAN_POINT('Ctrl Pts',(-3.04636091318443,-0.852596443898143,
2.63658435149699));
#3276=CARTESIAN_POINT('Ctrl Pts',(-2.36570889727535,2.10015640438466,2.55709465356039));
#3277=CARTESIAN_POINT('Ctrl Pts',(0.485575111885059,3.12593223218986,2.47760495562378));
#3278=CARTESIAN_POINT('Ctrl Pts',(2.42481340286026,1.64080848114985,2.41352951309466));
#3279=CARTESIAN_POINT('Ctrl Pts',(2.67277249465363,0.375001872353105,2.37595063654441));
#3280=CARTESIAN_POINT('Ctrl Pts',(2.67131455453017,0.00116036093250702,
2.36486832597303));
#3281=CARTESIAN_POINT('Ctrl Pts',(2.67093566441329,0.000550492183856409,
2.76624956655455));
#3282=CARTESIAN_POINT('Ctrl Pts',(2.67005375602049,-0.480134088021597,2.7520050005878));
#3283=CARTESIAN_POINT('Ctrl Pts',(2.31620141003466,-1.85615936160092,2.71126386864218));
#3284=CARTESIAN_POINT('Ctrl Pts',(0.110355189015298,-3.16149596474849,2.64402617071769));
#3285=CARTESIAN_POINT('Ctrl Pts',(-2.59869385623044,-1.80389169421385,2.56453647278109));
#3286=CARTESIAN_POINT('Ctrl Pts',(-2.92333794298946,1.20885494330035,2.48504677484448));
#3287=CARTESIAN_POINT('Ctrl Pts',(-0.565703211147105,3.11242909634283,2.40555707690788));
#3288=CARTESIAN_POINT('Ctrl Pts',(2.07368168635065,2.23877530540267,2.33262467414457));
#3289=CARTESIAN_POINT('Ctrl Pts',(2.66874833390835,0.667910237227445,2.28618883736012));
#3290=CARTESIAN_POINT('Ctrl Pts',(2.67485293780167,-0.00246180812051956,
2.26624956655455));
#3291=CARTESIAN_POINT('Origin',(0.,0.,7.61486832597302));
#3292=CARTESIAN_POINT('',(2.67714426158057,-0.00216178530193466,3.36486832597303));
#3293=CARTESIAN_POINT('',(2.67687827658732,0.00223473739649815,3.26624956655455));
#3294=CARTESIAN_POINT('',(2.67525,-2.74793613458054E-13,7.61486832597302));
#3295=CARTESIAN_POINT('Ctrl Pts',(2.67714426158057,-0.00216178530193484,
3.36486832597303));
#3296=CARTESIAN_POINT('Ctrl Pts',(2.67840843790418,-0.146152318987823,3.36057609495749));
#3297=CARTESIAN_POINT('Ctrl Pts',(2.60228672333698,-1.17767881319124,3.32978729796309));
#3298=CARTESIAN_POINT('Ctrl Pts',(1.2612188889961,-2.90113123170345,3.27250193498982));
#3299=CARTESIAN_POINT('Ctrl Pts',(-1.75687769207966,-2.63070642311119,3.19301223705322));
#3300=CARTESIAN_POINT('Ctrl Pts',(-3.16296912279654,0.0534961471632323,
3.11352253911661));
#3301=CARTESIAN_POINT('Ctrl Pts',(-1.6669105977367,2.68861387496955,3.03403284118001));
#3302=CARTESIAN_POINT('Ctrl Pts',(1.35860469079233,2.85682145113809,2.9545431432434));
#3303=CARTESIAN_POINT('Ctrl Pts',(2.62054502899633,1.11669124098337,2.89815497150775));
#3304=CARTESIAN_POINT('Ctrl Pts',(2.67886793828218,0.115655942240866,2.86826336575095));
#3305=CARTESIAN_POINT('Ctrl Pts',(2.6779687372928,0.00185454131816306,2.86486832597303));
#3306=CARTESIAN_POINT('Ctrl Pts',(2.67687827658732,0.00223473739649819,
3.26624956655455));
#3307=CARTESIAN_POINT('Ctrl Pts',(2.67028676688357,-0.73369710212601,3.24431772979434));
#3308=CARTESIAN_POINT('Ctrl Pts',(1.97351755506483,-2.36969630916151,3.19588932705526));
#3309=CARTESIAN_POINT('Ctrl Pts',(-0.797687442771715,-3.06119743670804,
3.12096435833731));
#3310=CARTESIAN_POINT('Ctrl Pts',(-3.00581539825425,-0.986057196353854,
3.04147466040071));
#3311=CARTESIAN_POINT('Ctrl Pts',(-2.45598818994946,1.99382973538173,2.9619849624641));
#3312=CARTESIAN_POINT('Ctrl Pts',(0.347305852880778,3.14429859387087,2.8824952645275));
#3313=CARTESIAN_POINT('Ctrl Pts',(2.38668740755277,1.7205800992201,2.81725013255765));
#3314=CARTESIAN_POINT('Ctrl Pts',(2.67169420922712,0.413995696218056,2.77850156656666));
#3315=CARTESIAN_POINT('Ctrl Pts',(2.67093566441329,0.000550492183856409,
2.76624956655455));
#3316=CARTESIAN_POINT('Origin',(0.,0.,7.61486832597302));
#3317=CARTESIAN_POINT('',(2.670999569775,-0.000697478120522902,3.86486832597303));
#3318=CARTESIAN_POINT('',(2.67819881585053,-0.00174197170300761,3.76624956655455));
#3319=CARTESIAN_POINT('',(2.67525,-2.74793613458054E-13,7.61486832597302));
#3320=CARTESIAN_POINT('Ctrl Pts',(2.670999569775,-0.000697478120523232,
3.86486832597303));
#3321=CARTESIAN_POINT('Ctrl Pts',(2.6719405337592,-0.404923105591585,3.85288882416404));
#3322=CARTESIAN_POINT('Ctrl Pts',(2.39578063404442,-1.70200487480885,3.81441275637618));
#3323=CARTESIAN_POINT('Ctrl Pts',(0.379588159886447,-3.14056497121174,3.74944012260944));
#3324=CARTESIAN_POINT('Ctrl Pts',(-2.4353765250185,-2.01895435582724,3.66995042467284));
#3325=CARTESIAN_POINT('Ctrl Pts',(-3.01578639766102,0.955127171222832,3.59046072673624));
#3326=CARTESIAN_POINT('Ctrl Pts',(-0.82909231803179,3.05284153498126,3.51097102879964));
#3327=CARTESIAN_POINT('Ctrl Pts',(1.95917418100716,2.3874335165904,3.43577356187856));
#3328=CARTESIAN_POINT('Ctrl Pts',(2.6706044936975,0.742722175961937,3.38707266093636));
#3329=CARTESIAN_POINT('Ctrl Pts',(2.67714426158057,-0.00216178530193484,
3.36486832597303));
#3330=CARTESIAN_POINT('Ctrl Pts',(2.67819881585053,-0.00174197170300781,
3.76624956655455));
#3331=CARTESIAN_POINT('Ctrl Pts',(2.67898799027077,-0.106385721337052,3.76312702497975));
#3332=CARTESIAN_POINT('Ctrl Pts',(2.62586651540508,-1.09818351630899,3.73350791742608));
#3333=CARTESIAN_POINT('Ctrl Pts',(1.38788040710896,-2.8427140162927,3.67739224389354));
#3334=CARTESIAN_POINT('Ctrl Pts',(-1.63920311587027,-2.70559571033528,3.59790254595694));
#3335=CARTESIAN_POINT('Ctrl Pts',(-3.1622525918696,-0.0859857434549821,
3.51841284802033));
#3336=CARTESIAN_POINT('Ctrl Pts',(-1.78380955771284,2.61251956254416,3.43892315008373));
#3337=CARTESIAN_POINT('Ctrl Pts',(1.23134968455327,2.91393427469017,3.35943345214713));
#3338=CARTESIAN_POINT('Ctrl Pts',(2.59651448138211,1.19621705793587,3.30187559097073));
#3339=CARTESIAN_POINT('Ctrl Pts',(2.67825018434264,0.155406111392137,3.27081429577321));
#3340=CARTESIAN_POINT('Ctrl Pts',(2.67687827658732,0.00223473739649819,
3.26624956655455));
#3341=CARTESIAN_POINT('Origin',(0.,0.,7.61486832597302));
#3342=CARTESIAN_POINT('',(2.67457905005234,0.00245067520028091,4.36486832597303));
#3343=CARTESIAN_POINT('',(2.67144095337324,-0.00129255484100532,4.26624956655455));
#3344=CARTESIAN_POINT('',(2.67525,-2.74793613458054E-13,7.61486832597302));
#3345=CARTESIAN_POINT('Ctrl Pts',(2.67457905005234,0.00245067520028099,
4.36486832597303));
#3346=CARTESIAN_POINT('Ctrl Pts',(2.66863686241975,-0.658932351879529,4.34520155337058));
#3347=CARTESIAN_POINT('Ctrl Pts',(2.08674320727454,-2.22072017289775,4.29903821478925));
#3348=CARTESIAN_POINT('Ctrl Pts',(-0.533700138936548,-3.11807627734439,
4.22637831022907));
#3349=CARTESIAN_POINT('Ctrl Pts',(-2.91076548712053,-1.23882193575141,4.14688861229246));
#3350=CARTESIAN_POINT('Ctrl Pts',(-2.61708774494115,1.77710079758622,4.06739891435586));
#3351=CARTESIAN_POINT('Ctrl Pts',(0.0778720801059555,3.16246287704422,3.98790921641926));
#3352=CARTESIAN_POINT('Ctrl Pts',(2.30600500958658,1.87465714693252,3.92039902029164));
#3353=CARTESIAN_POINT('Ctrl Pts',(2.66985928575002,0.489153391028305,3.8793853901429));
#3354=CARTESIAN_POINT('Ctrl Pts',(2.670999569775,-0.000697478120523232,
3.86486832597303));
#3355=CARTESIAN_POINT('Ctrl Pts',(2.67144095337324,-0.00129255484100539,
4.26624956655455));
#3356=CARTESIAN_POINT('Ctrl Pts',(2.67302941256309,-0.365898675904984,4.25543975418629));
#3357=CARTESIAN_POINT('Ctrl Pts',(2.43335920394949,-1.62221261509489,4.21813337583916));
#3358=CARTESIAN_POINT('Ctrl Pts',(0.517661427019144,-3.12077901330057,4.15433043151317));
#3359=CARTESIAN_POINT('Ctrl Pts',(-2.34400960674551,-2.12434789202355,4.07484073357656));
#3360=CARTESIAN_POINT('Ctrl Pts',(-3.05495860926005,0.821256901687053,3.99535103563996));
#3361=CARTESIAN_POINT('Ctrl Pts',(-0.962861597552995,3.01332582818782,3.91586133770335));
#3362=CARTESIAN_POINT('Ctrl Pts',(1.89581222065849,2.4630485092656,3.83949418134155));
#3363=CARTESIAN_POINT('Ctrl Pts',(2.67229139021155,0.781576840580605,3.78962359095862));
#3364=CARTESIAN_POINT('Ctrl Pts',(2.67819881585053,-0.00174197170300781,
3.76624956655455));
#3365=CARTESIAN_POINT('Origin',(0.,0.,7.61486832597302));
#3366=CARTESIAN_POINT('',(2.67953090566164,-0.000534079935182774,4.86486832597303));
#3367=CARTESIAN_POINT('',(2.67345838362662,0.00229259383440553,4.76624956655455));
#3368=CARTESIAN_POINT('',(2.67525,-2.74793613458054E-13,7.61486832597302));
#3369=CARTESIAN_POINT('Ctrl Pts',(2.67953090566164,-0.000534079935183103,
4.86486832597303));
#3370=CARTESIAN_POINT('Ctrl Pts',(2.67960915409454,-0.0292324104740502,
4.86401084855598));
#3371=CARTESIAN_POINT('Ctrl Pts',(2.66617735738268,-0.944651316005386,4.83665680516007));
#3372=CARTESIAN_POINT('Ctrl Pts',(1.62527062188214,-2.71398800757888,4.78280619578529));
#3373=CARTESIAN_POINT('Ctrl Pts',(-1.40247796247444,-2.83554070308264,4.70331649784869));
#3374=CARTESIAN_POINT('Ctrl Pts',(-3.14339724273851,-0.355372036077845,
4.62382679991209));
#3375=CARTESIAN_POINT('Ctrl Pts',(-2.00012454524806,2.45086460492472,4.54433710197549));
#3376=CARTESIAN_POINT('Ctrl Pts',(0.978341963732447,3.00833550526727,4.46484740403888));
#3377=CARTESIAN_POINT('Ctrl Pts',(2.54432444316827,1.35053911537899,4.40502447870473));
#3378=CARTESIAN_POINT('Ctrl Pts',(2.6766426277707,0.23213296771128,4.37169811934945));
#3379=CARTESIAN_POINT('Ctrl Pts',(2.67457905005234,0.00245067520028099,
4.36486832597303));
#3380=CARTESIAN_POINT('Ctrl Pts',(2.67345838362662,0.00229259383440542,
4.76624956655455));
#3381=CARTESIAN_POINT('Ctrl Pts',(2.6683964555861,-0.620415952656091,4.74775248339283));
#3382=CARTESIAN_POINT('Ctrl Pts',(2.14110190906699,-2.14286494614115,4.70275883425224));
#3383=CARTESIAN_POINT('Ctrl Pts',(-0.395730403098001,-3.13857172160449,
4.63126861913279));
#3384=CARTESIAN_POINT('Ctrl Pts',(-2.85332620785472,-1.36592992294378,4.55177892119618));
#3385=CARTESIAN_POINT('Ctrl Pts',(-2.69288174515421,1.66000690037704,4.47228922325959));
#3386=CARTESIAN_POINT('Ctrl Pts',(-0.0616111902397735,3.16282137722227,
4.39279952532298));
#3387=CARTESIAN_POINT('Ctrl Pts',(2.26067570470947,1.95389880422668,4.32411963975464));
#3388=CARTESIAN_POINT('Ctrl Pts',(2.6691358469493,0.527808801519635,4.28193632016516));
#3389=CARTESIAN_POINT('Ctrl Pts',(2.67144095337324,-0.00129255484100539,
4.26624956655455));
#3390=CARTESIAN_POINT('Origin',(0.,0.,7.61486832597302));
#3391=CARTESIAN_POINT('',(2.67297996177136,-0.00216121919968804,5.36486832597303));
#3392=CARTESIAN_POINT('',(2.67964275285617,0.000196094695785378,5.26624956655455));
#3393=CARTESIAN_POINT('',(2.67525,-2.74793613458054E-13,7.61486832597302));
#3394=CARTESIAN_POINT('Ctrl Pts',(2.67297996177136,-0.00216121919968823,
5.36486832597303));
#3395=CARTESIAN_POINT('Ctrl Pts',(2.6751569253082,-0.289952177064254,5.35632357776253));
#3396=CARTESIAN_POINT('Ctrl Pts',(2.49962310583386,-1.46757471554328,5.32128226357316));
#3397=CARTESIAN_POINT('Ctrl Pts',(0.781937705061627,-3.06525829902488,5.25974438340492));
#3398=CARTESIAN_POINT('Ctrl Pts',(-2.15428942338519,-2.31652169199872,5.18025468546831));
#3399=CARTESIAN_POINT('Ctrl Pts',(-3.11387035758524,0.557715834500038,5.10076498753171));
#3400=CARTESIAN_POINT('Ctrl Pts',(-1.21635139304917,2.92022682807131,5.02127528959511));
#3401=CARTESIAN_POINT('Ctrl Pts',(1.76471012759554,2.60673224515979,4.94264306907555));
#3402=CARTESIAN_POINT('Ctrl Pts',(2.67719123063226,0.857563198941205,4.89050741453485));
#3403=CARTESIAN_POINT('Ctrl Pts',(2.67953090566164,-0.000534079935183103,
4.86486832597303));
#3404=CARTESIAN_POINT('Ctrl Pts',(2.67964275285617,0.000196094695785313,
5.26624956655455));
#3405=CARTESIAN_POINT('Ctrl Pts',(2.67872036000083,-0.876051950680946,5.24006521259937));
#3406=CARTESIAN_POINT('Ctrl Pts',(1.7314691035252,-2.64070577761288,5.18738429266532));
#3407=CARTESIAN_POINT('Ctrl Pts',(-1.27611840191795,-2.89460823855279,5.10820680675242));
#3408=CARTESIAN_POINT('Ctrl Pts',(-3.12467602682857,-0.493593693433385,
5.02871710881581));
#3409=CARTESIAN_POINT('Ctrl Pts',(-2.10621913047245,2.36031268423988,4.94922741087921));
#3410=CARTESIAN_POINT('Ctrl Pts',(0.844777576601896,3.04853831425567,4.8697377129426));
#3411=CARTESIAN_POINT('Ctrl Pts',(2.51433470098279,1.43035220210645,4.80874509816772));
#3412=CARTESIAN_POINT('Ctrl Pts',(2.67564752912744,0.271597017358442,4.7742490493717));
#3413=CARTESIAN_POINT('Ctrl Pts',(2.67345838362662,0.00229259383440542,
4.76624956655455));
#3414=CARTESIAN_POINT('Origin',(0.,0.,7.61486832597302));
#3415=CARTESIAN_POINT('',(2.671734386599,0.00154554635346169,5.86486832597303));
#3416=CARTESIAN_POINT('',(2.6740433445528,-0.00239874857503819,5.76624956655455));
#3417=CARTESIAN_POINT('',(2.67525,-2.74793613458054E-13,7.61486832597302));
#3418=CARTESIAN_POINT('Ctrl Pts',(2.671734386599,0.0015455463534619,5.86486832597303));
#3419=CARTESIAN_POINT('Ctrl Pts',(2.6688702503898,-0.545797847001751,5.84863630696907));
#3420=CARTESIAN_POINT('Ctrl Pts',(2.23866807600726,-1.99074188762859,5.80590772198624));
#3421=CARTESIAN_POINT('Ctrl Pts',(-0.126609227114583,-3.16088324043616,
5.73668257102454));
#3422=CARTESIAN_POINT('Ctrl Pts',(-2.72643331013289,-1.60430710882005,5.65719287308794));
#3423=CARTESIAN_POINT('Ctrl Pts',(-2.82464752534357,1.42429129109814,5.57770317515133));
#3424=CARTESIAN_POINT('Ctrl Pts',(-0.33113471504743,3.14604226253572,5.49821347721473));
#3425=CARTESIAN_POINT('Ctrl Pts',(2.16550669053534,2.10639352680343,5.42726852748863));
#3426=CARTESIAN_POINT('Ctrl Pts',(2.66840633926794,0.602464066846606,5.3828201437414));
#3427=CARTESIAN_POINT('Ctrl Pts',(2.67297996177136,-0.00216121919968823,
5.36486832597303));
#3428=CARTESIAN_POINT('Ctrl Pts',(2.6740433445528,-0.00239874857503805,
5.76624956655455));
#3429=CARTESIAN_POINT('Ctrl Pts',(2.67618985401318,-0.250544395727798,5.75887450778478));
#3430=CARTESIAN_POINT('Ctrl Pts',(2.53060827560766,-1.38773819634149,5.72500288303615));
#3431=CARTESIAN_POINT('Ctrl Pts',(0.916300008921527,-3.02780876199771,5.66463469230864));
#3432=CARTESIAN_POINT('Ctrl Pts',(-2.05007831006079,-2.40923531498666,5.58514499437204));
#3433=CARTESIAN_POINT('Ctrl Pts',(-3.13542859662981,0.419908276790261,5.50565529643543));
#3434=CARTESIAN_POINT('Ctrl Pts',(-1.34389827364287,2.86376883441049,5.42616559849883));
#3435=CARTESIAN_POINT('Ctrl Pts',(1.68071206406401,2.68000785830862,5.34667590056222));
#3436=CARTESIAN_POINT('Ctrl Pts',(2.67486166755107,0.907777885744799,5.2933705565808));
#3437=CARTESIAN_POINT('Ctrl Pts',(2.67965375110881,0.0106441346195596,5.26656177857824));
#3438=CARTESIAN_POINT('Ctrl Pts',(2.67964275285617,0.000196094695785313,
5.26624956655455));
#3439=CARTESIAN_POINT('Origin',(0.,0.,7.61486832597302));
#3440=CARTESIAN_POINT('',(2.67859130184357,0.00168078161576298,6.36486832597303));
#3441=CARTESIAN_POINT('',(2.67116464393413,0.00100345746313457,6.26624956655455));
#3442=CARTESIAN_POINT('',(2.67525,-2.74793613458054E-13,7.61486832597302));
#3443=CARTESIAN_POINT('Ctrl Pts',(2.67859130184357,0.00168078161576291,
6.36486832597303));
#3444=CARTESIAN_POINT('Ctrl Pts',(2.67322605523755,-0.799524495147846,6.34094903617561));
#3445=CARTESIAN_POINT('Ctrl Pts',(1.86532348805115,-2.49829304109469,6.29053318039932));
#3446=CARTESIAN_POINT('Ctrl Pts',(-1.02462416921624,-2.99272858505276,6.21362075864417));
#3447=CARTESIAN_POINT('Ctrl Pts',(-3.07117892830771,-0.758379333542178,
6.13413106070756));
#3448=CARTESIAN_POINT('Ctrl Pts',(-2.29985725273924,2.17212629790057,6.05464136277096));
#3449=CARTESIAN_POINT('Ctrl Pts',(0.581702501884939,3.10945468144413,5.97515166483436));
#3450=CARTESIAN_POINT('Ctrl Pts',(2.45008315571379,1.58499928695527,5.91189398590171));
#3451=CARTESIAN_POINT('Ctrl Pts',(2.67354556367159,0.347665888568975,5.87513287294794));
#3452=CARTESIAN_POINT('Ctrl Pts',(2.671734386599,0.0015455463534619,5.86486832597303));
#3453=CARTESIAN_POINT('Ctrl Pts',(2.67116464393413,0.00100345746313461,
6.26624956655455));
#3454=CARTESIAN_POINT('Ctrl Pts',(2.66949408256051,-0.507173957913988,6.25118723699132));
#3455=CARTESIAN_POINT('Ctrl Pts',(2.28520406211569,-1.9116656956389,6.20962834144923));
#3456=CARTESIAN_POINT('Ctrl Pts',(0.0128438246829595,-3.16337171357114,
6.14157287992826));
#3457=CARTESIAN_POINT('Ctrl Pts',(-2.65305772238174,-1.7229446143011,6.06208318199167));
#3458=CARTESIAN_POINT('Ctrl Pts',(-2.88468943014677,1.29839626999462,5.98259348405505));
#3459=CARTESIAN_POINT('Ctrl Pts',(-0.469495369237519,3.12838397897182,5.90310378611846));
#3460=CARTESIAN_POINT('Ctrl Pts',(2.11242560190763,2.1844970159114,5.83098914695161));
#3461=CARTESIAN_POINT('Ctrl Pts',(2.66847803349529,0.640974942274506,5.78537107376365));
#3462=CARTESIAN_POINT('Ctrl Pts',(2.6740433445528,-0.00239874857503805,
5.76624956655455));
#3463=CARTESIAN_POINT('Origin',(0.,0.,-6.56991738439783));
#3464=CARTESIAN_POINT('',(-2.,-2.44929359829471E-16,-4.86991738439783));
#3465=CARTESIAN_POINT('Origin',(0.,0.,-4.86991738439783));
#3466=CARTESIAN_POINT('',(-2.,2.44929359829471E-16,8.13008261560217));
#3467=CARTESIAN_POINT('',(-2.,-2.44929359829471E-16,-6.56991738439783));
#3468=CARTESIAN_POINT('Origin',(0.,0.,8.13008261560217));
#3469=CARTESIAN_POINT('Origin',(0.,0.,6.69055894626379));
#3470=CARTESIAN_POINT('',(3.,-3.67394039744206E-16,6.69055894626379));
#3471=CARTESIAN_POINT('Origin',(0.,0.,6.69055894626379));
#3472=CARTESIAN_POINT('',(1.553630244057,-2.17788788215817,6.69055894626379));
#3473=CARTESIAN_POINT('Ctrl Pts',(1.55704004632022,-2.18047620736696,6.69055894626379));
#3474=CARTESIAN_POINT('Ctrl Pts',(1.62779001415218,-2.1359510619939,6.69055894626379));
#3475=CARTESIAN_POINT('Ctrl Pts',(1.69611716430917,-2.08807368356763,6.69055894626379));
#3476=CARTESIAN_POINT('Ctrl Pts',(1.76174265141115,-2.03690830843405,6.69055894626379));
#3477=CARTESIAN_POINT('Ctrl Pts',(1.83245960021534,-1.98177333917667,6.69055894626379));
#3478=CARTESIAN_POINT('Ctrl Pts',(1.90004072598388,-1.92282121668577,6.69055894626379));
#3479=CARTESIAN_POINT('Ctrl Pts',(1.96441724753488,-1.86043852590205,6.69055894626379));
#3480=CARTESIAN_POINT('Ctrl Pts',(2.03042181337279,-1.79647821363637,6.69055894626379));
#3481=CARTESIAN_POINT('Ctrl Pts',(2.09305814066294,-1.72891104812777,6.69055894626379));
#3482=CARTESIAN_POINT('Ctrl Pts',(2.15222044214632,-1.65810932747662,6.69055894626379));
#3483=CARTESIAN_POINT('Ctrl Pts',(2.18170020729248,-1.62282979905385,6.69055894626379));
#3484=CARTESIAN_POINT('Ctrl Pts',(2.2103168755657,-1.58674653916435,6.69055894626379));
#3485=CARTESIAN_POINT('Ctrl Pts',(2.23805393017555,-1.54990236663331,6.69055894626379));
#3486=CARTESIAN_POINT('Ctrl Pts',(2.25855751409021,-1.52266668519984,6.69055894626379));
#3487=CARTESIAN_POINT('Ctrl Pts',(2.27858039865099,-1.49501517002369,6.69055894626379));
#3488=CARTESIAN_POINT('Ctrl Pts',(2.29811503039715,-1.46696451610042,6.69055894626379));
#3489=CARTESIAN_POINT('Ctrl Pts',(2.30607188345395,-1.45553891390249,6.69055894626379));
#3490=CARTESIAN_POINT('Ctrl Pts',(2.31394722704563,-1.44404768119689,6.69055894626379));
#3491=CARTESIAN_POINT('Ctrl Pts',(2.32173335649759,-1.43250294929248,6.69055894626379));
#3492=CARTESIAN_POINT('Ctrl Pts',(2.37437730848082,-1.35444615409217,6.69055894626379));
#3493=CARTESIAN_POINT('Ctrl Pts',(2.42303582357857,-1.27381874503301,6.69055894626379));
#3494=CARTESIAN_POINT('Ctrl Pts',(2.46763010639006,-1.19103376053788,6.69055894626379));
#3495=CARTESIAN_POINT('Ctrl Pts',(2.51294582600495,-1.1069094982067,6.69055894626379));
#3496=CARTESIAN_POINT('Ctrl Pts',(2.5540652512931,-1.02055651629197,6.69055894626379));
#3497=CARTESIAN_POINT('Ctrl Pts',(2.59086731984041,-0.932369730303276,6.69055894626379));
#3498=CARTESIAN_POINT('Ctrl Pts',(2.62771001212091,-0.844085599882409,6.69055894626379));
#3499=CARTESIAN_POINT('Ctrl Pts',(2.66022625075949,-0.753962725863015,6.69055894626379));
#3500=CARTESIAN_POINT('Ctrl Pts',(2.68824944627394,-0.662371730697873,6.69055894626379));
#3501=CARTESIAN_POINT('Ctrl Pts',(2.70141560511207,-0.619339465163959,6.69055894626379));
#3502=CARTESIAN_POINT('Ctrl Pts',(2.71358927811136,-0.575982841202872,6.69055894626379));
#3503=CARTESIAN_POINT('Ctrl Pts',(2.72474932160863,-0.532339207491169,6.69055894626379));
#3504=CARTESIAN_POINT('Ctrl Pts',(2.72895935094467,-0.515875026298458,6.69055894626379));
#3505=CARTESIAN_POINT('Ctrl Pts',(2.73302510315313,-0.499369996061895,6.69055894626379));
#3506=CARTESIAN_POINT('Ctrl Pts',(2.73694534497864,-0.482826109420641,6.69055894626379));
#3507=CARTESIAN_POINT('Ctrl Pts',(2.74055850564187,-0.467578141797742,6.69055894626379));
#3508=CARTESIAN_POINT('Ctrl Pts',(2.74404604508097,-0.452305512063941,6.69055894626379));
#3509=CARTESIAN_POINT('Ctrl Pts',(2.7474060925985,-0.437016160641947,6.69055894626379));
#3510=CARTESIAN_POINT('Ctrl Pts',(2.76828608929197,-0.342005121223376,6.69055894626379));
#3511=CARTESIAN_POINT('Ctrl Pts',(2.78426453388686,-0.246274687942967,6.69055894626379));
#3512=CARTESIAN_POINT('Ctrl Pts',(2.79522049675264,-0.150226439388936,6.69055894626379));
#3513=CARTESIAN_POINT('Ctrl Pts',(2.80601525710189,-0.0555914138956831,
6.69055894626379));
#3514=CARTESIAN_POINT('Ctrl Pts',(2.81193453020315,0.0393530695426903,6.69055894626379));
#3515=CARTESIAN_POINT('Ctrl Pts',(2.81281622780191,0.134240342231866,6.69055894626379));
#3516=CARTESIAN_POINT('Ctrl Pts',(2.81363861004037,0.222744164658747,6.69055894626379));
#3517=CARTESIAN_POINT('Ctrl Pts',(2.81007824707204,0.311198939236514,6.69055894626379));
#3518=CARTESIAN_POINT('Ctrl Pts',(2.80196284744785,0.399310698027634,6.69055894626379));
#3519=CARTESIAN_POINT('Ctrl Pts',(2.79630273321161,0.460764556544732,6.69055894626379));
#3520=CARTESIAN_POINT('Ctrl Pts',(2.78842592836323,0.522051614313769,6.69055894626379));
#3521=CARTESIAN_POINT('Ctrl Pts',(2.77839248331091,0.58309439050415,6.69055894626379));
#3522=CARTESIAN_POINT('Ctrl Pts',(2.77566168656426,0.599708366437389,6.69055894626379));
#3523=CARTESIAN_POINT('Ctrl Pts',(2.77277068509679,0.61630582102953,6.69055894626379));
#3524=CARTESIAN_POINT('Ctrl Pts',(2.76972472119309,0.632864328739381,6.69055894626379));
#3525=CARTESIAN_POINT('Ctrl Pts',(2.75284969553488,0.724600557827979,6.69055894626379));
#3526=CARTESIAN_POINT('Ctrl Pts',(2.73120029868573,0.815285553364469,6.69055894626379));
#3527=CARTESIAN_POINT('Ctrl Pts',(2.70507447543722,0.904662998058904,6.69055894626379));
#3528=CARTESIAN_POINT('Ctrl Pts',(2.67748389924416,0.999051418830471,6.69055894626379));
#3529=CARTESIAN_POINT('Ctrl Pts',(2.64490093938867,1.09198233030796,6.69055894626379));
#3530=CARTESIAN_POINT('Ctrl Pts',(2.60761650348566,1.18315198822258,6.69055894626379));
#3531=CARTESIAN_POINT('Ctrl Pts',(2.57499262207052,1.26292543889787,6.69055894626379));
#3532=CARTESIAN_POINT('Ctrl Pts',(2.53876804520908,1.34135074754517,6.69055894626379));
#3533=CARTESIAN_POINT('Ctrl Pts',(2.49910343325577,1.41821593237726,6.69055894626379));
#3534=CARTESIAN_POINT('Ctrl Pts',(2.46234989937431,1.48943980262101,6.69055894626379));
#3535=CARTESIAN_POINT('Ctrl Pts',(2.42264226931595,1.55932433424352,6.69055894626379));
#3536=CARTESIAN_POINT('Ctrl Pts',(2.3800868383619,1.62768977920019,6.69055894626379));
#3537=CARTESIAN_POINT('Ctrl Pts',(2.3711230618649,1.64209011671227,6.69055894626379));
#3538=CARTESIAN_POINT('Ctrl Pts',(2.3620370486922,1.65641621710838,6.69055894626379));
#3539=CARTESIAN_POINT('Ctrl Pts',(2.3528337526086,1.67066097622152,6.69055894626379));
#3540=CARTESIAN_POINT('Ctrl Pts',(2.29889512417599,1.75414658419671,6.69055894626379));
#3541=CARTESIAN_POINT('Ctrl Pts',(2.24089413103305,1.83490056028074,6.69055894626379));
#3542=CARTESIAN_POINT('Ctrl Pts',(2.17909446071771,1.91261647054576,6.69055894626379));
#3543=CARTESIAN_POINT('Ctrl Pts',(2.11515121169237,1.99302802902092,6.69055894626379));
#3544=CARTESIAN_POINT('Ctrl Pts',(2.04714092060774,2.07018816831196,6.69055894626379));
#3545=CARTESIAN_POINT('Ctrl Pts',(1.97530461812699,2.14372970177712,6.69055894626379));
#3546=CARTESIAN_POINT('Ctrl Pts',(1.95111942386939,2.16848899772409,6.69055894626379));
#3547=CARTESIAN_POINT('Ctrl Pts',(1.92650016498444,2.19283783565536,6.69055894626379));
#3548=CARTESIAN_POINT('Ctrl Pts',(1.90145489156872,2.21676119346186,6.69055894626379));
#3549=CARTESIAN_POINT('Ctrl Pts',(1.88573125223269,2.23178048447187,6.69055894626379));
#3550=CARTESIAN_POINT('Ctrl Pts',(1.8698376983981,2.24663372436754,6.69055894626379));
#3551=CARTESIAN_POINT('Ctrl Pts',(1.85379412267148,2.26130109749283,6.69055894626379));
#3552=CARTESIAN_POINT('Ctrl Pts',(1.77966066834482,2.3290754549181,6.69055894626379));
#3553=CARTESIAN_POINT('Ctrl Pts',(1.70225049827597,2.39295904034194,6.69055894626379));
#3554=CARTESIAN_POINT('Ctrl Pts',(1.62180218394177,2.45262769492062,6.69055894626379));
#3555=CARTESIAN_POINT('Ctrl Pts',(1.54293376438227,2.51112453879869,6.69055894626379));
#3556=CARTESIAN_POINT('Ctrl Pts',(1.46114476185954,2.56557102636431,6.69055894626379));
#3557=CARTESIAN_POINT('Ctrl Pts',(1.3766245119681,2.61562729596512,6.69055894626379));
#3558=CARTESIAN_POINT('Ctrl Pts',(1.33091553219357,2.64269798041898,6.69055894626379));
#3559=CARTESIAN_POINT('Ctrl Pts',(1.28440718107978,2.66848400281506,6.69055894626379));
#3560=CARTESIAN_POINT('Ctrl Pts',(1.23712586157876,2.69292626200811,6.69055894626379));
#3561=CARTESIAN_POINT('',(-1.55363024405704,-2.17788788215814,6.69055894626379));
#3562=CARTESIAN_POINT('Ctrl Pts',(-1.24029731053401,2.69645185223534,6.69055894626379));
#3563=CARTESIAN_POINT('Ctrl Pts',(-1.32237138732667,2.65464201372712,6.69055894626379));
#3564=CARTESIAN_POINT('Ctrl Pts',(-1.40213309717531,2.60891948508363,6.69055894626379));
#3565=CARTESIAN_POINT('Ctrl Pts',(-1.47927652098186,2.55928430480398,6.69055894626379));
#3566=CARTESIAN_POINT('Ctrl Pts',(-1.56125765691865,2.5065364714701,6.69055894626379));
#3567=CARTESIAN_POINT('Ctrl Pts',(-1.64028276094983,2.44937006547367,6.69055894626379));
#3568=CARTESIAN_POINT('Ctrl Pts',(-1.71620044355633,2.38816857900794,6.69055894626379));
#3569=CARTESIAN_POINT('Ctrl Pts',(-1.79356755031595,2.32579863073405,6.69055894626379));
#3570=CARTESIAN_POINT('Ctrl Pts',(-1.8677079963248,2.25923729915523,6.69055894626379));
#3571=CARTESIAN_POINT('Ctrl Pts',(-1.93842347579941,2.18885275618809,6.69055894626379));
#3572=CARTESIAN_POINT('Ctrl Pts',(-1.97223636843829,2.15519810217928,6.69055894626379));
#3573=CARTESIAN_POINT('Ctrl Pts',(-2.00526560101349,2.12066886601608,6.69055894626379));
#3574=CARTESIAN_POINT('Ctrl Pts',(-2.03748593691765,2.08530312570505,6.69055894626379));
#3575=CARTESIAN_POINT('Ctrl Pts',(-2.06506714645878,2.05502939122266,6.69055894626379));
#3576=CARTESIAN_POINT('Ctrl Pts',(-2.09205558802709,2.02414266442229,6.69055894626379));
#3577=CARTESIAN_POINT('Ctrl Pts',(-2.11843396430283,1.99266625946421,6.69055894626379));
#3578=CARTESIAN_POINT('Ctrl Pts',(-2.12736774245466,1.98200589068437,6.69055894626379));
#3579=CARTESIAN_POINT('Ctrl Pts',(-2.13622895732877,1.97128089402642,6.69055894626379));
#3580=CARTESIAN_POINT('Ctrl Pts',(-2.14501192105135,1.960498720586,6.69055894626379));
#3581=CARTESIAN_POINT('Ctrl Pts',(-2.20750999139091,1.88377461521822,6.69055894626379));
#3582=CARTESIAN_POINT('Ctrl Pts',(-2.26612955541276,1.8040625724557,6.69055894626379));
#3583=CARTESIAN_POINT('Ctrl Pts',(-2.32071359091242,1.72174760453726,6.69055894626379));
#3584=CARTESIAN_POINT('Ctrl Pts',(-2.37550579486213,1.63911871004431,6.69055894626379));
#3585=CARTESIAN_POINT('Ctrl Pts',(-2.42623207728948,1.55386611340393,6.69055894626379));
#3586=CARTESIAN_POINT('Ctrl Pts',(-2.4726897258515,1.46635058340569,6.69055894626379));
#3587=CARTESIAN_POINT('Ctrl Pts',(-2.51858916058682,1.37988659993226,6.69055894626379));
#3588=CARTESIAN_POINT('Ctrl Pts',(-2.56032224149011,1.29121285801208,6.69055894626379));
#3589=CARTESIAN_POINT('Ctrl Pts',(-2.59764522810766,1.20066257405396,6.69055894626379));
#3590=CARTESIAN_POINT('Ctrl Pts',(-2.61514465746756,1.15820674612462,6.69055894626379));
#3591=CARTESIAN_POINT('Ctrl Pts',(-2.63167387433748,1.11533825968278,6.69055894626379));
#3592=CARTESIAN_POINT('Ctrl Pts',(-2.6472037299628,1.07209114982503,6.69055894626379));
#3593=CARTESIAN_POINT('Ctrl Pts',(-2.65353291742532,1.05446580467658,6.69055894626379));
#3594=CARTESIAN_POINT('Ctrl Pts',(-2.65969608321854,1.03677757181614,6.69055894626379));
#3595=CARTESIAN_POINT('Ctrl Pts',(-2.6656911237593,1.01902876130261,6.69055894626379));
#3596=CARTESIAN_POINT('Ctrl Pts',(-2.66977659007761,1.00693340230544,6.69055894626379));
#3597=CARTESIAN_POINT('Ctrl Pts',(-2.67378343373522,0.994811389080573,6.69055894626379));
#3598=CARTESIAN_POINT('Ctrl Pts',(-2.67770825608866,0.98267244182255,6.69055894626379));
#3599=CARTESIAN_POINT('Ctrl Pts',(-2.7076053555467,0.890204737348973,6.69055894626379));
#3600=CARTESIAN_POINT('Ctrl Pts',(-2.7327961349826,0.796611921960094,6.69055894626379));
#3601=CARTESIAN_POINT('Ctrl Pts',(-2.75309326313185,0.702235160896192,6.69055894626379));
#3602=CARTESIAN_POINT('Ctrl Pts',(-2.77323609567863,0.608575837250058,6.69055894626379));
#3603=CARTESIAN_POINT('Ctrl Pts',(-2.78855970484336,0.514143605683897,6.69055894626379));
#3604=CARTESIAN_POINT('Ctrl Pts',(-2.79883015616734,0.419263529710722,6.69055894626379));
#3605=CARTESIAN_POINT('Ctrl Pts',(-2.80910060749132,0.324383453737547,6.69055894626379));
#3606=CARTESIAN_POINT('Ctrl Pts',(-2.8143182842892,0.229054731848956,6.69055894626379));
#3607=CARTESIAN_POINT('Ctrl Pts',(-2.81419294759181,0.133606222256588,6.69055894626379));
#3608=CARTESIAN_POINT('Ctrl Pts',(-2.81411835566427,0.0768017231809706,
6.69055894626379));
#3609=CARTESIAN_POINT('Ctrl Pts',(-2.81215008413289,0.0199549252079906,
6.69055894626379));
#3610=CARTESIAN_POINT('Ctrl Pts',(-2.80832194946902,-0.0368614168960414,
6.69055894626379));
#3611=CARTESIAN_POINT('Ctrl Pts',(-2.80688340586706,-0.0582119681688329,
6.69055894626379));
#3612=CARTESIAN_POINT('Ctrl Pts',(-2.80518142752384,-0.0795648319515155,
6.69055894626379));
#3613=CARTESIAN_POINT('Ctrl Pts',(-2.80322129715532,-0.100880144292919,
6.69055894626379));
#3614=CARTESIAN_POINT('Ctrl Pts',(-2.79470221863967,-0.193520318813367,
6.69055894626379));
#3615=CARTESIAN_POINT('Ctrl Pts',(-2.78130742483894,-0.285551390385574,
6.69055894626379));
#3616=CARTESIAN_POINT('Ctrl Pts',(-2.7632781447484,-0.376671058032066,6.69055894626379));
#3617=CARTESIAN_POINT('Ctrl Pts',(-2.74475113061146,-0.470306264882339,
6.69055894626379));
#3618=CARTESIAN_POINT('Ctrl Pts',(-2.72132993821801,-0.562979906975632,
6.69055894626379));
#3619=CARTESIAN_POINT('Ctrl Pts',(-2.69322268060019,-0.654353451493418,
6.69055894626379));
#3620=CARTESIAN_POINT('Ctrl Pts',(-2.66735884872075,-0.738433870357834,
6.69055894626379));
#3621=CARTESIAN_POINT('Ctrl Pts',(-2.63752626428359,-0.821413826803875,
6.69055894626379));
#3622=CARTESIAN_POINT('Ctrl Pts',(-2.60385203157615,-0.903012492403794,
6.69055894626379));
#3623=CARTESIAN_POINT('Ctrl Pts',(-2.5877270636267,-0.942086162736465,6.69055894626379));
#3624=CARTESIAN_POINT('Ctrl Pts',(-2.57072074773411,-0.980842808898716,
6.69055894626379));
#3625=CARTESIAN_POINT('Ctrl Pts',(-2.55284466065408,-1.01924968430368,6.69055894626379));
#3626=CARTESIAN_POINT('Ctrl Pts',(-2.54317923846026,-1.040015899207,6.69055894626379));
#3627=CARTESIAN_POINT('Ctrl Pts',(-2.53325951723424,-1.06067983636757,6.69055894626379));
#3628=CARTESIAN_POINT('Ctrl Pts',(-2.52308715682332,-1.08123613850574,6.69055894626379));
#3629=CARTESIAN_POINT('Ctrl Pts',(-2.51495448037506,-1.09767064805015,6.69055894626379));
#3630=CARTESIAN_POINT('Ctrl Pts',(-2.50665939740598,-1.11403791116955,6.69055894626379));
#3631=CARTESIAN_POINT('Ctrl Pts',(-2.49821289207767,-1.13031616149974,6.69055894626379));
#3632=CARTESIAN_POINT('Ctrl Pts',(-2.45440617779686,-1.21474121464166,6.69055894626379));
#3633=CARTESIAN_POINT('Ctrl Pts',(-2.4064738999872,-1.29689030779003,6.69055894626379));
#3634=CARTESIAN_POINT('Ctrl Pts',(-2.35460120731954,-1.37642262700428,6.69055894626379));
#3635=CARTESIAN_POINT('Ctrl Pts',(-2.3025752194291,-1.45618998172495,6.69055894626379));
#3636=CARTESIAN_POINT('Ctrl Pts',(-2.24658500073137,-1.53332591066486,6.69055894626379));
#3637=CARTESIAN_POINT('Ctrl Pts',(-2.18677694287623,-1.60745196521504,6.69055894626379));
#3638=CARTESIAN_POINT('Ctrl Pts',(-2.16913003676748,-1.62932352519827,6.69055894626379));
#3639=CARTESIAN_POINT('Ctrl Pts',(-2.15115051014255,-1.65093277152621,6.69055894626379));
#3640=CARTESIAN_POINT('Ctrl Pts',(-2.13284155002025,-1.67226924407226,6.69055894626379));
#3641=CARTESIAN_POINT('Ctrl Pts',(-2.12102269191776,-1.6860424316124,6.69055894626379));
#3642=CARTESIAN_POINT('Ctrl Pts',(-2.10906485096431,-1.69970384804536,6.69055894626379));
#3643=CARTESIAN_POINT('Ctrl Pts',(-2.09697434611567,-1.71324443847552,6.69055894626379));
#3644=CARTESIAN_POINT('Ctrl Pts',(-2.03503589223142,-1.78261153657631,6.69055894626379));
#3645=CARTESIAN_POINT('Ctrl Pts',(-1.96973515373552,-1.84868229213666,6.69055894626379));
#3646=CARTESIAN_POINT('Ctrl Pts',(-1.90122495755873,-1.91111882127558,6.69055894626379));
#3647=CARTESIAN_POINT('Ctrl Pts',(-1.83462128557249,-1.97181784622066,6.69055894626379));
#3648=CARTESIAN_POINT('Ctrl Pts',(-1.76498373353124,-2.02908258536219,6.69055894626379));
#3649=CARTESIAN_POINT('Ctrl Pts',(-1.69242406773131,-2.08256335331017,6.69055894626379));
#3650=CARTESIAN_POINT('Ctrl Pts',(-1.64728345378642,-2.11583465731635,6.69055894626379));
#3651=CARTESIAN_POINT('Ctrl Pts',(-1.60101136137331,-2.14764064972544,6.69055894626379));
#3652=CARTESIAN_POINT('Ctrl Pts',(-1.55363024405704,-2.17788788215814,6.69055894626379));
#3653=CARTESIAN_POINT('Origin',(0.,0.,6.69055894626379));
#3654=CARTESIAN_POINT('Origin',(-2.42906355152802,0.,8.13008261560217));
#3655=CARTESIAN_POINT('',(2.42906355152802,-2.97474490330429E-16,8.13008261560217));
#3656=CARTESIAN_POINT('Origin',(0.,0.,8.13008261560217));
#3657=CARTESIAN_POINT('Origin',(0.,0.,7.66480851761542));
#3658=CARTESIAN_POINT('',(2.42906355152802,-2.97474490330429E-16,7.19953441962866));
#3659=CARTESIAN_POINT('Origin',(0.,0.,7.19953441962866));
#3660=CARTESIAN_POINT('',(2.42906355152802,-2.97474490330429E-16,7.66480851761542));
#3661=CARTESIAN_POINT('Origin',(0.,0.,6.94504668294622));
#3662=CARTESIAN_POINT('',(2.71453177576401,-3.32434265037317E-16,6.94504668294622));
#3663=CARTESIAN_POINT('Origin',(0.,0.,-3.43238447719944));
#3664=CARTESIAN_POINT('',(2.44317587589484,-2.99202751616864E-16,-3.54706777987129));
#3665=CARTESIAN_POINT('Origin',(0.,0.,-3.54706777987129));
#3666=CARTESIAN_POINT('',(2.67632975518304,-3.27755866814773E-16,-3.3177011745276));
#3667=CARTESIAN_POINT('',(2.55975281553894,-3.13479309215819E-16,-3.43238447719944));
#3668=CARTESIAN_POINT('',(1.33833931485455,-2.31766883673935,-3.3177011745276));
#3669=CARTESIAN_POINT('Origin',(0.,0.,-3.3177011745276));
#3670=CARTESIAN_POINT('',(-1.78914553547766,-1.9932408014507,-3.3177011745276));
#3671=CARTESIAN_POINT('Origin',(0.,0.,-3.3177011745276));
#3672=CARTESIAN_POINT('Origin',(0.,0.,-3.3177011745276));
#3673=CARTESIAN_POINT('Origin',(0.,0.,-4.20849258213456));
#3674=CARTESIAN_POINT('',(2.44317587589484,-2.99202751616864E-16,-4.86991738439783));
#3675=CARTESIAN_POINT('Origin',(0.,0.,-4.86991738439783));
#3676=CARTESIAN_POINT('',(2.44317587589484,-2.99202751616864E-16,-4.20849258213456));
#3677=CARTESIAN_POINT('Origin',(0.,0.,-4.86991738439783));
#3678=CARTESIAN_POINT('Origin',(-2.67632975518304,0.,-3.3177011745276));
#3679=CARTESIAN_POINT('Ctrl Pts',(-1.77458625682454,-2.00740959999702,-3.3177011745276));
#3680=CARTESIAN_POINT('Ctrl Pts',(-1.78007331287543,-2.00310243886527,-3.3177011745276));
#3681=CARTESIAN_POINT('Ctrl Pts',(-1.78554116444352,-1.99877379103813,-3.3177011745276));
#3682=CARTESIAN_POINT('Ctrl Pts',(-1.79098965684069,-1.99442371880718,-3.3177011745276));
#3683=CARTESIAN_POINT('Ctrl Pts',(1.33833495533538,-2.31766400136875,-3.3177011745276));
#3684=CARTESIAN_POINT('Ctrl Pts',(1.33210779860906,-2.32084925735848,-3.3177011745276));
#3685=CARTESIAN_POINT('Ctrl Pts',(1.32586598953136,-2.32400888064288,-3.3177011745276));
#3686=CARTESIAN_POINT('Ctrl Pts',(1.3196095880648,-2.3271426895632,-3.3177011745276));
#3687=CARTESIAN_POINT('Ctrl Pts',(1.11679465536989,2.43099408889393,6.8569801613577));
#3688=CARTESIAN_POINT('Ctrl Pts',(1.92623222632142,2.05913981034012,6.83048359537883));
#3689=CARTESIAN_POINT('Ctrl Pts',(3.13036163960555,0.449752192287143,6.77749046342109));
#3690=CARTESIAN_POINT('Ctrl Pts',(2.07037128453868,-2.39463842901513,6.6980007654845));
#3691=CARTESIAN_POINT('Ctrl Pts',(-0.892076125022317,-3.03404656769963,
6.61851106754788));
#3692=CARTESIAN_POINT('Ctrl Pts',(-3.03456631241461,-0.893518739285917,
6.53902136961129));
#3693=CARTESIAN_POINT('Ctrl Pts',(-2.39347648009006,2.06889203193083,6.45953167167468));
#3694=CARTESIAN_POINT('Ctrl Pts',(0.444120603613456,3.13193785416452,6.38004197373807));
#3695=CARTESIAN_POINT('Ctrl Pts',(2.87401005596868,1.3218718122934,6.30055227580148));
#3696=CARTESIAN_POINT('Ctrl Pts',(2.66699126325464,-1.70136218417848,6.22106257786487));
#3697=CARTESIAN_POINT('Ctrl Pts',(0.0128438246829595,-3.16337171357114,
6.14157287992826));
#3698=CARTESIAN_POINT('Ctrl Pts',(-2.65305772238174,-1.7229446143011,6.06208318199167));
#3699=CARTESIAN_POINT('Ctrl Pts',(-2.88468943014677,1.29839626999462,5.98259348405505));
#3700=CARTESIAN_POINT('Ctrl Pts',(-0.469495369237519,3.12838397897182,5.90310378611846));
#3701=CARTESIAN_POINT('Ctrl Pts',(2.37647488678362,2.08796707545806,5.82361408818184));
#3702=CARTESIAN_POINT('Ctrl Pts',(3.04193728492786,-0.868249028839582,5.74412439024525));
#3703=CARTESIAN_POINT('Ctrl Pts',(0.916300008921527,-3.02780876199771,5.66463469230864));
#3704=CARTESIAN_POINT('Ctrl Pts',(-2.05007831006079,-2.40923531498666,5.58514499437204));
#3705=CARTESIAN_POINT('Ctrl Pts',(-3.13542859662981,0.419908276790261,5.50565529643543));
#3706=CARTESIAN_POINT('Ctrl Pts',(-1.34389827364287,2.86376883441049,5.42616559849883));
#3707=CARTESIAN_POINT('Ctrl Pts',(1.68071206406401,2.68000785830862,5.34667590056222));
#3708=CARTESIAN_POINT('Ctrl Pts',(3.16320229454664,0.0372329567456647,5.26718620262563));
#3709=CARTESIAN_POINT('Ctrl Pts',(1.74332859831307,-2.63970459147725,5.18769650468901));
#3710=CARTESIAN_POINT('Ctrl Pts',(-1.27611840191795,-2.89460823855279,5.10820680675242));
#3711=CARTESIAN_POINT('Ctrl Pts',(-3.12467602682857,-0.493593693433385,
5.02871710881581));
#3712=CARTESIAN_POINT('Ctrl Pts',(-2.10621913047245,2.36031268423988,4.94922741087921));
#3713=CARTESIAN_POINT('Ctrl Pts',(0.844777576601896,3.04853831425567,4.8697377129426));
#3714=CARTESIAN_POINT('Ctrl Pts',(3.02065726293384,0.939608803122231,4.790248015006));
#3715=CARTESIAN_POINT('Ctrl Pts',(2.42496378383188,-2.03144914989646,4.71075831706939));
#3716=CARTESIAN_POINT('Ctrl Pts',(-0.395730403098001,-3.13857172160449,
4.63126861913279));
#3717=CARTESIAN_POINT('Ctrl Pts',(-2.85332620785472,-1.36592992294378,4.55177892119618));
#3718=CARTESIAN_POINT('Ctrl Pts',(-2.69288174515421,1.66000690037704,4.47228922325959));
#3719=CARTESIAN_POINT('Ctrl Pts',(-0.0616111902397735,3.16282137722227,
4.39279952532298));
#3720=CARTESIAN_POINT('Ctrl Pts',(2.62619008190932,1.76362146066833,4.31330982738638));
#3721=CARTESIAN_POINT('Ctrl Pts',(2.90435751502355,-1.25377128207931,4.23382012944977));
#3722=CARTESIAN_POINT('Ctrl Pts',(0.517661427019144,-3.12077901330057,4.15433043151317));
#3723=CARTESIAN_POINT('Ctrl Pts',(-2.34400960674551,-2.12434789202355,4.07484073357656));
#3724=CARTESIAN_POINT('Ctrl Pts',(-3.05495860926005,0.821256901687053,3.99535103563996));
#3725=CARTESIAN_POINT('Ctrl Pts',(-0.962861597552995,3.01332582818782,3.91586133770335));
#3726=CARTESIAN_POINT('Ctrl Pts',(2.0126992211888,2.44054847275954,3.83637163976675));
#3727=CARTESIAN_POINT('Ctrl Pts',(3.14152846305027,-0.371529162661861,3.75688194183015));
#3728=CARTESIAN_POINT('Ctrl Pts',(1.38788040710896,-2.8427140162927,3.67739224389354));
#3729=CARTESIAN_POINT('Ctrl Pts',(-1.63920311587027,-2.70559571033528,3.59790254595694));
#3730=CARTESIAN_POINT('Ctrl Pts',(-3.1622525918696,-0.0859857434549821,
3.51841284802033));
#3731=CARTESIAN_POINT('Ctrl Pts',(-1.78380955771284,2.61251956254416,3.43892315008373));
#3732=CARTESIAN_POINT('Ctrl Pts',(1.23134968455327,2.91393427469017,3.35943345214713));
#3733=CARTESIAN_POINT('Ctrl Pts',(3.11669662267255,0.541698407866443,3.27994375421052));
#3734=CARTESIAN_POINT('Ctrl Pts',(2.14235046405324,-2.32756729054918,3.20045405627392));
#3735=CARTESIAN_POINT('Ctrl Pts',(-0.797687442771715,-3.06119743670804,
3.12096435833731));
#3736=CARTESIAN_POINT('Ctrl Pts',(-3.00581539825425,-0.986057196353854,
3.04147466040071));
#3737=CARTESIAN_POINT('Ctrl Pts',(-2.45598818994946,1.99382973538173,2.9619849624641));
#3738=CARTESIAN_POINT('Ctrl Pts',(0.347305852880778,3.14429859387087,2.8824952645275));
#3739=CARTESIAN_POINT('Ctrl Pts',(2.83193296396183,1.40974844936603,2.8030055665909));
#3740=CARTESIAN_POINT('Ctrl Pts',(2.71814895971149,-1.61830196060033,2.7235158686543));
#3741=CARTESIAN_POINT('Ctrl Pts',(0.110355189015298,-3.16149596474849,2.64402617071769));
#3742=CARTESIAN_POINT('Ctrl Pts',(-2.59869385623044,-1.80389169421385,2.56453647278109));
#3743=CARTESIAN_POINT('Ctrl Pts',(-2.92333794298946,1.20885494330035,2.48504677484448));
#3744=CARTESIAN_POINT('Ctrl Pts',(-0.565703211147105,3.11242909634283,2.40555707690788));
#3745=CARTESIAN_POINT('Ctrl Pts',(2.31098671392515,2.16022577776607,2.32606737897128));
#3746=CARTESIAN_POINT('Ctrl Pts',(3.06725442517297,-0.774070600217008,2.24657768103467));
#3747=CARTESIAN_POINT('Ctrl Pts',(1.00919422211563,-2.9981264191011,2.16708798309807));
#3748=CARTESIAN_POINT('Ctrl Pts',(-1.97484181357759,-2.47128201834781,2.08759828516147));
#3749=CARTESIAN_POINT('Ctrl Pts',(-3.14688194939526,0.323061912694569,2.00810858722486));
#3750=CARTESIAN_POINT('Ctrl Pts',(-1.4315327507899,2.82098369124663,1.92861888928826));
#3751=CARTESIAN_POINT('Ctrl Pts',(1.59730467615598,2.73054074761644,1.84912919135165));
#3752=CARTESIAN_POINT('Ctrl Pts',(3.16055154078571,0.134718079338431,1.76963949341505));
#3753=CARTESIAN_POINT('Ctrl Pts',(1.82386667727655,-2.58471378422908,1.69014979547844));
#3754=CARTESIAN_POINT('Ctrl Pts',(-1.18628839454148,-2.93256796133351,1.61066009754184));
#3755=CARTESIAN_POINT('Ctrl Pts',(-3.10797668780521,-0.589674410944625,
1.53117039960524));
#3756=CARTESIAN_POINT('Ctrl Pts',(-2.1779727713473,2.29426886178,1.45168070166863));
#3757=CARTESIAN_POINT('Ctrl Pts',(0.750407776893838,3.0731292148624,1.37219100373203));
#3758=CARTESIAN_POINT('Ctrl Pts',(2.99025934746306,1.0322713004697,1.29270130579542));
#3759=CARTESIAN_POINT('Ctrl Pts',(2.48642904948211,-1.95573658368275,1.21321160785882));
#3760=CARTESIAN_POINT('Ctrl Pts',(-0.298798782223891,-3.14927837616891,
1.13372190992222));
#3761=CARTESIAN_POINT('Ctrl Pts',(-2.80986684854763,-1.45323201736563,1.05423221198561));
#3762=CARTESIAN_POINT('Ctrl Pts',(-2.74277033796236,1.57621250980234,0.974742514049009));
#3763=CARTESIAN_POINT('Ctrl Pts',(-0.159072967237983,3.15941937608126,0.895252816112406));
#3764=CARTESIAN_POINT('Ctrl Pts',(2.57058017697394,1.84373332036176,0.815763118175801));
#3765=CARTESIAN_POINT('Ctrl Pts',(2.9416237814476,-1.16365137875805,0.736273420239198));
#3766=CARTESIAN_POINT('Ctrl Pts',(0.613610583339542,-3.1033396615384,0.656783722302594));
#3767=CARTESIAN_POINT('Ctrl Pts',(-2.27741472717526,-2.19559039060313,0.57729402436599));
#3768=CARTESIAN_POINT('Ctrl Pts',(-3.07882145680639,0.726700378403717,0.497804326429385));
#3769=CARTESIAN_POINT('Ctrl Pts',(-1.05528706060856,2.98221465065406,0.418314628492783));
#3770=CARTESIAN_POINT('Ctrl Pts',(1.93651518057194,2.50142838359967,0.338824930556177));
#3771=CARTESIAN_POINT('Ctrl Pts',(3.15148773184105,-0.274517902729272,0.259335232619575));
#3772=CARTESIAN_POINT('Ctrl Pts',(1.47484496012943,-2.79858309621929,0.17984553468297));
#3773=CARTESIAN_POINT('Ctrl Pts',(-1.55502671444066,-2.75483700429617,0.100355836746367));
#3774=CARTESIAN_POINT('Ctrl Pts',(-3.15809953788712,-0.183418406002958,
0.0208661388097622));
#3775=CARTESIAN_POINT('Ctrl Pts',(-1.86349044336592,2.55629387401906,-0.0586235591268415));
#3776=CARTESIAN_POINT('Ctrl Pts',(1.14094524061732,2.95050486540467,-0.138113257063446));
#3777=CARTESIAN_POINT('Ctrl Pts',(3.09851829298755,0.637510306492958,-0.21760295500005));
#3778=CARTESIAN_POINT('Ctrl Pts',(2.21307758902486,-2.26042531126751,-0.297092652936653));
#3779=CARTESIAN_POINT('Ctrl Pts',(-0.702949812996083,-3.08433081287901,
-0.376582350873257));
#3780=CARTESIAN_POINT('Ctrl Pts',(-2.97399280653904,-1.07824013536634,-0.456072048809862));
#3781=CARTESIAN_POINT('Ctrl Pts',(-2.51627912972151,1.91717874601929,-0.535561746746465));
#3782=CARTESIAN_POINT('Ctrl Pts',(0.250220716526252,3.15350988517587,-0.61505144468307));
#3783=CARTESIAN_POINT('Ctrl Pts',(2.78713310452933,1.49637029524021,-0.694541142619673));
#3784=CARTESIAN_POINT('Ctrl Pts',(2.76674002984533,-1.53374854852423,-0.774030840556276));
#3785=CARTESIAN_POINT('Ctrl Pts',(0.207752949478614,-3.15659210462166,-0.853520538492881));
#3786=CARTESIAN_POINT('Ctrl Pts',(-2.54185572397934,-1.88313687265627,-0.933010236429484));
#3787=CARTESIAN_POINT('Ctrl Pts',(-2.95921068567517,1.11817132882657,-1.01249993436609));
#3788=CARTESIAN_POINT('Ctrl Pts',(-0.661372160697065,3.09351286867314,-1.09198963230269));
#3789=CARTESIAN_POINT('Ctrl Pts',(2.24330162318461,2.2304333276134,-1.1714793302393));
#3790=CARTESIAN_POINT('Ctrl Pts',(3.08965695594066,-0.679157491033715,-1.2509690281759));
#3791=CARTESIAN_POINT('Ctrl Pts',(1.10112916106782,-2.96559430436131,-1.3304587261125));
#3792=CARTESIAN_POINT('Ctrl Pts',(-1.89772842818993,-2.53098040407104,-1.40994842404911));
#3793=CARTESIAN_POINT('Ctrl Pts',(-3.15534471689655,0.225908663816769,-1.48943812198571));
#3794=CARTESIAN_POINT('Ctrl Pts',(-1.51780674246847,2.7755175594704,-1.56892781992232));
#3795=CARTESIAN_POINT('Ctrl Pts',(1.51237927297088,2.77847869645429,-1.64841751785892));
#3796=CARTESIAN_POINT('Ctrl Pts',(3.15489717158303,0.232075173231706,-1.72790721579552));
#3797=CARTESIAN_POINT('Ctrl Pts',(1.90267143028779,-2.52726662448837,-1.80739691373213));
#3798=CARTESIAN_POINT('Ctrl Pts',(-1.09533097545427,-2.96774064922316,-1.88688661166873));
#3799=CARTESIAN_POINT('Ctrl Pts',(-3.08832372527009,-0.685194872583592,
-1.96637630960534));
#3800=CARTESIAN_POINT('Ctrl Pts',(-2.24765650073701,2.22604495351178,-2.04586600754194));
#3801=CARTESIAN_POINT('Ctrl Pts',(0.655324684070494,3.09479905066994,-2.12535570547854));
#3802=CARTESIAN_POINT('Ctrl Pts',(2.95701991202353,1.12395376302209,-2.20484540341515));
#3803=CARTESIAN_POINT('Ctrl Pts',(2.54553082277496,-1.87816725187421,-2.28433510135175));
#3804=CARTESIAN_POINT('Ctrl Pts',(-0.201582219655718,-3.15698856987822,
-2.36382479928835));
#3805=CARTESIAN_POINT('Ctrl Pts',(-2.76373899038404,-1.53915976278211,-2.44331449722496));
#3806=CARTESIAN_POINT('Ctrl Pts',(-2.79004881573898,1.49093293881117,-2.52280419516156));
#3807=CARTESIAN_POINT('Ctrl Pts',(-0.256390258549178,3.15299057996937,-2.60229389309817));
#3808=CARTESIAN_POINT('Ctrl Pts',(2.51254001835507,1.92213900022694,-2.68178359103477));
#3809=CARTESIAN_POINT('Ctrl Pts',(2.97607037977268,-1.07251292979833,-2.76127328897137));
#3810=CARTESIAN_POINT('Ctrl Pts',(0.709022332081587,-3.08278529345011,-2.84076298690798));
#3811=CARTESIAN_POINT('Ctrl Pts',(-2.20874232262978,-2.26506098212725,-2.92025268484458));
#3812=CARTESIAN_POINT('Ctrl Pts',(-3.09959351543649,0.632051011359698,-2.99974238278119));
#3813=CARTESIAN_POINT('Ctrl Pts',(-1.14702297279404,2.94713024613562,-3.07923208071779));
#3814=CARTESIAN_POINT('Ctrl Pts',(1.85908965503195,2.56213116684364,-3.1587217786544));
#3815=CARTESIAN_POINT('Ctrl Pts',(3.15727900918702,-0.181742365253914,-3.238211476591));
#3816=CARTESIAN_POINT('Ctrl Pts',(2.09446820845523,-1.88775800144431,-3.29120460854873));
#3817=CARTESIAN_POINT('Ctrl Pts',(1.3196095880648,-2.3271426895632,-3.3177011745276));
#3818=CARTESIAN_POINT('Ctrl Pts',(1.15690505743951,2.51830481326533,6.80150642299306));
#3819=CARTESIAN_POINT('Ctrl Pts',(1.99541410206351,2.13309514788871,6.7750098570142));
#3820=CARTESIAN_POINT('Ctrl Pts',(3.24279060171081,0.465905333043691,6.72201672505646));
#3821=CARTESIAN_POINT('Ctrl Pts',(2.14473000774441,-2.48064341635757,6.64252702711986));
#3822=CARTESIAN_POINT('Ctrl Pts',(-0.924115615791105,-3.14301631172847,
6.56303732918324));
#3823=CARTESIAN_POINT('Ctrl Pts',(-3.14355472341091,-0.92561004247867,6.48354763124666));
#3824=CARTESIAN_POINT('Ctrl Pts',(-2.47943973528566,2.14319762682277,6.40405793331004));
#3825=CARTESIAN_POINT('Ctrl Pts',(0.460071482221871,3.24442342703471,6.32456823537344));
#3826=CARTESIAN_POINT('Ctrl Pts',(2.97723198521304,1.36934769303895,6.24507853743684));
#3827=CARTESIAN_POINT('Ctrl Pts',(2.76277797871839,-1.76246770697565,6.16558883950023));
#3828=CARTESIAN_POINT('Ctrl Pts',(0.0133051189501576,-3.27698625382431,
6.08609914156363));
#3829=CARTESIAN_POINT('Ctrl Pts',(-2.74834400571682,-1.78482528402946,6.00660944362703));
#3830=CARTESIAN_POINT('Ctrl Pts',(-2.9882949160191,1.34502901146126,5.92711974569042));
#3831=CARTESIAN_POINT('Ctrl Pts',(-0.486357598958457,3.24074191211684,5.84763004775382));
#3832=CARTESIAN_POINT('Ctrl Pts',(2.46182751876385,2.16295776287056,5.76814034981721));
#3833=CARTESIAN_POINT('Ctrl Pts',(3.1511904291674,-0.899432754044445,5.68865065188061));
#3834=CARTESIAN_POINT('Ctrl Pts',(0.949209516141629,-3.13655447120193,5.609160953944));
#3835=CARTESIAN_POINT('Ctrl Pts',(-2.12370819796845,-2.49576455892586,5.52967125600741));
#3836=CARTESIAN_POINT('Ctrl Pts',(-3.24803954177245,0.434989554027245,5.45018155807079));
#3837=CARTESIAN_POINT('Ctrl Pts',(-1.39216524898818,2.9666229435615,5.3706918601342));
#3838=CARTESIAN_POINT('Ctrl Pts',(1.7410759244467,2.77626207319913,5.29120216219759));
#3839=CARTESIAN_POINT('Ctrl Pts',(3.27681075000601,0.0385702024587787,5.21171246426098));
#3840=CARTESIAN_POINT('Ctrl Pts',(1.80594137200572,-2.73451128848292,5.13222276632439));
#3841=CARTESIAN_POINT('Ctrl Pts',(-1.32195101934968,-2.99856996484166,5.05273306838777));
#3842=CARTESIAN_POINT('Ctrl Pts',(-3.23690078647513,-0.511321430047692,
4.97324337045118));
#3843=CARTESIAN_POINT('Ctrl Pts',(-2.18186535224098,2.44508484026668,4.89375367251457));
#3844=CARTESIAN_POINT('Ctrl Pts',(0.875118309425045,3.15802853873116,4.81426397457797));
#3845=CARTESIAN_POINT('Ctrl Pts',(3.12914612142565,0.973355460755486,4.73477427664135));
#3846=CARTESIAN_POINT('Ctrl Pts',(2.5120579258983,-2.10440995947284,4.65528457870476));
#3847=CARTESIAN_POINT('Ctrl Pts',(-0.409943316370017,-3.25129555411266,
4.57579488076815));
#3848=CARTESIAN_POINT('Ctrl Pts',(-2.9558052633217,-1.41498817921748,4.49630518283155));
#3849=CARTESIAN_POINT('Ctrl Pts',(-2.78959833401391,1.71962712141976,4.41681548489495));
#3850=CARTESIAN_POINT('Ctrl Pts',(-0.0638239959696706,3.27641615178967,
4.33732578695834));
#3851=CARTESIAN_POINT('Ctrl Pts',(2.72051139656655,1.82696306563207,4.25783608902174));
#3852=CARTESIAN_POINT('Ctrl Pts',(3.0086693928799,-1.29880128825434,4.17834639108513));
#3853=CARTESIAN_POINT('Ctrl Pts',(0.536253571845279,-3.2328638091868,4.09885669314853));
#3854=CARTESIAN_POINT('Ctrl Pts',(-2.42819622720395,-2.20064521998366,4.01936699521192));
#3855=CARTESIAN_POINT('Ctrl Pts',(-3.16467942278144,0.850752874264217,3.93987729727532));
#3856=CARTESIAN_POINT('Ctrl Pts',(-0.997443394331456,3.12155137346087,3.86038759933871));
#3857=CARTESIAN_POINT('Ctrl Pts',(2.08498661495356,2.5282023490045,3.78089790140212));
#3858=CARTESIAN_POINT('Ctrl Pts',(3.25435848883905,-0.384872872737203,3.70140820346551));
#3859=CARTESIAN_POINT('Ctrl Pts',(1.43772702921271,-2.94481192803882,3.6219185055289));
#3860=CARTESIAN_POINT('Ctrl Pts',(-1.69807615554251,-2.8027689294742,3.5424288075923));
#3861=CARTESIAN_POINT('Ctrl Pts',(-3.27582693814334,-0.0890739770220619,
3.4629391096557));
#3862=CARTESIAN_POINT('Ctrl Pts',(-1.8478762312338,2.70634989166023,3.38344941171909));
#3863=CARTESIAN_POINT('Ctrl Pts',(1.2755744045573,3.01859010806144,3.30395971378249));
#3864=CARTESIAN_POINT('Ctrl Pts',(3.22863479686006,0.561153856399924,3.22447001584588));
#3865=CARTESIAN_POINT('Ctrl Pts',(2.21929436602668,-2.41116337459126,3.14498031790928));
#3866=CARTESIAN_POINT('Ctrl Pts',(-0.826336902993981,-3.1711423217507,3.06549061997268));
#3867=CARTESIAN_POINT('Ctrl Pts',(-3.11377120158063,-1.0214720780595,2.98600092203607));
#3868=CARTESIAN_POINT('Ctrl Pts',(-2.54419659361927,2.06543941936437,2.90651122409947));
#3869=CARTESIAN_POINT('Ctrl Pts',(0.35977956712465,3.25722811069899,2.82702152616286));
#3870=CARTESIAN_POINT('Ctrl Pts',(2.93364366724339,1.46038047634542,2.74753182822627));
#3871=CARTESIAN_POINT('Ctrl Pts',(2.8157730369176,-1.6764243217682,2.66804213028965));
#3872=CARTESIAN_POINT('Ctrl Pts',(0.114318666974835,-3.27504313626999,2.58855243235306));
#3873=CARTESIAN_POINT('Ctrl Pts',(-2.69202762616576,-1.8686796306506,2.50906273441645));
#3874=CARTESIAN_POINT('Ctrl Pts',(-3.0283315151873,1.25227175012915,2.42957303647985));
#3875=CARTESIAN_POINT('Ctrl Pts',(-0.586020807709824,3.22421399956319,2.35008333854324));
#3876=CARTESIAN_POINT('Ctrl Pts',(2.39398729583822,2.23781168318813,2.27059364060664));
#3877=CARTESIAN_POINT('Ctrl Pts',(3.17741685087227,-0.801871846270332,2.19110394267003));
#3878=CARTESIAN_POINT('Ctrl Pts',(1.0454400850599,-3.10580606777018,2.11161424473343));
#3879=CARTESIAN_POINT('Ctrl Pts',(-2.0457695340727,-2.5600397097522,2.03212454679683));
#3880=CARTESIAN_POINT('Ctrl Pts',(-3.25990424910721,0.334664890152641,1.95263484886022));
#3881=CARTESIAN_POINT('Ctrl Pts',(-1.48294717503876,2.92230114431977,1.87314515092362));
#3882=CARTESIAN_POINT('Ctrl Pts',(1.65467290627801,2.8286098838966,1.79365545298702));
#3883=CARTESIAN_POINT('Ctrl Pts',(3.27406479271001,0.139556566254846,1.71416575505041));
#3884=CARTESIAN_POINT('Ctrl Pts',(1.88937202814407,-2.67754545084018,1.63467605711381));
#3885=CARTESIAN_POINT('Ctrl Pts',(-1.22889470918204,-3.03789303560749,1.5551863591772));
#3886=CARTESIAN_POINT('Ctrl Pts',(-3.21960167989441,-0.610852948645759,
1.4756966612406));
#3887=CARTESIAN_POINT('Ctrl Pts',(-2.2561960715175,2.37666901122498,1.396206963304));
#3888=CARTESIAN_POINT('Ctrl Pts',(0.77735915734919,3.18350263743152,1.31671726536739));
#3889=CARTESIAN_POINT('Ctrl Pts',(3.0976564451681,1.06934599160267,1.23722756743079));
#3890=CARTESIAN_POINT('Ctrl Pts',(2.57573075630244,-2.02597812749442,1.15773786949419));
#3891=CARTESIAN_POINT('Ctrl Pts',(-0.309530333664683,-3.26238674509776,
1.07824817155758));
#3892=CARTESIAN_POINT('Ctrl Pts',(-2.91078503302806,-1.50542578480241,0.998758473620977));
#3893=CARTESIAN_POINT('Ctrl Pts',(-2.84127870788638,1.63282320113343,0.919268775684372));
#3894=CARTESIAN_POINT('Ctrl Pts',(-0.164786175699054,3.27289196557825,0.839779077747769));
#3895=CARTESIAN_POINT('Ctrl Pts',(2.66290422594291,1.90995219455973,0.760289379811164));
#3896=CARTESIAN_POINT('Ctrl Pts',(3.04727410135568,-1.20544467034163,0.680799681874561));
#3897=CARTESIAN_POINT('Ctrl Pts',(0.635648804147284,-3.21479811183132,0.601309983937957));
#3898=CARTESIAN_POINT('Ctrl Pts',(-2.3592095494795,-2.27444643895891,0.521820286001353));
#3899=CARTESIAN_POINT('Ctrl Pts',(-3.18939931992504,0.75280029231516,0.442330588064749));
#3900=CARTESIAN_POINT('Ctrl Pts',(-1.09318837764691,3.0893228178722,0.362840890128145));
#3901=CARTESIAN_POINT('Ctrl Pts',(2.006066375264,2.59126880120209,0.28335119219154));
#3902=CARTESIAN_POINT('Ctrl Pts',(3.26467545120725,-0.284377390685115,0.203861494254938));
#3903=CARTESIAN_POINT('Ctrl Pts',(1.52781497037861,-2.89909601743976,0.124371796318333));
#3904=CARTESIAN_POINT('Ctrl Pts',(-1.61087650423444,-2.85377875634282,0.0448820983817298));
#3905=CARTESIAN_POINT('Ctrl Pts',(-3.27152472454207,-0.190005996636911,
-0.0346075995548744));
#3906=CARTESIAN_POINT('Ctrl Pts',(-1.93041890740981,2.64810482118113,-0.114097297491479));
#3907=CARTESIAN_POINT('Ctrl Pts',(1.18192302656976,3.05647415518481,-0.193586995428082));
#3908=CARTESIAN_POINT('Ctrl Pts',(3.20980358071189,0.660406901309228,-0.273076693364687));
#3909=CARTESIAN_POINT('Ctrl Pts',(2.29256170141765,-2.34160994771554,-0.35256639130129));
#3910=CARTESIAN_POINT('Ctrl Pts',(-0.728196709995865,-3.19510654808287,
-0.432056089237895));
#3911=CARTESIAN_POINT('Ctrl Pts',(-3.08080568091026,-1.11696582692406,-0.511545787174498));
#3912=CARTESIAN_POINT('Ctrl Pts',(-2.6066529214721,1.98603546016313,-0.591035485111102));
#3913=CARTESIAN_POINT('Ctrl Pts',(0.259207555331173,3.26677023148643,-0.670525183047706));
#3914=CARTESIAN_POINT('Ctrl Pts',(2.88723479189569,1.5501134018163,-0.750014880984311));
#3915=CARTESIAN_POINT('Ctrl Pts',(2.86610928675004,-1.58883411923252,-0.829504578920912));
#3916=CARTESIAN_POINT('Ctrl Pts',(0.215214530974087,-3.26996315083631,-0.908994276857519));
#3917=CARTESIAN_POINT('Ctrl Pts',(-2.63314811564828,-1.95077095090979,-0.98848397479412));
#3918=CARTESIAN_POINT('Ctrl Pts',(-3.06549265061874,1.15833117501342,-1.06797367273073));
#3919=CARTESIAN_POINT('Ctrl Pts',(-0.685125769434072,3.20461838334717,-1.14746337066733));
#3920=CARTESIAN_POINT('Ctrl Pts',(2.32387125130446,2.31054078257831,-1.22695306860393));
#3921=CARTESIAN_POINT('Ctrl Pts',(3.200623983016,-0.70354987140818,-1.30644276654054));
#3922=CARTESIAN_POINT('Ctrl Pts',(1.14067692678166,-3.07210554109708,-1.38593246447714));
#3923=CARTESIAN_POINT('Ctrl Pts',(-1.96588657159405,-2.62188220159445,-1.46542216241375));
#3924=CARTESIAN_POINT('Ctrl Pts',(-3.2686709623746,0.234022319530574,-1.54491186035035));
#3925=CARTESIAN_POINT('Ctrl Pts',(-1.5723197529057,2.87520206702637,-1.62440155828695));
#3926=CARTESIAN_POINT('Ctrl Pts',(1.56669735233216,2.87826955515946,-1.70389125622356));
#3927=CARTESIAN_POINT('Ctrl Pts',(3.2682073431818,0.240410303117903,-1.78338095416016));
#3928=CARTESIAN_POINT('Ctrl Pts',(1.971007104808,-2.61803503921705,-1.86287065209676));
#3929=CARTESIAN_POINT('Ctrl Pts',(-1.13467049558318,-3.07432897332228,-1.94236035003337));
#3930=CARTESIAN_POINT('Ctrl Pts',(-3.19924286850394,-0.709804089419692,
-2.02185004796997));
#3931=CARTESIAN_POINT('Ctrl Pts',(-2.32838253709965,2.30599479718367,-2.10133974590658));
#3932=CARTESIAN_POINT('Ctrl Pts',(0.678861093774661,3.20595075940191,-2.18082944384318));
#3933=CARTESIAN_POINT('Ctrl Pts',(3.06322319391503,1.16432128907151,-2.26031914177978));
#3934=CARTESIAN_POINT('Ctrl Pts',(2.63695520799316,-1.94562284298441,-2.33980883971639));
#3935=CARTESIAN_POINT('Ctrl Pts',(-0.208822175400124,-3.27037385539888,
-2.41929853765299));
#3936=CARTESIAN_POINT('Ctrl Pts',(-2.86300046301627,-1.59443968074891,-2.4987882355896));
#3937=CARTESIAN_POINT('Ctrl Pts',(-2.89025522275848,1.54448075921577,-2.5782779335262));
#3938=CARTESIAN_POINT('Ctrl Pts',(-0.265598680444563,3.26623227509769,-2.6577676314628));
#3939=CARTESIAN_POINT('Ctrl Pts',(2.60277951750354,1.99117386510755,-2.73725732939941));
#3940=CARTESIAN_POINT('Ctrl Pts',(3.08295787152977,-1.11103292506534,-2.81674702733602));
#3941=CARTESIAN_POINT('Ctrl Pts',(0.734487327530313,-3.19350552032448,-2.89623672527261));
#3942=CARTESIAN_POINT('Ctrl Pts',(-2.28807073112717,-2.34641211169125,-2.97572642320922));
#3943=CARTESIAN_POINT('Ctrl Pts',(-3.21091742047023,0.654751532061732,-3.05521612114582));
#3944=CARTESIAN_POINT('Ctrl Pts',(-1.18821904442696,3.05297833428297,-3.13470581908243));
#3945=CARTESIAN_POINT('Ctrl Pts',(1.92586006191764,2.6541517641514,-3.21419551701903));
#3946=CARTESIAN_POINT('Ctrl Pts',(3.27067472602322,-0.18826975980076,-3.29368521495564));
#3947=CARTESIAN_POINT('Ctrl Pts',(2.16969238826239,-1.95555805052586,-3.34667834691337));
#3948=CARTESIAN_POINT('Ctrl Pts',(1.36700421956463,-2.41072352378636,-3.37317491289224));
#3949=CARTESIAN_POINT('Ctrl Pts',(1.19701545950914,2.60561553763672,6.74603268462843));
#3950=CARTESIAN_POINT('Ctrl Pts',(2.0645959778056,2.2070504854373,6.71953611864956));
#3951=CARTESIAN_POINT('Ctrl Pts',(3.35521956381607,0.482058473800241,6.66654298669182));
#3952=CARTESIAN_POINT('Ctrl Pts',(2.21908873095013,-2.56664840370001,6.58705328875522));
#3953=CARTESIAN_POINT('Ctrl Pts',(-0.956155106559893,-3.2519860557573,6.50756359081861));
#3954=CARTESIAN_POINT('Ctrl Pts',(-3.2525431344072,-0.95770134567143,6.42807389288202));
#3955=CARTESIAN_POINT('Ctrl Pts',(-2.56540299048125,2.21750322171471,6.3485841949454));
#3956=CARTESIAN_POINT('Ctrl Pts',(0.476022360830287,3.3569089999049,6.26909449700881));
#3957=CARTESIAN_POINT('Ctrl Pts',(3.0804539144574,1.41682357378451,6.18960479907219));
#3958=CARTESIAN_POINT('Ctrl Pts',(2.85856469418215,-1.82357322977282,6.1101151011356));
#3959=CARTESIAN_POINT('Ctrl Pts',(0.0137664132173526,-3.39060079407748,
6.03062540319899));
#3960=CARTESIAN_POINT('Ctrl Pts',(-2.84363028905189,-1.84670595375782,5.95113570526239));
#3961=CARTESIAN_POINT('Ctrl Pts',(-3.09190040189143,1.39166175292789,5.87164600732578));
#3962=CARTESIAN_POINT('Ctrl Pts',(-0.503219828679392,3.35309984526185,5.79215630938918));
#3963=CARTESIAN_POINT('Ctrl Pts',(2.54718015074408,2.23794845028305,5.71266661145257));
#3964=CARTESIAN_POINT('Ctrl Pts',(3.26044357340694,-0.930616479249307,5.63317691351598));
#3965=CARTESIAN_POINT('Ctrl Pts',(0.982119023361727,-3.24530018040616,5.55368721557937));
#3966=CARTESIAN_POINT('Ctrl Pts',(-2.19733808587612,-2.58229380286505,5.47419751764277));
#3967=CARTESIAN_POINT('Ctrl Pts',(-3.36065048691509,0.450070831264224,5.39470781970616));
#3968=CARTESIAN_POINT('Ctrl Pts',(-1.4404322243335,3.06947705271252,5.31521812176956));
#3969=CARTESIAN_POINT('Ctrl Pts',(1.80143978482939,2.87251628808964,5.23572842383294));
#3970=CARTESIAN_POINT('Ctrl Pts',(3.39041920546538,0.0399074481718938,5.15623872589636));
#3971=CARTESIAN_POINT('Ctrl Pts',(1.86855414569838,-2.82931798548859,5.07674902795973));
#3972=CARTESIAN_POINT('Ctrl Pts',(-1.36778363678142,-3.10253169113053,4.99725933002315));
#3973=CARTESIAN_POINT('Ctrl Pts',(-3.34912554612168,-0.529049166661998,
4.91776963208653));
#3974=CARTESIAN_POINT('Ctrl Pts',(-2.2575115740095,2.52985699629348,4.83827993414994));
#3975=CARTESIAN_POINT('Ctrl Pts',(0.905459042248195,3.26751876320666,4.75879023621332));
#3976=CARTESIAN_POINT('Ctrl Pts',(3.23763497991746,1.00710211838874,4.67930053827672));
#3977=CARTESIAN_POINT('Ctrl Pts',(2.59915206796473,-2.17737076904921,4.59981084034012));
#3978=CARTESIAN_POINT('Ctrl Pts',(-0.424156229642038,-3.36401938662084,
4.52032114240351));
#3979=CARTESIAN_POINT('Ctrl Pts',(-3.05828431878868,-1.46404643549117,4.44083144446691));
#3980=CARTESIAN_POINT('Ctrl Pts',(-2.88631492287361,1.77924734246248,4.36134174653031));
#3981=CARTESIAN_POINT('Ctrl Pts',(-0.0660368016995643,3.39001092635707,
4.2818520485937));
#3982=CARTESIAN_POINT('Ctrl Pts',(2.81483271122379,1.8903046705958,4.2023623506571));
#3983=CARTESIAN_POINT('Ctrl Pts',(3.11298127073624,-1.34383129442937,4.1228726527205));
#3984=CARTESIAN_POINT('Ctrl Pts',(0.554845716671414,-3.34494860507303,4.04338295478389));
#3985=CARTESIAN_POINT('Ctrl Pts',(-2.51238284766239,-2.27694254794377,3.96389325684729));
#3986=CARTESIAN_POINT('Ctrl Pts',(-3.27440023630282,0.880248846841385,3.88440355891068));
#3987=CARTESIAN_POINT('Ctrl Pts',(-1.03202519110992,3.22977691873391,3.80491386097408));
#3988=CARTESIAN_POINT('Ctrl Pts',(2.15727400871833,2.61585622524946,3.72542416303747));
#3989=CARTESIAN_POINT('Ctrl Pts',(3.36718851462782,-0.398216582812546,3.64593446510088));
#3990=CARTESIAN_POINT('Ctrl Pts',(1.48757365131647,-3.04690983978492,3.56644476716427));
#3991=CARTESIAN_POINT('Ctrl Pts',(-1.75694919521476,-2.89994214861312,3.48695506922767));
#3992=CARTESIAN_POINT('Ctrl Pts',(-3.38940128441707,-0.0921622105891414,
3.40746537129106));
#3993=CARTESIAN_POINT('Ctrl Pts',(-1.91194290475475,2.8001802207763,3.32797567335446));
#3994=CARTESIAN_POINT('Ctrl Pts',(1.31979912456134,3.12324594143272,3.24848597541786));
#3995=CARTESIAN_POINT('Ctrl Pts',(3.34057297104756,0.580609304933405,3.16899627748125));
#3996=CARTESIAN_POINT('Ctrl Pts',(2.29623826800014,-2.49475945863334,3.08950657954465));
#3997=CARTESIAN_POINT('Ctrl Pts',(-0.854986363216248,-3.28108720679336,
3.01001688160804));
#3998=CARTESIAN_POINT('Ctrl Pts',(-3.22172700490702,-1.05688695976515,2.93052718367144));
#3999=CARTESIAN_POINT('Ctrl Pts',(-2.63240499728908,2.13704910334702,2.85103748573483));
#4000=CARTESIAN_POINT('Ctrl Pts',(0.372253281368529,3.37015762752711,2.77154778779823));
#4001=CARTESIAN_POINT('Ctrl Pts',(3.03535437052494,1.51101250332481,2.69205808986163));
#4002=CARTESIAN_POINT('Ctrl Pts',(2.9133971141237,-1.73454668293606,2.61256839192502));
#4003=CARTESIAN_POINT('Ctrl Pts',(0.118282144934373,-3.3885903077915,2.53307869398842));
#4004=CARTESIAN_POINT('Ctrl Pts',(-2.78536139610108,-1.93346756708735,2.45358899605182));
#4005=CARTESIAN_POINT('Ctrl Pts',(-3.13332508738513,1.29568855695795,2.37409929811521));
#4006=CARTESIAN_POINT('Ctrl Pts',(-0.606338404272545,3.33599890278355,2.2946096001786));
#4007=CARTESIAN_POINT('Ctrl Pts',(2.4769878777513,2.3153975886102,2.215119902242));
#4008=CARTESIAN_POINT('Ctrl Pts',(3.28757927657157,-0.829673092323653,2.1356302043054));
#4009=CARTESIAN_POINT('Ctrl Pts',(1.08168594800416,-3.21348571643926,2.0561405063688));
#4010=CARTESIAN_POINT('Ctrl Pts',(-2.11669725456781,-2.64879740115659,1.97665080843219));
#4011=CARTESIAN_POINT('Ctrl Pts',(-3.37292654881917,0.346267867610709,1.89716111049559));
#4012=CARTESIAN_POINT('Ctrl Pts',(-1.53436159928761,3.02361859739292,1.81767141255898));
#4013=CARTESIAN_POINT('Ctrl Pts',(1.71204113640004,2.92667902017676,1.73818171462238));
#4014=CARTESIAN_POINT('Ctrl Pts',(3.38757804463431,0.144395053171256,1.65869201668577));
#4015=CARTESIAN_POINT('Ctrl Pts',(1.9548773790116,-2.77037711745126,1.57920231874917));
#4016=CARTESIAN_POINT('Ctrl Pts',(-1.2715010238226,-3.14321810988147,1.49971262081257));
#4017=CARTESIAN_POINT('Ctrl Pts',(-3.3312266719836,-0.632031486346893,1.42022292287596));
#4018=CARTESIAN_POINT('Ctrl Pts',(-2.33441937168769,2.45906916066996,1.34073322493936));
#4019=CARTESIAN_POINT('Ctrl Pts',(0.804310537804545,3.29387606000064,1.26124352700276));
#4020=CARTESIAN_POINT('Ctrl Pts',(3.20505354287313,1.10642068273565,1.18175382906615));
#4021=CARTESIAN_POINT('Ctrl Pts',(2.66503246312277,-2.09621967130608,1.10226413112955));
#4022=CARTESIAN_POINT('Ctrl Pts',(-0.320261885105475,-3.37549511402661,
1.02277443319294));
#4023=CARTESIAN_POINT('Ctrl Pts',(-3.01170321750849,-1.55761955223919,0.943284735256341));
#4024=CARTESIAN_POINT('Ctrl Pts',(-2.9397870778104,1.68943389246451,0.863795037319735));
#4025=CARTESIAN_POINT('Ctrl Pts',(-0.170499384160127,3.38636455507523,0.784305339383133));
#4026=CARTESIAN_POINT('Ctrl Pts',(2.75522827491188,1.9761710687577,0.704815641446527));
#4027=CARTESIAN_POINT('Ctrl Pts',(3.15292442126376,-1.24723796192521,0.625325943509925));
#4028=CARTESIAN_POINT('Ctrl Pts',(0.657687024955023,-3.32625656212424,0.545836245573319));
#4029=CARTESIAN_POINT('Ctrl Pts',(-2.44100437178373,-2.35330248731469,0.466346547636717));
#4030=CARTESIAN_POINT('Ctrl Pts',(-3.29997718304368,0.778900206226608,0.386856849700112));
#4031=CARTESIAN_POINT('Ctrl Pts',(-1.13108969468525,3.19643098509034,0.307367151763509));
#4032=CARTESIAN_POINT('Ctrl Pts',(2.07561756995606,2.68110921880452,0.227877453826903));
#4033=CARTESIAN_POINT('Ctrl Pts',(3.37786317057343,-0.294236878640959,0.148387755890301));
#4034=CARTESIAN_POINT('Ctrl Pts',(1.58078498062779,-2.99960893866023,0.0688980579536962));
#4035=CARTESIAN_POINT('Ctrl Pts',(-1.66672629402823,-2.95272050838947,-0.0105916399829069));
#4036=CARTESIAN_POINT('Ctrl Pts',(-3.38494991119702,-0.196593587270863,
-0.0900813379195113));
#4037=CARTESIAN_POINT('Ctrl Pts',(-1.9973473714537,2.73991576834319,-0.169571035856115));
#4038=CARTESIAN_POINT('Ctrl Pts',(1.22290081252221,3.16244344496494,-0.249060733792719));
#4039=CARTESIAN_POINT('Ctrl Pts',(3.32108886843624,0.683303496125501,-0.328550431729323));
#4040=CARTESIAN_POINT('Ctrl Pts',(2.37204581381044,-2.42279458416357,-0.408040129665927));
#4041=CARTESIAN_POINT('Ctrl Pts',(-0.753443606995651,-3.30588228328673,
-0.48752982760253));
#4042=CARTESIAN_POINT('Ctrl Pts',(-3.18761855528149,-1.15569151848179,-0.567019525539135));
#4043=CARTESIAN_POINT('Ctrl Pts',(-2.69702671322268,2.05489217430698,-0.646509223475738));
#4044=CARTESIAN_POINT('Ctrl Pts',(0.268194394136094,3.38003057779699,-0.725998921412343));
#4045=CARTESIAN_POINT('Ctrl Pts',(2.98733647926204,1.60385650839239,-0.805488619348946));
#4046=CARTESIAN_POINT('Ctrl Pts',(2.96547854365474,-1.6439196899408,-0.884978317285551));
#4047=CARTESIAN_POINT('Ctrl Pts',(0.222676112469564,-3.38333419705096,-0.964468015222154));
#4048=CARTESIAN_POINT('Ctrl Pts',(-2.72444050731722,-2.01840502916332,-1.04395771315876));
#4049=CARTESIAN_POINT('Ctrl Pts',(-3.17177461556232,1.19849102120028,-1.12344741109536));
#4050=CARTESIAN_POINT('Ctrl Pts',(-0.708879378171075,3.31572389802118,-1.20293710903197));
#4051=CARTESIAN_POINT('Ctrl Pts',(2.40444087942431,2.39064823754322,-1.28242680696857));
#4052=CARTESIAN_POINT('Ctrl Pts',(3.31159101009134,-0.727942251782648,-1.36191650490517));
#4053=CARTESIAN_POINT('Ctrl Pts',(1.18022469249551,-3.17861677783285,-1.44140620284178));
#4054=CARTESIAN_POINT('Ctrl Pts',(-2.03404471499818,-2.71278399911787,-1.52089590077838));
#4055=CARTESIAN_POINT('Ctrl Pts',(-3.38199720785264,0.242135975244382,-1.60038559871499));
#4056=CARTESIAN_POINT('Ctrl Pts',(-1.62683276334293,2.97488657458234,-1.67987529665159));
#4057=CARTESIAN_POINT('Ctrl Pts',(1.62101543169343,2.97806041386463,-1.75936499458819));
#4058=CARTESIAN_POINT('Ctrl Pts',(3.38151751478057,0.248745433004098,-1.8388546925248));
#4059=CARTESIAN_POINT('Ctrl Pts',(2.0393427793282,-2.70880345394573,-1.9183443904614));
#4060=CARTESIAN_POINT('Ctrl Pts',(-1.17401001571209,-3.18091729742142,-1.99783408839801));
#4061=CARTESIAN_POINT('Ctrl Pts',(-3.31016201173779,-0.734413306255789,
-2.07732378633461));
#4062=CARTESIAN_POINT('Ctrl Pts',(-2.4091085734623,2.38594464085556,-2.15681348427121));
#4063=CARTESIAN_POINT('Ctrl Pts',(0.702397503478834,3.31710246813389,-2.23630318220782));
#4064=CARTESIAN_POINT('Ctrl Pts',(3.16942647580653,1.20468881512094,-2.31579288014442));
#4065=CARTESIAN_POINT('Ctrl Pts',(2.72837959321136,-2.0130784340946,-2.39528257808102));
#4066=CARTESIAN_POINT('Ctrl Pts',(-0.216062131144532,-3.38375914091954,
-2.47477227601763));
#4067=CARTESIAN_POINT('Ctrl Pts',(-2.96226193564851,-1.6497195987157,-2.55426197395423));
#4068=CARTESIAN_POINT('Ctrl Pts',(-2.99046162977799,1.59802857962036,-2.63375167189084));
#4069=CARTESIAN_POINT('Ctrl Pts',(-0.27480710233995,3.37947397022602,-2.71324136982744));
#4070=CARTESIAN_POINT('Ctrl Pts',(2.693019016652,2.06020872998815,-2.79273106776405));
#4071=CARTESIAN_POINT('Ctrl Pts',(3.18984536328686,-1.14955292033236,-2.87222076570064));
#4072=CARTESIAN_POINT('Ctrl Pts',(0.759952322979039,-3.30422574719885,-2.95171046363726));
#4073=CARTESIAN_POINT('Ctrl Pts',(-2.36739913962457,-2.42776324125524,-3.03120016157385));
#4074=CARTESIAN_POINT('Ctrl Pts',(-3.32224132550398,0.677452052763765,-3.11068985951047));
#4075=CARTESIAN_POINT('Ctrl Pts',(-1.22941511605989,3.15882642243031,-3.19017955744706));
#4076=CARTESIAN_POINT('Ctrl Pts',(1.99263046880334,2.74617236145916,-3.26966925538368));
#4077=CARTESIAN_POINT('Ctrl Pts',(3.38407044285943,-0.194797154347608,-3.34915895332027));
#4078=CARTESIAN_POINT('Ctrl Pts',(2.24491656806955,-2.02335809960741,-3.40215208527801));
#4079=CARTESIAN_POINT('Ctrl Pts',(1.41439885106446,-2.49430435800953,-3.42864865125688));
#4080=CARTESIAN_POINT('Ctrl Pts',(1.23712586157876,2.69292626200811,6.69055894626379));
#4081=CARTESIAN_POINT('Ctrl Pts',(2.13377785354769,2.28100582298589,6.66406238028492));
#4082=CARTESIAN_POINT('Ctrl Pts',(3.46764852592132,0.498211614556786,6.61106924832719));
#4083=CARTESIAN_POINT('Ctrl Pts',(2.29344745415586,-2.65265339104244,6.53157955039059));
#4084=CARTESIAN_POINT('Ctrl Pts',(-0.988194597328681,-3.36095579978614,
6.45208985245397));
#4085=CARTESIAN_POINT('Ctrl Pts',(-3.36153154540349,-0.989792648864181,
6.37260015451738));
#4086=CARTESIAN_POINT('Ctrl Pts',(-2.65136624567684,2.29180881660665,6.29311045658077));
#4087=CARTESIAN_POINT('Ctrl Pts',(0.4919732394387,3.4693945727751,6.21362075864416));
#4088=CARTESIAN_POINT('Ctrl Pts',(3.18367584370177,1.46429945453007,6.13413106070757));
#4089=CARTESIAN_POINT('Ctrl Pts',(2.95435140964589,-1.88467875256998,6.05464136277096));
#4090=CARTESIAN_POINT('Ctrl Pts',(0.0142277074845527,-3.50421533433065,
5.97515166483435));
#4091=CARTESIAN_POINT('Ctrl Pts',(-2.93891657238697,-1.90858662348618,5.89566196689776));
#4092=CARTESIAN_POINT('Ctrl Pts',(-3.19550588776376,1.43829449439453,5.81617226896114));
#4093=CARTESIAN_POINT('Ctrl Pts',(-0.52008205840033,3.46545777840687,5.73668257102455));
#4094=CARTESIAN_POINT('Ctrl Pts',(2.63253278272431,2.31293913769555,5.65719287308794));
#4095=CARTESIAN_POINT('Ctrl Pts',(3.36969671764647,-0.96180020445417,5.57770317515133));
#4096=CARTESIAN_POINT('Ctrl Pts',(1.01502853058183,-3.35404588961038,5.49821347721474));
#4097=CARTESIAN_POINT('Ctrl Pts',(-2.27096797378379,-2.66882304680424,5.41872377927812));
#4098=CARTESIAN_POINT('Ctrl Pts',(-3.47326143205773,0.465152108501207,5.33923408134153));
#4099=CARTESIAN_POINT('Ctrl Pts',(-1.48869919967881,3.17233116186354,5.25974438340491));
#4100=CARTESIAN_POINT('Ctrl Pts',(1.86180364521208,2.96877050298015,5.18025468546832));
#4101=CARTESIAN_POINT('Ctrl Pts',(3.50402766092476,0.0412446938850109,5.10076498753171));
#4102=CARTESIAN_POINT('Ctrl Pts',(1.93116691939103,-2.92412468249427,5.02127528959511));
#4103=CARTESIAN_POINT('Ctrl Pts',(-1.41361625421316,-3.20649341741939,4.9417855916585));
#4104=CARTESIAN_POINT('Ctrl Pts',(-3.46135030576823,-0.546776903276305,
4.8622958937219));
#4105=CARTESIAN_POINT('Ctrl Pts',(-2.33315779577803,2.61462915232028,4.78280619578529));
#4106=CARTESIAN_POINT('Ctrl Pts',(0.935799775071348,3.37700898768216,4.70331649784869));
#4107=CARTESIAN_POINT('Ctrl Pts',(3.34612383840927,1.04084877602199,4.62382679991208));
#4108=CARTESIAN_POINT('Ctrl Pts',(2.68624621003115,-2.25033157862559,4.54433710197549));
#4109=CARTESIAN_POINT('Ctrl Pts',(-0.438369142914056,-3.47674321912901,
4.46484740403887));
#4110=CARTESIAN_POINT('Ctrl Pts',(-3.16076337425565,-1.51310469176487,4.38535770610228));
#4111=CARTESIAN_POINT('Ctrl Pts',(-2.98303151173331,1.8388675635052,4.30586800816567));
#4112=CARTESIAN_POINT('Ctrl Pts',(-0.0682496074294607,3.50360570092447,
4.22637831022907));
#4113=CARTESIAN_POINT('Ctrl Pts',(2.90915402588102,1.95364627555954,4.14688861229247));
#4114=CARTESIAN_POINT('Ctrl Pts',(3.21729314859259,-1.3888613006044,4.06739891435585));
#4115=CARTESIAN_POINT('Ctrl Pts',(0.573437861497551,-3.45703340095925,3.98790921641926));
#4116=CARTESIAN_POINT('Ctrl Pts',(-2.59656946812083,-2.35323987590388,3.90841951848265));
#4117=CARTESIAN_POINT('Ctrl Pts',(-3.3841210498242,0.90974481941855,3.82892982054605));
#4118=CARTESIAN_POINT('Ctrl Pts',(-1.06660698788838,3.33800246400695,3.74944012260944));
#4119=CARTESIAN_POINT('Ctrl Pts',(2.2295614024831,2.70351010149442,3.66995042467284));
#4120=CARTESIAN_POINT('Ctrl Pts',(3.48001854041659,-0.411560292887888,3.59046072673624));
#4121=CARTESIAN_POINT('Ctrl Pts',(1.53742027342023,-3.14900775153103,3.51097102879963));
#4122=CARTESIAN_POINT('Ctrl Pts',(-1.815822234887,-2.99711536775204,3.43148133086303));
#4123=CARTESIAN_POINT('Ctrl Pts',(-3.5029756306908,-0.095250444156226,3.35199163292642));
#4124=CARTESIAN_POINT('Ctrl Pts',(-1.97600957827571,2.89401054989238,3.27250193498982));
#4125=CARTESIAN_POINT('Ctrl Pts',(1.36402384456537,3.22790177480398,3.19301223705321));
#4126=CARTESIAN_POINT('Ctrl Pts',(3.45251114523506,0.60006475346689,3.11352253911661));
#4127=CARTESIAN_POINT('Ctrl Pts',(2.37318216997358,-2.57835554267543,3.03403284118001));
#4128=CARTESIAN_POINT('Ctrl Pts',(-0.883635823438514,-3.39103209183602,
2.9545431432434));
#4129=CARTESIAN_POINT('Ctrl Pts',(-3.32968280823341,-1.09230184147079,2.87505344530681));
#4130=CARTESIAN_POINT('Ctrl Pts',(-2.72061340095889,2.20865878732966,2.79556374737019));
#4131=CARTESIAN_POINT('Ctrl Pts',(0.384726995612403,3.48308714435523,2.7160740494336));
#4132=CARTESIAN_POINT('Ctrl Pts',(3.1370650738065,1.5616445303042,2.63658435149699));
#4133=CARTESIAN_POINT('Ctrl Pts',(3.0110211913298,-1.79266904410392,2.55709465356038));
#4134=CARTESIAN_POINT('Ctrl Pts',(0.122245622893909,-3.50213747931301,2.47760495562378));
#4135=CARTESIAN_POINT('Ctrl Pts',(-2.87869516603639,-1.99825550352409,2.39811525768718));
#4136=CARTESIAN_POINT('Ctrl Pts',(-3.23831865958296,1.33910536378675,2.31862555975057));
#4137=CARTESIAN_POINT('Ctrl Pts',(-0.626656000835263,3.44778380600391,2.23913586181397));
#4138=CARTESIAN_POINT('Ctrl Pts',(2.55998845966437,2.39298349403226,2.15964616387736));
#4139=CARTESIAN_POINT('Ctrl Pts',(3.39774170227086,-0.857474338376979,2.08015646594076));
#4140=CARTESIAN_POINT('Ctrl Pts',(1.11793181094842,-3.32116536510834,2.00066676800416));
#4141=CARTESIAN_POINT('Ctrl Pts',(-2.18762497506293,-2.73755509256099,1.92117707006755));
#4142=CARTESIAN_POINT('Ctrl Pts',(-3.48594884853112,0.357870845068783,1.84168737213095));
#4143=CARTESIAN_POINT('Ctrl Pts',(-1.58577602353647,3.12493605046607,1.76219767419435));
#4144=CARTESIAN_POINT('Ctrl Pts',(1.76940936652207,3.02474815645692,1.68270797625774));
#4145=CARTESIAN_POINT('Ctrl Pts',(3.50109129655862,0.149233540087671,1.60321827832114));
#4146=CARTESIAN_POINT('Ctrl Pts',(2.02038272987912,-2.86320878406236,1.52372858038453));
#4147=CARTESIAN_POINT('Ctrl Pts',(-1.31410733846316,-3.24854318415546,1.44423888244793));
#4148=CARTESIAN_POINT('Ctrl Pts',(-3.44285166407279,-0.653210024048029,
1.36474918451133));
#4149=CARTESIAN_POINT('Ctrl Pts',(-2.41264267185788,2.54146931011493,1.28525948657472));
#4150=CARTESIAN_POINT('Ctrl Pts',(0.831261918259898,3.40424948256976,1.20576978863812));
#4151=CARTESIAN_POINT('Ctrl Pts',(3.31245064057817,1.14349537386862,1.12628009070151));
#4152=CARTESIAN_POINT('Ctrl Pts',(2.7543341699431,-2.16646121511775,1.04679039276491));
#4153=CARTESIAN_POINT('Ctrl Pts',(-0.330993436546269,-3.48860348295546,
0.967300694828307));
#4154=CARTESIAN_POINT('Ctrl Pts',(-3.11262140198891,-1.60981331967597,0.887810996891703));
#4155=CARTESIAN_POINT('Ctrl Pts',(-3.03829544773442,1.74604458379559,0.808321298955099));
#4156=CARTESIAN_POINT('Ctrl Pts',(-0.176212592621195,3.49983714457221,0.728831601018495));
#4157=CARTESIAN_POINT('Ctrl Pts',(2.84755232388084,2.04238994295567,0.649341903081891));
#4158=CARTESIAN_POINT('Ctrl Pts',(3.25857474117185,-1.28903125350879,0.569852205145287));
#4159=CARTESIAN_POINT('Ctrl Pts',(0.679725245762761,-3.43771501241717,0.490362507208683));
#4160=CARTESIAN_POINT('Ctrl Pts',(-2.52279919408796,-2.43215853567048,0.410872809272079));
#4161=CARTESIAN_POINT('Ctrl Pts',(-3.41055504616233,0.805000120138053,0.331383111335475));
#4162=CARTESIAN_POINT('Ctrl Pts',(-1.1689910117236,3.30353915230848,0.251893413398872));
#4163=CARTESIAN_POINT('Ctrl Pts',(2.14516876464812,2.77094963640694,0.172403715462267));
#4164=CARTESIAN_POINT('Ctrl Pts',(3.49105088993962,-0.304096366596805,0.0929140175256645));
#4165=CARTESIAN_POINT('Ctrl Pts',(1.63375499087698,-3.1001218598807,0.0134243195890594));
#4166=CARTESIAN_POINT('Ctrl Pts',(-1.72257608382201,-3.05166226043612,-0.0660653783475437));
#4167=CARTESIAN_POINT('Ctrl Pts',(-3.49837509785197,-0.203181177904815,
-0.145555076284148));
#4168=CARTESIAN_POINT('Ctrl Pts',(-2.0642758354976,2.83172671550526,-0.225044774220752));
#4169=CARTESIAN_POINT('Ctrl Pts',(1.26387859847465,3.26841273474508,-0.304534472157356));
#4170=CARTESIAN_POINT('Ctrl Pts',(3.43237415616058,0.706200090941771,-0.38402417009396));
#4171=CARTESIAN_POINT('Ctrl Pts',(2.45152992620324,-2.50397922061161,-0.463513868030564));
#4172=CARTESIAN_POINT('Ctrl Pts',(-0.778690503995439,-3.4166580184906,-0.543003565967168));
#4173=CARTESIAN_POINT('Ctrl Pts',(-3.2944314296527,-1.19441721003952,-0.622493263903771));
#4174=CARTESIAN_POINT('Ctrl Pts',(-2.78740050497327,2.12374888845083,-0.701982961840376));
#4175=CARTESIAN_POINT('Ctrl Pts',(0.277181232941018,3.49329092410754,-0.78147265977698));
#4176=CARTESIAN_POINT('Ctrl Pts',(3.0874381666284,1.65759961496849,-0.860962357713584));
#4177=CARTESIAN_POINT('Ctrl Pts',(3.06484780055945,-1.69900526064909,-0.940452055650187));
#4178=CARTESIAN_POINT('Ctrl Pts',(0.230137693965036,-3.4967052432656,-1.01994175358679));
#4179=CARTESIAN_POINT('Ctrl Pts',(-2.81573289898616,-2.08603910741684,-1.09943145152339));
#4180=CARTESIAN_POINT('Ctrl Pts',(-3.2780565805059,1.23865086738714,-1.17892114946));
#4181=CARTESIAN_POINT('Ctrl Pts',(-0.73263298690808,3.4268294126952,-1.2584108473966));
#4182=CARTESIAN_POINT('Ctrl Pts',(2.48501050754416,2.47075569250813,-1.33790054533321));
#4183=CARTESIAN_POINT('Ctrl Pts',(3.42255803716668,-0.752334632157116,-1.41739024326981));
#4184=CARTESIAN_POINT('Ctrl Pts',(1.21977245820935,-3.28512801456862,-1.49687994120642));
#4185=CARTESIAN_POINT('Ctrl Pts',(-2.10220285840231,-2.80368579664128,-1.57636963914302));
#4186=CARTESIAN_POINT('Ctrl Pts',(-3.49532345333069,0.250249630958191,-1.65585933707962));
#4187=CARTESIAN_POINT('Ctrl Pts',(-1.68134577378017,3.0745710821383,-1.73534903501623));
#4188=CARTESIAN_POINT('Ctrl Pts',(1.67533351105472,3.0778512725698,-1.81483873295283));
#4189=CARTESIAN_POINT('Ctrl Pts',(3.49482768637933,0.257080562890291,-1.89432843088944));
#4190=CARTESIAN_POINT('Ctrl Pts',(2.10767845384841,-2.79957186867441,-1.97381812882603));
#4191=CARTESIAN_POINT('Ctrl Pts',(-1.213349535841,-3.28750562152055,-2.05330782676265));
#4192=CARTESIAN_POINT('Ctrl Pts',(-3.42108115497164,-0.759022523091885,
-2.13279752469924));
#4193=CARTESIAN_POINT('Ctrl Pts',(-2.48983460982495,2.46589448452746,-2.21228722263585));
#4194=CARTESIAN_POINT('Ctrl Pts',(0.725933913183,3.42825417686586,-2.29177692057245));
#4195=CARTESIAN_POINT('Ctrl Pts',(3.27562975769804,1.24505634117037,-2.37126661850906));
#4196=CARTESIAN_POINT('Ctrl Pts',(2.81980397842956,-2.0805340252048,-2.45075631644566));
#4197=CARTESIAN_POINT('Ctrl Pts',(-0.223302086888938,-3.49714442644019,
-2.53024601438226));
#4198=CARTESIAN_POINT('Ctrl Pts',(-3.06152340828074,-1.7049995166825,-2.60973571231887));
#4199=CARTESIAN_POINT('Ctrl Pts',(-3.0906680367975,1.65157640002497,-2.68922541025547));
#4200=CARTESIAN_POINT('Ctrl Pts',(-0.284015524235334,3.49271566535435,-2.76871510819207));
#4201=CARTESIAN_POINT('Ctrl Pts',(2.78325851580046,2.12924359486875,-2.84820480612869));
#4202=CARTESIAN_POINT('Ctrl Pts',(3.29673285504396,-1.18807291559938,-2.92769450406528));
#4203=CARTESIAN_POINT('Ctrl Pts',(0.78541731842776,-3.41494597407322,-3.00718420200189));
#4204=CARTESIAN_POINT('Ctrl Pts',(-2.44672754812196,-2.50911437081924,-3.08667389993849));
#4205=CARTESIAN_POINT('Ctrl Pts',(-3.43356523053773,0.700152573465797,-3.1661635978751));
#4206=CARTESIAN_POINT('Ctrl Pts',(-1.27061118769282,3.26467451057766,-3.2456532958117));
#4207=CARTESIAN_POINT('Ctrl Pts',(2.05940087568904,2.83819295876692,-3.32514299374831));
#4208=CARTESIAN_POINT('Ctrl Pts',(3.49746615969563,-0.201324548894453,-3.40463269168491));
#4209=CARTESIAN_POINT('Ctrl Pts',(2.3201407478767,-2.09115814868897,-3.45762582364265));
#4210=CARTESIAN_POINT('Ctrl Pts',(1.46179348256429,-2.57788519223269,-3.48412238962151));
#4211=CARTESIAN_POINT('',(1.50949056988537,2.5502490994856,-3.3177011745276));
#4212=CARTESIAN_POINT('Ctrl Pts',(1.51301008185254,2.55342733008457,-3.3177011745276));
#4213=CARTESIAN_POINT('Ctrl Pts',(1.59031034713445,2.50333854724141,-3.3177011745276));
#4214=CARTESIAN_POINT('Ctrl Pts',(1.66490528629383,2.44959772160406,-3.3177011745276));
#4215=CARTESIAN_POINT('Ctrl Pts',(1.73649063111774,2.39223658801787,-3.3177011745276));
#4216=CARTESIAN_POINT('Ctrl Pts',(1.81256513113718,2.33127830711759,-3.3177011745276));
#4217=CARTESIAN_POINT('Ctrl Pts',(1.88524168949105,2.26623151530712,-3.3177011745276));
#4218=CARTESIAN_POINT('Ctrl Pts',(1.95440946586627,2.19749332787003,-3.3177011745276));
#4219=CARTESIAN_POINT('Ctrl Pts',(2.02489780213953,2.12744278230102,-3.3177011745276));
#4220=CARTESIAN_POINT('Ctrl Pts',(2.0917425633834,2.05355773361196,-3.3177011745276));
#4221=CARTESIAN_POINT('Ctrl Pts',(2.15478465811421,1.97622492055408,-3.3177011745276));
#4222=CARTESIAN_POINT('Ctrl Pts',(2.18492849139619,1.93924792234363,-3.3177011745276));
#4223=CARTESIAN_POINT('Ctrl Pts',(2.21420226444381,1.90148224619014,-3.3177011745276));
#4224=CARTESIAN_POINT('Ctrl Pts',(2.24258482180775,1.86296838014885,-3.3177011745276));
#4225=CARTESIAN_POINT('Ctrl Pts',(2.2668808289239,1.82999978075835,-3.3177011745276));
#4226=CARTESIAN_POINT('Ctrl Pts',(2.29052374411062,1.79648290628276,-3.3177011745276));
#4227=CARTESIAN_POINT('Ctrl Pts',(2.31349877875175,1.76244273774817,-3.3177011745276));
#4228=CARTESIAN_POINT('Ctrl Pts',(2.32127991800854,1.75091408084604,-3.3177011745276));
#4229=CARTESIAN_POINT('Ctrl Pts',(2.32898218822744,1.73932866240082,-3.3177011745276));
#4230=CARTESIAN_POINT('Ctrl Pts',(2.33660070418644,1.72769448274044,-3.3177011745276));
#4231=CARTESIAN_POINT('Ctrl Pts',(2.39081275635497,1.64490765679146,-3.3177011745276));
#4232=CARTESIAN_POINT('Ctrl Pts',(2.44085758815601,1.55955083918651,-3.3177011745276));
#4233=CARTESIAN_POINT('Ctrl Pts',(2.48661891436159,1.47202324081354,-3.3177011745276));
#4234=CARTESIAN_POINT('Ctrl Pts',(2.53255476124571,1.38416183708293,-3.3177011745276));
#4235=CARTESIAN_POINT('Ctrl Pts',(2.57417472042179,1.29411213657653,-3.3177011745276));
#4236=CARTESIAN_POINT('Ctrl Pts',(2.61131455049964,1.20225397132935,-3.31770117452761));
#4237=CARTESIAN_POINT('Ctrl Pts',(2.64800812234365,1.1114995392576,-3.31770117452761));
#4238=CARTESIAN_POINT('Ctrl Pts',(2.68032880498256,1.01897893383413,-3.31770117452761));
#4239=CARTESIAN_POINT('Ctrl Pts',(2.70806869501272,0.925048833965526,-3.31770117452761));
#4240=CARTESIAN_POINT('Ctrl Pts',(2.72107495049804,0.881008324961183,-3.31770117452761));
#4241=CARTESIAN_POINT('Ctrl Pts',(2.73307345832296,0.836657906018971,-3.3177011745276));
#4242=CARTESIAN_POINT('Ctrl Pts',(2.74403875305007,0.79203444938913,-3.3177011745276));
#4243=CARTESIAN_POINT('Ctrl Pts',(2.74850764981072,0.773848196694155,-3.3177011745276));
#4244=CARTESIAN_POINT('Ctrl Pts',(2.75280490284591,0.755616597055022,-3.31770117452761));
#4245=CARTESIAN_POINT('Ctrl Pts',(2.75692865925008,0.737342166057352,-3.31770117452761));
#4246=CARTESIAN_POINT('Ctrl Pts',(2.75973889519212,0.724888602418553,-3.31770117452761));
#4247=CARTESIAN_POINT('Ctrl Pts',(2.76246816999421,0.712416674403901,-3.31770117452761));
#4248=CARTESIAN_POINT('Ctrl Pts',(2.76511411043545,0.699936402084084,-3.31770117452761));
#4249=CARTESIAN_POINT('Ctrl Pts',(2.78526941404559,0.604868624358489,-3.31770117452761));
#4250=CARTESIAN_POINT('Ctrl Pts',(2.80062715117289,0.50916943266665,-3.3177011745276));
#4251=CARTESIAN_POINT('Ctrl Pts',(2.81103634759691,0.413197567220159,-3.3177011745276));
#4252=CARTESIAN_POINT('Ctrl Pts',(2.8213664175907,0.317955240424545,-3.3177011745276));
#4253=CARTESIAN_POINT('Ctrl Pts',(2.82682311536639,0.222443506281406,-3.31770117452761));
#4254=CARTESIAN_POINT('Ctrl Pts',(2.82720744583361,0.127009918937953,-3.31770117452761));
#4255=CARTESIAN_POINT('Ctrl Pts',(2.82759177630083,0.0315763315945002,-3.31770117452761));
#4256=CARTESIAN_POINT('Ctrl Pts',(2.8229040376654,-0.06377994586318,-3.31770117452761));
#4257=CARTESIAN_POINT('Ctrl Pts',(2.81288962647932,-0.158701751028375,-3.31770117452761));
#4258=CARTESIAN_POINT('Ctrl Pts',(2.80697522876972,-0.214761492997127,-3.31770117452761));
#4259=CARTESIAN_POINT('Ctrl Pts',(2.79920166947847,-0.270669433773263,-3.31770117452761));
#4260=CARTESIAN_POINT('Ctrl Pts',(2.78960920606709,-0.326358291084509,-3.31770117452761));
#4261=CARTESIAN_POINT('Ctrl Pts',(2.78721623022069,-0.340250665206227,-3.31770117452761));
#4262=CARTESIAN_POINT('Ctrl Pts',(2.78470954447346,-0.354131956476726,-3.31770117452761));
#4263=CARTESIAN_POINT('Ctrl Pts',(2.7820913518856,-0.367992543812823,-3.31770117452761));
#4264=CARTESIAN_POINT('Ctrl Pts',(2.76486131908091,-0.459207519976514,-3.31770117452761));
#4265=CARTESIAN_POINT('Ctrl Pts',(2.74284383524059,-0.549339413892681,-3.3177011745276));
#4266=CARTESIAN_POINT('Ctrl Pts',(2.71631249727631,-0.638115340836269,-3.3177011745276));
#4267=CARTESIAN_POINT('Ctrl Pts',(2.68899760836567,-0.729513090383145,-3.3177011745276));
#4268=CARTESIAN_POINT('Ctrl Pts',(2.6568979733383,-0.81947441855685,-3.3177011745276));
#4269=CARTESIAN_POINT('Ctrl Pts',(2.62025929749642,-0.907686553206493,-3.3177011745276));
#4270=CARTESIAN_POINT('Ctrl Pts',(2.58364734280021,-0.995834353399562,-3.3177011745276));
#4271=CARTESIAN_POINT('Ctrl Pts',(2.54250237288908,-1.08223628086314,-3.3177011745276));
#4272=CARTESIAN_POINT('Ctrl Pts',(2.49702500766287,-1.16655354781601,-3.3177011745276));
#4273=CARTESIAN_POINT('Ctrl Pts',(2.47777160101263,-1.20225030861571,-3.3177011745276));
#4274=CARTESIAN_POINT('Ctrl Pts',(2.45774117959753,-1.23757302901731,-3.31770117452761));
#4275=CARTESIAN_POINT('Ctrl Pts',(2.43694694983231,-1.27249404099149,-3.31770117452761));
#4276=CARTESIAN_POINT('Ctrl Pts',(2.42110355422063,-1.29910081672274,-3.31770117452761));
#4277=CARTESIAN_POINT('Ctrl Pts',(2.40481673479735,-1.3254743723323,-3.31770117452761));
#4278=CARTESIAN_POINT('Ctrl Pts',(2.38809192557782,-1.35160193288991,-3.31770117452761));
#4279=CARTESIAN_POINT('Ctrl Pts',(2.37917521266382,-1.36553165570932,-3.31770117452761));
#4280=CARTESIAN_POINT('Ctrl Pts',(2.37013828991783,-1.37938468100804,-3.31770117452761));
#4281=CARTESIAN_POINT('Ctrl Pts',(2.36098571797311,-1.39315427217893,-3.31770117452761));
#4282=CARTESIAN_POINT('Ctrl Pts',(2.30834427424498,-1.47235071697716,-3.31770117452761));
#4283=CARTESIAN_POINT('Ctrl Pts',(2.25184605067987,-1.54884355585705,-3.31770117452761));
#4284=CARTESIAN_POINT('Ctrl Pts',(2.19170874657945,-1.62231168863128,-3.31770117452761));
#4285=CARTESIAN_POINT('Ctrl Pts',(2.13313173552036,-1.69387365321188,-3.31770117452761));
#4286=CARTESIAN_POINT('Ctrl Pts',(2.07110134889653,-1.76256636302832,-3.3177011745276));
#4287=CARTESIAN_POINT('Ctrl Pts',(2.00578601546869,-1.82805788111129,-3.3177011745276));
#4288=CARTESIAN_POINT('Ctrl Pts',(1.98593237530539,-1.84796507541819,-3.3177011745276));
#4289=CARTESIAN_POINT('Ctrl Pts',(1.96577502523111,-1.86757621338799,-3.3177011745276));
#4290=CARTESIAN_POINT('Ctrl Pts',(1.94531821522001,-1.88688119102922,-3.3177011745276));
#4291=CARTESIAN_POINT('Ctrl Pts',(1.93274592739871,-1.89874558900513,-3.3177011745276));
#4292=CARTESIAN_POINT('Ctrl Pts',(1.92005852860207,-1.91049615105765,-3.31770117452761));
#4293=CARTESIAN_POINT('Ctrl Pts',(1.90726358857924,-1.92212446127808,-3.31770117452761));
#4294=CARTESIAN_POINT('Ctrl Pts',(1.83842553429472,-1.98468593079358,-3.3177011745276));
#4295=CARTESIAN_POINT('Ctrl Pts',(1.76658406318429,-2.04361708862524,-3.31770117452761));
#4296=CARTESIAN_POINT('Ctrl Pts',(1.69192620478778,-2.09859725070096,-3.31770117452761));
#4297=CARTESIAN_POINT('Ctrl Pts',(1.61928920234584,-2.1520891971983,-3.31770117452761));
#4298=CARTESIAN_POINT('Ctrl Pts',(1.54398560743078,-2.20184157827268,-3.3177011745276));
#4299=CARTESIAN_POINT('Ctrl Pts',(1.46616317740705,-2.24751685481593,-3.3177011745276));
#4300=CARTESIAN_POINT('Ctrl Pts',(1.42427686377959,-2.27210062787119,-3.3177011745276));
#4301=CARTESIAN_POINT('Ctrl Pts',(1.38166049664129,-2.2955025324965,-3.3177011745276));
#4302=CARTESIAN_POINT('Ctrl Pts',(1.33833495533538,-2.31766400136875,-3.3177011745276));
#4303=CARTESIAN_POINT('Ctrl Pts',(2.96041656159704,-0.00220749012913595,
-2.90017164853936));
#4304=CARTESIAN_POINT('Ctrl Pts',(2.96274370702041,-0.344662987438606,-2.90934593371467));
#4305=CARTESIAN_POINT('Ctrl Pts',(2.90789139984337,-0.686391659324813,-2.91852021888997));
#4306=CARTESIAN_POINT('Ctrl Pts',(2.79260120906736,-1.00633234026697,-2.92769450406528));
#4307=CARTESIAN_POINT('Ctrl Pts',(2.45962767617192,-1.93036393509064,-2.95419107004415));
#4308=CARTESIAN_POINT('Ctrl Pts',(1.62252249729983,-2.67265495458194,-2.98068763602302));
#4309=CARTESIAN_POINT('Ctrl Pts',(0.665279096772178,-2.89282853045191,-3.00718420200189));
#4310=CARTESIAN_POINT('Ctrl Pts',(-0.291964303755483,-3.11300210632189,
-3.03368076798076));
#4311=CARTESIAN_POINT('Ctrl Pts',(-1.36934592593872,-2.81105823857057,-3.06017733395962));
#4312=CARTESIAN_POINT('Ctrl Pts',(-2.07250968409963,-2.1252084806474,-3.08667389993849));
#4313=CARTESIAN_POINT('Ctrl Pts',(-2.77567344226055,-1.43935872272422,-3.11317046591736));
#4314=CARTESIAN_POINT('Ctrl Pts',(-3.10461933639914,-0.369603074629219,
-3.13966703189623));
#4315=CARTESIAN_POINT('Ctrl Pts',(-2.90859994299428,0.592695072270272,-3.1661635978751));
#4316=CARTESIAN_POINT('Ctrl Pts',(-2.71258054958942,1.55499321916975,-3.19266016385396));
#4317=CARTESIAN_POINT('Ctrl Pts',(-1.9915958686411,2.40983386487372,-3.21915672983283));
#4318=CARTESIAN_POINT('Ctrl Pts',(-1.0761015176033,2.76617392909057,-3.2456532958117));
#4319=CARTESIAN_POINT('Ctrl Pts',(-0.246315675150228,3.08915346473792,-3.26966925538367));
#4320=CARTESIAN_POINT('Ctrl Pts',(0.743264694472046,3.00260238591422,-3.29368521495564));
#4321=CARTESIAN_POINT('Ctrl Pts',(1.51301008185261,2.55342733008453,-3.3177011745276));
#4322=CARTESIAN_POINT('Ctrl Pts',(1.55704004632024,-2.18047620736694,6.69055894626379));
#4323=CARTESIAN_POINT('Ctrl Pts',(0.899190531977067,-2.64362115546263,6.66654298669182));
#4324=CARTESIAN_POINT('Ctrl Pts',(-0.958936045534351,-2.96724788581828,
6.61603046114098));
#4325=CARTESIAN_POINT('Ctrl Pts',(-3.03456631241461,-0.893518739285917,
6.53902136961129));
#4326=CARTESIAN_POINT('Ctrl Pts',(-2.39347648009006,2.06889203193083,6.45953167167468));
#4327=CARTESIAN_POINT('Ctrl Pts',(0.444120603613456,3.13193785416452,6.38004197373807));
#4328=CARTESIAN_POINT('Ctrl Pts',(2.41357560114445,1.66485728036767,6.3156146053647));
#4329=CARTESIAN_POINT('Ctrl Pts',(2.67243281388171,0.386775172530202,6.27768380297019));
#4330=CARTESIAN_POINT('Ctrl Pts',(2.67116464393413,0.00100345746313461,
6.26624956655455));
#4331=CARTESIAN_POINT('Origin',(0.,0.,7.61486832597302));
#4332=CARTESIAN_POINT('Ctrl Pts',(-1.55363024405704,-2.17788788215814,6.69055894626379));
#4333=CARTESIAN_POINT('Ctrl Pts',(-2.27879213778297,-1.660582349968,6.66406238028492));
#4334=CARTESIAN_POINT('Ctrl Pts',(-3.1591156752341,0.146373566414243,6.61106924832719));
#4335=CARTESIAN_POINT('Ctrl Pts',(-1.58361260655016,2.74096685855482,6.53157955039058));
#4336=CARTESIAN_POINT('Ctrl Pts',(1.44621184927943,2.81242128773232,6.45208985245397));
#4337=CARTESIAN_POINT('Ctrl Pts',(2.63619315032126,1.06124975031935,6.39651944431479));
#4338=CARTESIAN_POINT('Ctrl Pts',(2.67916940104311,0.0880097359343213,6.36744560215448));
#4339=CARTESIAN_POINT('Ctrl Pts',(2.67859130184357,0.00168078161576291,
6.36486832597303));
#4340=CARTESIAN_POINT('Ctrl Pts',(-1.7210291480284,-2.41254863611838,6.8569801613577));
#4341=CARTESIAN_POINT('Ctrl Pts',(-2.52432501647314,-1.83950501602849,6.83048359537883));
#4342=CARTESIAN_POINT('Ctrl Pts',(-3.49950072088823,0.162144870224656,6.7774904634211));
#4343=CARTESIAN_POINT('Ctrl Pts',(-1.75424201832034,3.03629764894016,6.6980007654845));
#4344=CARTESIAN_POINT('Ctrl Pts',(1.60203674996337,3.11545107417803,6.61851106754789));
#4345=CARTESIAN_POINT('Ctrl Pts',(3.48762974491661,0.340620258755628,6.53902136961129));
#4346=CARTESIAN_POINT('Ctrl Pts',(2.17358051724242,-2.74912314697828,6.45953167167467));
#4347=CARTESIAN_POINT('Ctrl Pts',(-1.13502428762629,-3.31518593096117,6.38004197373808));
#4348=CARTESIAN_POINT('Ctrl Pts',(-3.40208905860756,-0.840092385740522,
6.30055227580146));
#4349=CARTESIAN_POINT('Ctrl Pts',(-2.54765983309702,2.40616625879012,6.22106257786488));
#4350=CARTESIAN_POINT('Ctrl Pts',(0.644379166184815,3.44448890700297,6.14157287992826));
#4351=CARTESIAN_POINT('Ctrl Pts',(3.24515855433357,1.32245228667415,6.06208318199167));
#4352=CARTESIAN_POINT('Ctrl Pts',(2.86838439683218,-2.01303762351022,5.98259348405505));
#4353=CARTESIAN_POINT('Ctrl Pts',(-0.14025098385346,-3.50145873583126,5.90310378611846));
#4354=CARTESIAN_POINT('Ctrl Pts',(-3.02019815515514,-1.77716628987508,5.82361408818185));
#4355=CARTESIAN_POINT('Ctrl Pts',(-3.12899465147397,1.57775431872507,5.74412439024525));
#4356=CARTESIAN_POINT('Ctrl Pts',(-0.366813467168732,3.48501868798228,5.66463469230864));
#4357=CARTESIAN_POINT('Ctrl Pts',(2.73193331655495,2.19464187661928,5.58514499437204));
#4358=CARTESIAN_POINT('Ctrl Pts',(3.32402281959532,-1.10940721801155,5.50565529643543));
#4359=CARTESIAN_POINT('Ctrl Pts',(0.866189099691701,-3.39553049963936,5.42616559849883));
#4360=CARTESIAN_POINT('Ctrl Pts',(-2.38640751563478,-2.56611981468583,5.34667590056223));
#4361=CARTESIAN_POINT('Ctrl Pts',(-3.44938035873427,0.617808008799463,5.26718620262561));
#4362=CARTESIAN_POINT('Ctrl Pts',(-1.34740953305348,3.2348723315538,5.18769650468903));
#4363=CARTESIAN_POINT('Ctrl Pts',(1.99086311590572,2.88381268904633,5.10820680675241));
#4364=CARTESIAN_POINT('Ctrl Pts',(3.502439686842,-0.113259802907565,5.02871710881581));
#4365=CARTESIAN_POINT('Ctrl Pts',(1.80038855731157,-3.0064119093393,4.9492274108792));
#4366=CARTESIAN_POINT('Ctrl Pts',(-1.55359067070102,-3.14106153577626,4.8697377129426));
#4367=CARTESIAN_POINT('Ctrl Pts',(-3.48208867539691,-0.393662285362783,
4.790248015006));
#4368=CARTESIAN_POINT('Ctrl Pts',(-2.21563184369412,2.71493776532823,4.71075831706939));
#4369=CARTESIAN_POINT('Ctrl Pts',(1.08375531614653,3.33247444906442,4.63126861913279));
#4370=CARTESIAN_POINT('Ctrl Pts',(3.38875387449986,0.892333298754476,4.55177892119619));
#4371=CARTESIAN_POINT('Ctrl Pts',(2.58443598829024,-2.36655913939691,4.47228922325958));
#4372=CARTESIAN_POINT('Ctrl Pts',(-0.591204695538125,-3.45403945347541,
4.39279952532298));
#4373=CARTESIAN_POINT('Ctrl Pts',(-3.22439156007163,-1.37230120796164,4.31330982738637));
#4374=CARTESIAN_POINT('Ctrl Pts',(-2.89907093996193,1.96857796977729,4.23382012944978));
#4375=CARTESIAN_POINT('Ctrl Pts',(0.0862625584128226,3.50320857344942,4.15433043151317));
#4376=CARTESIAN_POINT('Ctrl Pts',(2.9924467289383,1.82350599464729,4.07484073357656));
#4377=CARTESIAN_POINT('Ctrl Pts',(3.15294202142091,-1.52933585180207,3.99535103563996));
#4378=CARTESIAN_POINT('Ctrl Pts',(0.420487622399247,-3.47895123528118,3.91586133770335));
#4379=CARTESIAN_POINT('Ctrl Pts',(-2.6977808922128,-2.23649050873529,3.83637163976675));
#4380=CARTESIAN_POINT('Ctrl Pts',(-3.34072815231042,1.05803920079199,3.75688194183015));
#4381=CARTESIAN_POINT('Ctrl Pts',(-0.918424477894514,3.38177586727107,3.67739224389354));
#4382=CARTESIAN_POINT('Ctrl Pts',(2.34657017908443,2.6025986883659,3.59790254595694));
#4383=CARTESIAN_POINT('Ctrl Pts',(3.45849337786469,-0.564566287798339,3.51841284802033));
#4384=CARTESIAN_POINT('Ctrl Pts',(1.39711136437343,-3.21371924311863,3.43892315008374));
#4385=CARTESIAN_POINT('Ctrl Pts',(-1.94617588654443,-2.91415698902535,3.35943345214712));
#4386=CARTESIAN_POINT('Ctrl Pts',(-3.50376936563221,0.059260193297134,3.27994375421053));
#4387=CARTESIAN_POINT('Ctrl Pts',(-1.84651511312692,2.97830379159787,3.20045405627392));
#4388=CARTESIAN_POINT('Ctrl Pts',(1.50499018826763,3.16463521930578,3.12096435833732));
#4389=CARTESIAN_POINT('Ctrl Pts',(3.47560714116524,0.447287981432042,3.04147466040071));
#4390=CARTESIAN_POINT('Ctrl Pts',(2.25721632337938,-2.68046376724663,2.96198496246411));
#4391=CARTESIAN_POINT('Ctrl Pts',(-1.03226023655312,-3.34878341223848,2.88249526452751));
#4392=CARTESIAN_POINT('Ctrl Pts',(-3.37459697830933,-0.944461101389492,
2.8030055665909));
#4393=CARTESIAN_POINT('Ctrl Pts',(-2.62060679079546,2.32644182950896,2.7235158686543));
#4394=CARTESIAN_POINT('Ctrl Pts',(0.537894344106638,3.46274186341264,2.64402617071769));
#4395=CARTESIAN_POINT('Ctrl Pts',(3.20285602719728,1.4218385305999,2.56453647278109));
#4396=CARTESIAN_POINT('Ctrl Pts',(2.92906993349282,-1.92365819800731,2.48504677484449));
#4397=CARTESIAN_POINT('Ctrl Pts',(-0.0322543080508251,-3.50412202950532,
2.40555707690788));
#4398=CARTESIAN_POINT('Ctrl Pts',(-2.96398393926183,-1.86941454628188,2.32606737897128));
#4399=CARTESIAN_POINT('Ctrl Pts',(-3.17614043387318,1.4805551264199,2.24657768103467));
#4400=CARTESIAN_POINT('Ctrl Pts',(-0.474061770995559,3.47205659160862,2.16708798309807));
#4401=CARTESIAN_POINT('Ctrl Pts',(2.66298741935714,2.27780805653108,2.08759828516146));
#4402=CARTESIAN_POINT('Ctrl Pts',(3.35663975021466,-1.0064199547561,2.00810858722486));
#4403=CARTESIAN_POINT('Ctrl Pts',(0.970441622705686,-3.36721763403744,1.92861888928826));
#4404=CARTESIAN_POINT('Ctrl Pts',(-2.3061752863591,-2.63845922588143,1.84912919135165));
#4405=CARTESIAN_POINT('Ctrl Pts',(-3.46678465773319,0.511190448813534,1.76963949341505));
#4406=CARTESIAN_POINT('Ctrl Pts',(-1.44648123782705,3.19180255759448,1.69014979547844));
#4407=CARTESIAN_POINT('Ctrl Pts',(1.90102624175073,2.94380888751757,1.61066009754184));
#4408=CARTESIAN_POINT('Ctrl Pts',(3.50426654411706,-0.00524650685800269,
1.53117039960524));
#4409=CARTESIAN_POINT('Ctrl Pts',(1.89220293385857,-2.94948802254719,1.45168070166863));
#4410=CARTESIAN_POINT('Ctrl Pts',(-1.45603211773316,-3.18745698169902,1.37219100373203));
#4411=CARTESIAN_POINT('Ctrl Pts',(-3.46829979751803,-0.500807400692845,
1.29270130579543));
#4412=CARTESIAN_POINT('Ctrl Pts',(-2.29826448501571,2.64535288666141,1.21321160785882));
#4413=CARTESIAN_POINT('Ctrl Pts',(0.980519890346394,3.36429669956255,1.13372190992222));
#4414=CARTESIAN_POINT('Ctrl Pts',(3.35963827279767,0.996364498567375,1.05423221198561));
#4415=CARTESIAN_POINT('Ctrl Pts',(2.65615493316671,-2.285771753493,0.974742514049011));
#4416=CARTESIAN_POINT('Ctrl Pts',(-0.484456188163998,-3.47062152067925,
0.895252816112406));
#4417=CARTESIAN_POINT('Ctrl Pts',(-3.18055949090025,-1.47103802224711,0.815763118175803));
#4418=CARTESIAN_POINT('Ctrl Pts',(-2.9583729755872,1.87828136214138,0.736273420239198));
#4419=CARTESIAN_POINT('Ctrl Pts',(-0.0217616059839211,3.50420290088307,
0.656783722302594));
#4420=CARTESIAN_POINT('Ctrl Pts',(2.93481690252965,1.91487892219812,0.577294024365991));
#4421=CARTESIAN_POINT('Ctrl Pts',(3.1985841905661,-1.43142261890504,0.497804326429386));
#4422=CARTESIAN_POINT('Ctrl Pts',(0.527523281799862,-3.46433698205175,0.418314628492784));
#4423=CARTESIAN_POINT('Ctrl Pts',(-2.62756121667284,-2.31858439369567,0.338824930556179));
#4424=CARTESIAN_POINT('Ctrl Pts',(-3.37175380544976,0.954561581820393,0.259335232619576));
#4425=CARTESIAN_POINT('Ctrl Pts',(-1.02222818912312,3.35185934481362,0.179845534682971));
#4426=CARTESIAN_POINT('Ctrl Pts',(2.26523244290624,2.673692861504,0.100355836746367));
#4427=CARTESIAN_POINT('Ctrl Pts',(3.47425222433635,-0.457693150206818,0.0208661388097637));
#4428=CARTESIAN_POINT('Ctrl Pts',(1.49550742515615,-3.16912749496687,-0.0586235591268403));
#4429=CARTESIAN_POINT('Ctrl Pts',(-1.85542491025376,-2.9727613325766,-0.138113257063444));
#4430=CARTESIAN_POINT('Ctrl Pts',(-3.50393110358379,-0.0487684261589691,
-0.217602955000048));
#4431=CARTESIAN_POINT('Ctrl Pts',(-1.93744116431833,2.91997145069201,-0.297092652936652));
#4432=CARTESIAN_POINT('Ctrl Pts',(1.4067280917709,3.20952139950462,-0.376582350873256));
#4433=CARTESIAN_POINT('Ctrl Pts',(3.46016838060564,0.554207827358843,-0.45607204880986));
#4434=CARTESIAN_POINT('Ctrl Pts',(2.33876657554351,-2.6096134662376,-0.535561746746464));
#4435=CARTESIAN_POINT('Ctrl Pts',(-0.928546571135679,-3.37901062491753,
-0.615051444683068));
#4436=CARTESIAN_POINT('Ctrl Pts',(-3.34388131216085,-1.0480311580319,-0.694541142619671));
#4437=CARTESIAN_POINT('Ctrl Pts',(-2.69107196912314,2.24455857464979,-0.774030840556276));
#4438=CARTESIAN_POINT('Ctrl Pts',(0.430902924709387,3.47767655305491,-0.853520538492879));
#4439=CARTESIAN_POINT('Ctrl Pts',(3.1575072488518,1.51988799300511,-0.933010236429484));
#4440=CARTESIAN_POINT('Ctrl Pts',(2.98697310383246,-1.83245824372217,-1.01249993436609));
#4441=CARTESIAN_POINT('Ctrl Pts',(0.0757723493648655,-3.50345116849298,
-1.09198963230269));
#4442=CARTESIAN_POINT('Ctrl Pts',(-2.90495254875303,-1.9598883197494,-1.17147933023929));
#4443=CARTESIAN_POINT('Ctrl Pts',(-3.22026795905789,1.38195000275322,-1.2509690281759));
#4444=CARTESIAN_POINT('Ctrl Pts',(-0.580859451842747,3.4557942416798,-1.3304587261125));
#4445=CARTESIAN_POINT('Ctrl Pts',(2.59151070065571,2.35880983004195,-1.40994842404911));
#4446=CARTESIAN_POINT('Ctrl Pts',(3.38606672845621,-0.902476400446258,-1.48943812198571));
#4447=CARTESIAN_POINT('Ctrl Pts',(1.07377186961412,-3.33570465476244,-1.56892781992231));
#4448=CARTESIAN_POINT('Ctrl Pts',(-2.22375137117648,-2.70829121226031,-1.64841751785892));
#4449=CARTESIAN_POINT('Ctrl Pts',(-3.48089431405706,0.404087081362179,-1.72790721579552));
#4450=CARTESIAN_POINT('Ctrl Pts',(-1.54417825737722,3.14569948396933,-1.80739691373213));
#4451=CARTESIAN_POINT('Ctrl Pts',(1.80938268848995,3.00100736703506,-1.88688661166873));
#4452=CARTESIAN_POINT('Ctrl Pts',(3.50276319682936,0.102771919823755,-1.96637630960533));
#4453=CARTESIAN_POINT('Ctrl Pts',(1.98221891708692,-2.88976137033089,-2.04586600754194));
#4454=CARTESIAN_POINT('Ctrl Pts',(-1.35708956172703,-3.23082269657956,-2.12535570547854));
#4455=CARTESIAN_POINT('Ctrl Pts',(-3.45121532237319,-0.607477586273621,
-2.20484540341515));
#4456=CARTESIAN_POINT('Ctrl Pts',(-2.37871202269962,2.57325592029536,-2.28433510135175));
#4457=CARTESIAN_POINT('Ctrl Pts',(0.876350826686561,3.39291804288972,-2.36382479928835));
#4458=CARTESIAN_POINT('Ctrl Pts',(3.32733325919055,1.0994557307788,-2.44331449722496));
#4459=CARTESIAN_POINT('Ctrl Pts',(2.72534311268059,-2.20282523397989,-2.52280419516156));
#4460=CARTESIAN_POINT('Ctrl Pts',(-0.37723495969774,-3.48388032593851,-2.60229389309817));
#4461=CARTESIAN_POINT('Ctrl Pts',(-3.13372816058204,-1.56842421101276,-2.68178359103477));
#4462=CARTESIAN_POINT('Ctrl Pts',(-3.01481913921393,1.78628965655235,-2.76127328897137));
#4463=CARTESIAN_POINT('Ctrl Pts',(-0.129849338579636,3.50169630887873,-2.84076298690798));
#4464=CARTESIAN_POINT('Ctrl Pts',(2.87455791323032,2.0047561312221,-2.92025268484458));
#4465=CARTESIAN_POINT('Ctrl Pts',(3.24088282325091,-1.33276476703842,-2.99974238278119));
#4466=CARTESIAN_POINT('Ctrl Pts',(0.634635669251309,-3.44525684255094,-3.07923208071779));
#4467=CARTESIAN_POINT('Ctrl Pts',(-2.55595413034921,-2.4007430006877,-3.15872177865439));
#4468=CARTESIAN_POINT('Ctrl Pts',(-3.39736263519223,0.854823595507967,-3.238211476591));
#4469=CARTESIAN_POINT('Ctrl Pts',(-1.88595023070708,2.48981670411338,-3.29120460854873));
#4470=CARTESIAN_POINT('Ctrl Pts',(-0.951443845484188,2.80661483978302,-3.3177011745276));
#4471=CARTESIAN_POINT('Ctrl Pts',(-1.66522951337128,-2.3343283847983,6.80150642299306));
#4472=CARTESIAN_POINT('Ctrl Pts',(-2.44248072357642,-1.77986412734166,6.7750098570142));
#4473=CARTESIAN_POINT('Ctrl Pts',(-3.38603903900352,0.156887768954518,6.72201672505645));
#4474=CARTESIAN_POINT('Ctrl Pts',(-1.69736554773027,2.93785405214505,6.64252702711986));
#4475=CARTESIAN_POINT('Ctrl Pts',(1.55009511640206,3.01444114536279,6.56303732918325));
#4476=CARTESIAN_POINT('Ctrl Pts',(3.3745529467644,0.329576584093192,6.48354763124665));
#4477=CARTESIAN_POINT('Ctrl Pts',(2.10310814964833,-2.6599903932393,6.40405793331004));
#4478=CARTESIAN_POINT('Ctrl Pts',(-1.09822424815627,-3.2077001489917,6.32456823537344));
#4479=CARTESIAN_POINT('Ctrl Pts',(-3.29178568184095,-0.812854701674409,
6.24507853743684));
#4480=CARTESIAN_POINT('Ctrl Pts',(-2.46505897297776,2.3281529384936,6.16558883950023));
#4481=CARTESIAN_POINT('Ctrl Pts',(0.623486944751521,3.33281083181669,6.08609914156363));
#4482=CARTESIAN_POINT('Ctrl Pts',(3.13994321736865,1.27957541004922,6.00660944362703));
#4483=CARTESIAN_POINT('Ctrl Pts',(2.77538492521788,-1.94777041750643,5.92711974569042));
#4484=CARTESIAN_POINT('Ctrl Pts',(-0.135703731607169,-3.38793357069955,
5.84763004775381));
#4485=CARTESIAN_POINT('Ctrl Pts',(-2.92227654014772,-1.71954656285674,5.76814034981722));
#4486=CARTESIAN_POINT('Ctrl Pts',(-3.0275456094305,1.52659997618276,5.6886506518806));
#4487=CARTESIAN_POINT('Ctrl Pts',(-0.354920549794966,3.37202654616676,5.60916095394401));
#4488=CARTESIAN_POINT('Ctrl Pts',(2.64335789576907,2.12348665239842,5.52967125600739));
#4489=CARTESIAN_POINT('Ctrl Pts',(3.21625052582687,-1.07343774153759,5.45018155807081));
#4490=CARTESIAN_POINT('Ctrl Pts',(0.838105301481677,-3.2854397661012,5.37069186013418));
#4491=CARTESIAN_POINT('Ctrl Pts',(-2.30903481821825,-2.48292044045679,5.2912021621976));
#4492=CARTESIAN_POINT('Ctrl Pts',(-3.33754369168459,0.597777284032989,5.21171246426098));
#4493=CARTESIAN_POINT('Ctrl Pts',(-1.30372348638538,3.12999049705963,5.13222276632438));
#4494=CARTESIAN_POINT('Ctrl Pts',(1.92631485729712,2.79031299750843,5.05273306838777));
#4495=CARTESIAN_POINT('Ctrl Pts',(3.3888827170729,-0.109587665436331,4.97324337045118));
#4496=CARTESIAN_POINT('Ctrl Pts',(1.74201591216843,-2.90893727541916,4.89375367251457));
#4497=CARTESIAN_POINT('Ctrl Pts',(-1.50321976795883,-3.03922125821172,4.81426397457797));
#4498=CARTESIAN_POINT('Ctrl Pts',(-3.36919153117744,-0.380898868934468,
4.73477427664136));
#4499=CARTESIAN_POINT('Ctrl Pts',(-2.14379607754544,2.62691337852706,4.65528457870476));
#4500=CARTESIAN_POINT('Ctrl Pts',(1.04861753200851,3.22442813446537,4.57579488076815));
#4501=CARTESIAN_POINT('Ctrl Pts',(3.27888285438574,0.863401846826455,4.49630518283155));
#4502=CARTESIAN_POINT('Ctrl Pts',(2.50064276252963,-2.28982997096644,4.41681548489495));
#4503=CARTESIAN_POINT('Ctrl Pts',(-0.572036510004265,-3.3420517280984,4.33732578695834));
#4504=CARTESIAN_POINT('Ctrl Pts',(-3.1198495357546,-1.3278081172249,4.25783608902173));
#4505=CARTESIAN_POINT('Ctrl Pts',(-2.80507654162167,1.90475224571359,4.17834639108514));
#4506=CARTESIAN_POINT('Ctrl Pts',(0.0834657323105312,3.38962667464769,4.09885669314853));
#4507=CARTESIAN_POINT('Ctrl Pts',(2.89542487756702,1.76438383020691,4.01936699521193));
#4508=CARTESIAN_POINT('Ctrl Pts',(3.05071655179888,-1.47975134482475,3.93987729727532));
#4509=CARTESIAN_POINT('Ctrl Pts',(0.406854468228313,-3.3661558139247,3.86038759933872));
#4510=CARTESIAN_POINT('Ctrl Pts',(-2.6103127698147,-2.16397845776594,3.78089790140211));
#4511=CARTESIAN_POINT('Ctrl Pts',(-3.23241423409395,1.0237351909356,3.70140820346551));
#4512=CARTESIAN_POINT('Ctrl Pts',(-0.888647091273606,3.27213108984113,3.62191850552891));
#4513=CARTESIAN_POINT('Ctrl Pts',(2.27048909769182,2.51821658703059,3.5424288075923));
#4514=CARTESIAN_POINT('Ctrl Pts',(3.34636124624448,-0.546261779338993,3.4629391096557));
#4515=CARTESIAN_POINT('Ctrl Pts',(1.35181387258099,-3.10952323931358,3.38344941171909));
#4516=CARTESIAN_POINT('Ctrl Pts',(-1.88307648838951,-2.81967346705396,3.3039597137825));
#4517=CARTESIAN_POINT('Ctrl Pts',(-3.39016928468699,0.0573388445858323,
3.22447001584588));
#4518=CARTESIAN_POINT('Ctrl Pts',(-1.78664694133018,2.8817404860551,3.14498031790929));
#4519=CARTESIAN_POINT('Ctrl Pts',(1.45619502244253,3.06203062991655,3.06549061997268));
#4520=CARTESIAN_POINT('Ctrl Pts',(3.36292014285908,0.432785899361531,2.98600092203608));
#4521=CARTESIAN_POINT('Ctrl Pts',(2.18403229489794,-2.59355710497693,2.90651122409947));
#4522=CARTESIAN_POINT('Ctrl Pts',(-0.998792038680519,-3.24020832438316,
2.82702152616287));
#4523=CARTESIAN_POINT('Ctrl Pts',(-3.26518495660103,-0.913839548892378,
2.74753182822626));
#4524=CARTESIAN_POINT('Ctrl Pts',(-2.53564082628876,2.25101335446753,2.66804213028966));
#4525=CARTESIAN_POINT('Ctrl Pts',(0.520454600032779,3.35047198633837,2.58855243235306));
#4526=CARTESIAN_POINT('Ctrl Pts',(3.09901223327797,1.37573932848016,2.50906273441645));
#4527=CARTESIAN_POINT('Ctrl Pts',(2.83410290033052,-1.86128887394505,2.42957303647985));
#4528=CARTESIAN_POINT('Ctrl Pts',(-0.0312085508610644,-3.39051051440438,
2.35008333854324));
#4529=CARTESIAN_POINT('Ctrl Pts',(-2.86788491552951,-1.80880392337363,2.27059364060664));
#4530=CARTESIAN_POINT('Ctrl Pts',(-3.07316281955857,1.43255220024134,2.19110394267003));
#4531=CARTESIAN_POINT('Ctrl Pts',(-0.458691622467405,3.35948471010239,2.11161424473344));
#4532=CARTESIAN_POINT('Ctrl Pts',(2.57664737958102,2.20395639776103,2.03212454679683));
#4533=CARTESIAN_POINT('Ctrl Pts',(3.24780994221743,-0.973789556920394,1.95263484886023));
#4534=CARTESIAN_POINT('Ctrl Pts',(0.938977723291143,-3.25804486726265,1.87314515092362));
#4535=CARTESIAN_POINT('Ctrl Pts',(-2.23140389821525,-2.55291444528862,1.79365545298702));
#4536=CARTESIAN_POINT('Ctrl Pts',(-3.35438370417696,0.494616505067915,1.71416575505041));
#4537=CARTESIAN_POINT('Ctrl Pts',(-1.39958306373068,3.08831714201307,1.63467605711381));
#4538=CARTESIAN_POINT('Ctrl Pts',(1.83939069659752,2.84836398432573,1.5551863591772));
#4539=CARTESIAN_POINT('Ctrl Pts',(3.39065034352747,-0.00507640330907286,
1.4756966612406));
#4540=CARTESIAN_POINT('Ctrl Pts',(1.83085346018613,-2.85385898902836,1.396206963304));
#4541=CARTESIAN_POINT('Ctrl Pts',(-1.40882428263542,-3.08411245945901,1.31671726536739));
#4542=CARTESIAN_POINT('Ctrl Pts',(-3.35584971972324,-0.484570098713229,
1.23722756743079));
#4543=CARTESIAN_POINT('Ctrl Pts',(-2.22374958283857,2.55958459808596,1.15773786949419));
#4544=CARTESIAN_POINT('Ctrl Pts',(0.948729230834302,3.25521863605105,1.07824817155758));
#4545=CARTESIAN_POINT('Ctrl Pts',(3.25071124595622,0.964060121230654,0.998758473620977));
#4546=CARTESIAN_POINT('Ctrl Pts',(2.57003641795549,-2.21166189376135,0.919268775684374));
#4547=CARTESIAN_POINT('Ctrl Pts',(-0.468749029259757,-3.35809616739925,
0.839779077747769));
#4548=CARTESIAN_POINT('Ctrl Pts',(-3.07743860082073,-1.42334366198472,0.760289379811166));
#4549=CARTESIAN_POINT('Ctrl Pts',(-2.86245587191327,1.81738325712623,0.680799681874562));
#4550=CARTESIAN_POINT('Ctrl Pts',(-0.0210560457876502,3.39058876375023,
0.601309983937957));
#4551=CARTESIAN_POINT('Ctrl Pts',(2.83966353970932,1.85279424199749,0.521820286001354));
#4552=CARTESIAN_POINT('Ctrl Pts',(3.09487889919546,-1.38501267909296,0.442330588064749));
#4553=CARTESIAN_POINT('Ctrl Pts',(0.510419790884963,-3.35201538764464,0.362840890128147));
#4554=CARTESIAN_POINT('Ctrl Pts',(-2.5423697740424,-2.24341067439047,0.283351192191543));
#4555=CARTESIAN_POINT('Ctrl Pts',(-3.26243396579835,0.923612549037124,0.203861494254939));
#4556=CARTESIAN_POINT('Ctrl Pts',(-0.98908525278491,3.24318452830808,0.124371796318335));
#4557=CARTESIAN_POINT('Ctrl Pts',(2.19178851380578,2.58700572722262,0.0448820983817305));
#4558=CARTESIAN_POINT('Ctrl Pts',(3.36160915548027,-0.442853709168967,-0.034607599554873));
#4559=CARTESIAN_POINT('Ctrl Pts',(1.44701971183279,-3.06637725589998,-0.114097297491477));
#4560=CARTESIAN_POINT('Ctrl Pts',(-1.79526786280079,-2.87637772601733,-0.193586995428081));
#4561=CARTESIAN_POINT('Ctrl Pts',(-3.39032577873052,-0.0471872441286648,
-0.273076693364685));
#4562=CARTESIAN_POINT('Ctrl Pts',(-1.8746249654977,2.82529941079977,-0.352566391301289));
#4563=CARTESIAN_POINT('Ctrl Pts',(1.36111880405335,3.10546149922823,-0.432056089237893));
#4564=CARTESIAN_POINT('Ctrl Pts',(3.34798194163038,0.536239163477589,-0.511545787174498));
#4565=CARTESIAN_POINT('Ctrl Pts',(2.26293850452382,-2.5250039300312,-0.5910354851111));
#4566=CARTESIAN_POINT('Ctrl Pts',(-0.898441003492714,-3.26945550286225,
-0.670525183047704));
#4567=CARTESIAN_POINT('Ctrl Pts',(-3.23546516141226,-1.01405163142453,-0.750014880984308));
#4568=CARTESIAN_POINT('Ctrl Pts',(-2.6038213650964,2.17178493884272,-0.829504578920914));
#4569=CARTESIAN_POINT('Ctrl Pts',(0.416932083019112,3.36492245976229,-0.908994276857515));
#4570=CARTESIAN_POINT('Ctrl Pts',(3.0551337642917,1.47060980685317,-0.988483974794121));
#4571=CARTESIAN_POINT('Ctrl Pts',(2.89012871969436,-1.77304582723796,-1.06797367273072));
#4572=CARTESIAN_POINT('Ctrl Pts',(0.0733156394267848,-3.38986140421447,
-1.14746337066733));
#4573=CARTESIAN_POINT('Ctrl Pts',(-2.81076745543117,-1.89634433367799,-1.22695306860393));
#4574=CARTESIAN_POINT('Ctrl Pts',(-3.11585963115749,1.33714407639435,-1.30644276654053));
#4575=CARTESIAN_POINT('Ctrl Pts',(-0.562026682370416,3.34374962212364,-1.38593246447714));
#4576=CARTESIAN_POINT('Ctrl Pts',(2.50748809681296,2.28233191164482,-1.46542216241374));
#4577=CARTESIAN_POINT('Ctrl Pts',(3.27628283165878,-0.873216086354971,-1.54491186035035));
#4578=CARTESIAN_POINT('Ctrl Pts',(1.0389577712601,-3.22755360963166,-1.62440155828695));
#4579=CARTESIAN_POINT('Ctrl Pts',(-2.15165235169034,-2.62048232165414,-1.70389125622356));
#4580=CARTESIAN_POINT('Ctrl Pts',(-3.36803589371771,0.39098566960777,-1.78338095416016));
#4581=CARTESIAN_POINT('Ctrl Pts',(-1.49411252623847,3.0437088336961,-1.86287065209676));
#4582=CARTESIAN_POINT('Ctrl Pts',(1.75071843339101,2.90370796052835,-1.94236035003337));
#4583=CARTESIAN_POINT('Ctrl Pts',(3.38919573813906,0.0994398231037413,-2.02185004796997));
#4584=CARTESIAN_POINT('Ctrl Pts',(1.91795092284022,-2.79606880917035,-2.10133974590658));
#4585=CARTESIAN_POINT('Ctrl Pts',(-1.31308966676413,-3.12607216035673,-2.18082944384317));
#4586=CARTESIAN_POINT('Ctrl Pts',(-3.33931916167648,-0.587781797033032,
-2.26031914177979));
#4587=CARTESIAN_POINT('Ctrl Pts',(-2.3015888304671,2.48982517747717,-2.33980883971638));
#4588=CARTESIAN_POINT('Ctrl Pts',(0.847937562439071,3.2829120110734,-2.41929853765299));
#4589=CARTESIAN_POINT('Ctrl Pts',(3.21945363352702,1.0638089038965,-2.49878823558959));
#4590=CARTESIAN_POINT('Ctrl Pts',(2.63698136112216,-2.1314046869134,-2.5782779335262));
#4591=CARTESIAN_POINT('Ctrl Pts',(-0.365004154103815,-3.37092509238001,
-2.6577676314628));
#4592=CARTESIAN_POINT('Ctrl Pts',(-3.03212564753017,-1.51757237154091,-2.73725732939941));
#4593=CARTESIAN_POINT('Ctrl Pts',(-2.91707192399786,1.72837412947276,-2.81674702733601));
#4594=CARTESIAN_POINT('Ctrl Pts',(-0.125639331060862,3.38816344109466,-2.89623672527261));
#4595=CARTESIAN_POINT('Ctrl Pts',(2.78135828233345,1.93975742981893,-2.97572642320922));
#4596=CARTESIAN_POINT('Ctrl Pts',(3.13580611510153,-1.28955353661282,-3.05521612114582));
#4597=CARTESIAN_POINT('Ctrl Pts',(0.614059353896515,-3.33355386916752,-3.13470581908242));
#4598=CARTESIAN_POINT('Ctrl Pts',(-2.47308435046359,-2.32290551461287,-3.21419551701903));
#4599=CARTESIAN_POINT('Ctrl Pts',(-3.28721249969994,0.827108292498565,-3.29368521495563));
#4600=CARTESIAN_POINT('Ctrl Pts',(-1.82480348372981,2.40909124829418,-3.34667834691337));
#4601=CARTESIAN_POINT('Ctrl Pts',(-0.920595896723051,2.7156180760951,-3.37317491289224));
#4602=CARTESIAN_POINT('Ctrl Pts',(-1.60942987871416,-2.25610813347822,6.74603268462843));
#4603=CARTESIAN_POINT('Ctrl Pts',(-2.36063643067969,-1.72022323865483,6.71953611864956));
#4604=CARTESIAN_POINT('Ctrl Pts',(-3.27257735711881,0.151630667684382,6.66654298669183));
#4605=CARTESIAN_POINT('Ctrl Pts',(-1.64048907714022,2.83941045534993,6.58705328875521));
#4606=CARTESIAN_POINT('Ctrl Pts',(1.49815348284074,2.91343121654756,6.50756359081862));
#4607=CARTESIAN_POINT('Ctrl Pts',(3.26147614861219,0.31853290943075,6.42807389288201));
#4608=CARTESIAN_POINT('Ctrl Pts',(2.03263578205425,-2.57085763950031,6.34858419494541));
#4609=CARTESIAN_POINT('Ctrl Pts',(-1.06142420868626,-3.10021436702223,6.2690944970088));
#4610=CARTESIAN_POINT('Ctrl Pts',(-3.18148230507433,-0.78561701760829,6.1896047990722));
#4611=CARTESIAN_POINT('Ctrl Pts',(-2.3824581128585,2.25013961819708,6.11011510113559));
#4612=CARTESIAN_POINT('Ctrl Pts',(0.602594723318232,3.22113275663041,6.03062540319899));
#4613=CARTESIAN_POINT('Ctrl Pts',(3.03472788040373,1.23669853342429,5.95113570526239));
#4614=CARTESIAN_POINT('Ctrl Pts',(2.68238545360358,-1.88250321150263,5.87164600732578));
#4615=CARTESIAN_POINT('Ctrl Pts',(-0.131156479360874,-3.27440840556786,
5.79215630938918));
#4616=CARTESIAN_POINT('Ctrl Pts',(-2.82435492514031,-1.66192683583839,5.71266661145257));
#4617=CARTESIAN_POINT('Ctrl Pts',(-2.92609656738704,1.47544563364045,5.63317691351598));
#4618=CARTESIAN_POINT('Ctrl Pts',(-0.343027632421201,3.25903440435124,5.55368721557937));
#4619=CARTESIAN_POINT('Ctrl Pts',(2.55478247498319,2.05233142817756,5.47419751764276));
#4620=CARTESIAN_POINT('Ctrl Pts',(3.10847823205842,-1.03746826506363,5.39470781970617));
#4621=CARTESIAN_POINT('Ctrl Pts',(0.810021503271655,-3.17534903256304,5.31521812176955));
#4622=CARTESIAN_POINT('Ctrl Pts',(-2.23166212080173,-2.39972106622775,5.23572842383296));
#4623=CARTESIAN_POINT('Ctrl Pts',(-3.22570702463491,0.577746559266513,5.15623872589634));
#4624=CARTESIAN_POINT('Ctrl Pts',(-1.26003743971728,3.02510866256547,5.07674902795975));
#4625=CARTESIAN_POINT('Ctrl Pts',(1.86176659868853,2.69681330597054,4.99725933002314));
#4626=CARTESIAN_POINT('Ctrl Pts',(3.2753257473038,-0.105915527965096,4.91776963208654));
#4627=CARTESIAN_POINT('Ctrl Pts',(1.68364326702528,-2.81146264149902,4.83827993414993));
#4628=CARTESIAN_POINT('Ctrl Pts',(-1.45284886521663,-2.93738098064718,4.75879023621333));
#4629=CARTESIAN_POINT('Ctrl Pts',(-3.25629438695797,-0.368135452506156,
4.67930053827672));
#4630=CARTESIAN_POINT('Ctrl Pts',(-2.07196031139675,2.53888899172589,4.59981084034012));
#4631=CARTESIAN_POINT('Ctrl Pts',(1.01347974787047,3.11638181986632,4.52032114240352));
#4632=CARTESIAN_POINT('Ctrl Pts',(3.16901183427162,0.834470394898434,4.44083144446692));
#4633=CARTESIAN_POINT('Ctrl Pts',(2.41684953676901,-2.21310080253597,4.3613417465303));
#4634=CARTESIAN_POINT('Ctrl Pts',(-0.552868324470406,-3.23006400272139,
4.28185204859371));
#4635=CARTESIAN_POINT('Ctrl Pts',(-3.01530751143756,-1.28331502648815,4.2023623506571));
#4636=CARTESIAN_POINT('Ctrl Pts',(-2.71108214328141,1.84092652164991,4.1228726527205));
#4637=CARTESIAN_POINT('Ctrl Pts',(0.0806689062082452,3.27604477584595,4.04338295478389));
#4638=CARTESIAN_POINT('Ctrl Pts',(2.79840302619573,1.70526166576654,3.96389325684729));
#4639=CARTESIAN_POINT('Ctrl Pts',(2.94849108217685,-1.43016683784743,3.88440355891069));
#4640=CARTESIAN_POINT('Ctrl Pts',(0.393221314057383,-3.25336039256822,3.80491386097408));
#4641=CARTESIAN_POINT('Ctrl Pts',(-2.5228446474166,-2.09146640679659,3.72542416303748));
#4642=CARTESIAN_POINT('Ctrl Pts',(-3.12410031587748,0.989431181079219,3.64593446510088));
#4643=CARTESIAN_POINT('Ctrl Pts',(-0.858869704652699,3.16248631241119,3.56644476716427));
#4644=CARTESIAN_POINT('Ctrl Pts',(2.19440801629921,2.43383448569528,3.48695506922767));
#4645=CARTESIAN_POINT('Ctrl Pts',(3.23422911462426,-0.527957270879653,3.40746537129106));
#4646=CARTESIAN_POINT('Ctrl Pts',(1.30651638078854,-3.00532723550851,3.32797567335446));
#4647=CARTESIAN_POINT('Ctrl Pts',(-1.81997709023459,-2.72518994508258,3.24848597541785));
#4648=CARTESIAN_POINT('Ctrl Pts',(-3.27656920374176,0.0554174958745343,
3.16899627748125));
#4649=CARTESIAN_POINT('Ctrl Pts',(-1.72677876953344,2.78517718051232,3.08950657954464));
#4650=CARTESIAN_POINT('Ctrl Pts',(1.40739985661743,2.95942604052732,3.01001688160804));
#4651=CARTESIAN_POINT('Ctrl Pts',(3.25023314455293,0.418283817291021,2.93052718367144));
#4652=CARTESIAN_POINT('Ctrl Pts',(2.11084826641651,-2.50665044270723,2.85103748573484));
#4653=CARTESIAN_POINT('Ctrl Pts',(-0.965323840807919,-3.13163323652783,
2.77154778779823));
#4654=CARTESIAN_POINT('Ctrl Pts',(-3.15577293489273,-0.88321799639526,2.69205808986162));
#4655=CARTESIAN_POINT('Ctrl Pts',(-2.45067486178205,2.17558487942609,2.61256839192503));
#4656=CARTESIAN_POINT('Ctrl Pts',(0.50301485595892,3.23820210926412,2.53307869398842));
#4657=CARTESIAN_POINT('Ctrl Pts',(2.99516843935867,1.32964012636043,2.45358899605182));
#4658=CARTESIAN_POINT('Ctrl Pts',(2.73913586716823,-1.79891954988279,2.37409929811521));
#4659=CARTESIAN_POINT('Ctrl Pts',(-0.0301627936713057,-3.27689899930344,
2.29460960017861));
#4660=CARTESIAN_POINT('Ctrl Pts',(-2.77178589179719,-1.74819330046537,2.21511990224201));
#4661=CARTESIAN_POINT('Ctrl Pts',(-2.97018520524397,1.38454927406278,2.1356302043054));
#4662=CARTESIAN_POINT('Ctrl Pts',(-0.443321473939251,3.24691282859616,2.0561405063688));
#4663=CARTESIAN_POINT('Ctrl Pts',(2.49030733980489,2.13010473899098,1.97665080843219));
#4664=CARTESIAN_POINT('Ctrl Pts',(3.13898013422019,-0.941159159084685,1.89716111049559));
#4665=CARTESIAN_POINT('Ctrl Pts',(0.9075138238766,-3.14887210048786,1.81767141255898));
#4666=CARTESIAN_POINT('Ctrl Pts',(-2.15663251007139,-2.46736966469581,1.73818171462238));
#4667=CARTESIAN_POINT('Ctrl Pts',(-3.24198275062074,0.478042561322301,1.65869201668578));
#4668=CARTESIAN_POINT('Ctrl Pts',(-1.35268488963432,2.98483172643165,1.57920231874917));
#4669=CARTESIAN_POINT('Ctrl Pts',(1.77775515144432,2.7529190811339,1.49971262081257));
#4670=CARTESIAN_POINT('Ctrl Pts',(3.27703414293788,-0.0049062997601481,
1.42022292287596));
#4671=CARTESIAN_POINT('Ctrl Pts',(1.76950398651369,-2.75822995550953,1.34073322493936));
#4672=CARTESIAN_POINT('Ctrl Pts',(-1.36161644753767,-2.980767937219,1.26124352700275));
#4673=CARTESIAN_POINT('Ctrl Pts',(-3.24339964192845,-0.468332796733609,
1.18175382906615));
#4674=CARTESIAN_POINT('Ctrl Pts',(-2.14923468066143,2.4738163095105,1.10226413112955));
#4675=CARTESIAN_POINT('Ctrl Pts',(0.91693857132221,3.14614057253956,1.02277443319295));
#4676=CARTESIAN_POINT('Ctrl Pts',(3.14178421911477,0.931755743893931,0.943284735256339));
#4677=CARTESIAN_POINT('Ctrl Pts',(2.48391790274427,-2.13755203402969,0.863795037319738));
#4678=CARTESIAN_POINT('Ctrl Pts',(-0.453041870355512,-3.24557081411926,
0.784305339383133));
#4679=CARTESIAN_POINT('Ctrl Pts',(-2.97431771074122,-1.37564930172232,0.704815641446529));
#4680=CARTESIAN_POINT('Ctrl Pts',(-2.76653876823934,1.75648515211108,0.625325943509925));
#4681=CARTESIAN_POINT('Ctrl Pts',(-0.020350485591378,3.27697462661738,0.545836245573321));
#4682=CARTESIAN_POINT('Ctrl Pts',(2.74451017688899,1.79070956179686,0.466346547636717));
#4683=CARTESIAN_POINT('Ctrl Pts',(2.99117360782481,-1.33860273928088,0.386856849700113));
#4684=CARTESIAN_POINT('Ctrl Pts',(0.493316299970067,-3.23969379323753,0.30736715176351));
#4685=CARTESIAN_POINT('Ctrl Pts',(-2.45717833141197,-2.16823695508528,0.227877453826906));
#4686=CARTESIAN_POINT('Ctrl Pts',(-3.15311412614693,0.892663516253857,0.148387755890302));
#4687=CARTESIAN_POINT('Ctrl Pts',(-0.955942316446704,3.13450971180254,0.0688980579536978));
#4688=CARTESIAN_POINT('Ctrl Pts',(2.11834458470531,2.50031859294124,-0.0105916399829062));
#4689=CARTESIAN_POINT('Ctrl Pts',(3.24896608662419,-0.428014268131115,-0.0900813379195099));
#4690=CARTESIAN_POINT('Ctrl Pts',(1.39853199850943,-2.9636270168331,-0.169571035856114));
#4691=CARTESIAN_POINT('Ctrl Pts',(-1.73511081534783,-2.77999411945805,-0.249060733792718));
#4692=CARTESIAN_POINT('Ctrl Pts',(-3.27672045387725,-0.0456060620983622,
-0.328550431729322));
#4693=CARTESIAN_POINT('Ctrl Pts',(-1.81180876667707,2.73062737090754,-0.408040129665926));
#4694=CARTESIAN_POINT('Ctrl Pts',(1.3155095163358,3.00140159895184,-0.48752982760253));
#4695=CARTESIAN_POINT('Ctrl Pts',(3.23579550265512,0.518270499596337,-0.567019525539134));
#4696=CARTESIAN_POINT('Ctrl Pts',(2.18711043350414,-2.44039439382481,-0.646509223475738));
#4697=CARTESIAN_POINT('Ctrl Pts',(-0.868335435849749,-3.15990038080697,
-0.725998921412341));
#4698=CARTESIAN_POINT('Ctrl Pts',(-3.12704901066367,-0.980072104817169,
-0.805488619348945));
#4699=CARTESIAN_POINT('Ctrl Pts',(-2.51657076106965,2.09901130303566,-0.88497831728555));
#4700=CARTESIAN_POINT('Ctrl Pts',(0.402961241328836,3.25216836646966,-0.964468015222152));
#4701=CARTESIAN_POINT('Ctrl Pts',(2.95276027973161,1.42133162070124,-1.04395771315876));
#4702=CARTESIAN_POINT('Ctrl Pts',(2.79328433555627,-1.71363341075375,-1.12344741109536));
#4703=CARTESIAN_POINT('Ctrl Pts',(0.0708589294887023,-3.27627163993596,
-1.20293710903197));
#4704=CARTESIAN_POINT('Ctrl Pts',(-2.7165823621093,-1.83280034760659,-1.28242680696857));
#4705=CARTESIAN_POINT('Ctrl Pts',(-3.01145130325709,1.29233815003548,-1.36191650490517));
#4706=CARTESIAN_POINT('Ctrl Pts',(-0.543193912898084,3.23170500256746,-1.44140620284177));
#4707=CARTESIAN_POINT('Ctrl Pts',(2.42346549297022,2.20585399324769,-1.52089590077838));
#4708=CARTESIAN_POINT('Ctrl Pts',(3.16649893486135,-0.843955772263691,-1.60038559871498));
#4709=CARTESIAN_POINT('Ctrl Pts',(1.00414367290609,-3.11940256450088,-1.67987529665159));
#4710=CARTESIAN_POINT('Ctrl Pts',(-2.0795533322042,-2.53267343104798,-1.75936499458819));
#4711=CARTESIAN_POINT('Ctrl Pts',(-3.25517747337836,0.377884257853363,-1.8388546925248));
#4712=CARTESIAN_POINT('Ctrl Pts',(-1.44404679509972,2.94171818342288,-1.9183443904614));
#4713=CARTESIAN_POINT('Ctrl Pts',(1.69205417829207,2.80640855402164,-1.99783408839801));
#4714=CARTESIAN_POINT('Ctrl Pts',(3.27562827944877,0.0961077263837263,-2.07732378633461));
#4715=CARTESIAN_POINT('Ctrl Pts',(1.8536829285935,-2.7023762480098,-2.15681348427121));
#4716=CARTESIAN_POINT('Ctrl Pts',(-1.26908977180122,-3.0213216241339,-2.23630318220782));
#4717=CARTESIAN_POINT('Ctrl Pts',(-3.22742300097978,-0.568086007792441,
-2.31579288014442));
#4718=CARTESIAN_POINT('Ctrl Pts',(-2.22446563823458,2.40639443465899,-2.39528257808102));
#4719=CARTESIAN_POINT('Ctrl Pts',(0.81952429819158,3.17290597925709,-2.47477227601762));
#4720=CARTESIAN_POINT('Ctrl Pts',(3.11157400786349,1.0281620770142,-2.55426197395423));
#4721=CARTESIAN_POINT('Ctrl Pts',(2.54861960956372,-2.05998413984691,-2.63375167189083));
#4722=CARTESIAN_POINT('Ctrl Pts',(-0.352773348509891,-3.25796985882152,
-2.71324136982744));
#4723=CARTESIAN_POINT('Ctrl Pts',(-2.93052313447829,-1.46672053206905,-2.79273106776404));
#4724=CARTESIAN_POINT('Ctrl Pts',(-2.81932470878179,1.67045860239316,-2.87222076570065));
#4725=CARTESIAN_POINT('Ctrl Pts',(-0.121429323542085,3.27463057331059,-2.95171046363725));
#4726=CARTESIAN_POINT('Ctrl Pts',(2.68815865143659,1.87475872841576,-3.03120016157386));
#4727=CARTESIAN_POINT('Ctrl Pts',(3.03072940695214,-1.24634230618723,-3.11068985951046));
#4728=CARTESIAN_POINT('Ctrl Pts',(0.593483038541723,-3.2218508957841,-3.19017955744706));
#4729=CARTESIAN_POINT('Ctrl Pts',(-2.39021457057797,-2.24506802853804,-3.26966925538367));
#4730=CARTESIAN_POINT('Ctrl Pts',(-3.17706236420766,0.799392989489164,-3.34915895332027));
#4731=CARTESIAN_POINT('Ctrl Pts',(-1.76365673675255,2.32836579247497,-3.40215208527801));
#4732=CARTESIAN_POINT('Ctrl Pts',(-0.889747947961913,2.62462131240718,-3.42864865125688));
#4733=CARTESIAN_POINT('Ctrl Pts',(-1.55363024405704,-2.17788788215814,6.69055894626379));
#4734=CARTESIAN_POINT('Ctrl Pts',(-2.27879213778297,-1.660582349968,6.66406238028492));
#4735=CARTESIAN_POINT('Ctrl Pts',(-3.1591156752341,0.146373566414243,6.61106924832719));
#4736=CARTESIAN_POINT('Ctrl Pts',(-1.58361260655016,2.74096685855482,6.53157955039058));
#4737=CARTESIAN_POINT('Ctrl Pts',(1.44621184927943,2.81242128773232,6.45208985245397));
#4738=CARTESIAN_POINT('Ctrl Pts',(3.14839935045999,0.307489234768313,6.37260015451738));
#4739=CARTESIAN_POINT('Ctrl Pts',(1.96216341446017,-2.48172488576133,6.29311045658077));
#4740=CARTESIAN_POINT('Ctrl Pts',(-1.02462416921624,-2.99272858505276,6.21362075864417));
#4741=CARTESIAN_POINT('Ctrl Pts',(-3.07117892830771,-0.758379333542178,
6.13413106070756));
#4742=CARTESIAN_POINT('Ctrl Pts',(-2.29985725273924,2.17212629790057,6.05464136277096));
#4743=CARTESIAN_POINT('Ctrl Pts',(0.581702501884939,3.10945468144413,5.97515166483436));
#4744=CARTESIAN_POINT('Ctrl Pts',(2.92951254343881,1.19382165679937,5.89566196689775));
#4745=CARTESIAN_POINT('Ctrl Pts',(2.58938598198928,-1.81723600549884,5.81617226896115));
#4746=CARTESIAN_POINT('Ctrl Pts',(-0.126609227114583,-3.16088324043616,
5.73668257102454));
#4747=CARTESIAN_POINT('Ctrl Pts',(-2.72643331013289,-1.60430710882005,5.65719287308794));
#4748=CARTESIAN_POINT('Ctrl Pts',(-2.82464752534357,1.42429129109814,5.57770317515133));
#4749=CARTESIAN_POINT('Ctrl Pts',(-0.33113471504743,3.14604226253572,5.49821347721473));
#4750=CARTESIAN_POINT('Ctrl Pts',(2.4662070541973,1.98117620395669,5.41872377927813));
#4751=CARTESIAN_POINT('Ctrl Pts',(3.00070593828998,-1.00149878858967,5.33923408134152));
#4752=CARTESIAN_POINT('Ctrl Pts',(0.781937705061627,-3.06525829902488,5.25974438340492));
#4753=CARTESIAN_POINT('Ctrl Pts',(-2.15428942338519,-2.31652169199872,5.18025468546831));
#4754=CARTESIAN_POINT('Ctrl Pts',(-3.11387035758524,0.557715834500038,5.10076498753171));
#4755=CARTESIAN_POINT('Ctrl Pts',(-1.21635139304917,2.92022682807131,5.02127528959511));
#4756=CARTESIAN_POINT('Ctrl Pts',(1.79721834007993,2.60331361443264,4.9417855916585));
#4757=CARTESIAN_POINT('Ctrl Pts',(3.1617687775347,-0.10224339049386,4.8622958937219));
#4758=CARTESIAN_POINT('Ctrl Pts',(1.62527062188214,-2.71398800757888,4.78280619578529));
#4759=CARTESIAN_POINT('Ctrl Pts',(-1.40247796247444,-2.83554070308264,4.70331649784869));
#4760=CARTESIAN_POINT('Ctrl Pts',(-3.14339724273851,-0.355372036077845,
4.62382679991209));
#4761=CARTESIAN_POINT('Ctrl Pts',(-2.00012454524806,2.45086460492472,4.54433710197549));
#4762=CARTESIAN_POINT('Ctrl Pts',(0.978341963732447,3.00833550526727,4.46484740403888));
#4763=CARTESIAN_POINT('Ctrl Pts',(3.0591408141575,0.805538942970414,4.38535770610228));
#4764=CARTESIAN_POINT('Ctrl Pts',(2.3330563110084,-2.1363716341055,4.30586800816567));
#4765=CARTESIAN_POINT('Ctrl Pts',(-0.533700138936548,-3.11807627734439,
4.22637831022907));
#4766=CARTESIAN_POINT('Ctrl Pts',(-2.91076548712053,-1.23882193575141,4.14688861229246));
#4767=CARTESIAN_POINT('Ctrl Pts',(-2.61708774494115,1.77710079758622,4.06739891435586));
#4768=CARTESIAN_POINT('Ctrl Pts',(0.0778720801059555,3.16246287704422,3.98790921641926));
#4769=CARTESIAN_POINT('Ctrl Pts',(2.70138117482444,1.64613950132616,3.90841951848265));
#4770=CARTESIAN_POINT('Ctrl Pts',(2.84626561255483,-1.38058233087011,3.82892982054605));
#4771=CARTESIAN_POINT('Ctrl Pts',(0.379588159886447,-3.14056497121174,3.74944012260944));
#4772=CARTESIAN_POINT('Ctrl Pts',(-2.4353765250185,-2.01895435582724,3.66995042467284));
#4773=CARTESIAN_POINT('Ctrl Pts',(-3.01578639766102,0.955127171222832,3.59046072673624));
#4774=CARTESIAN_POINT('Ctrl Pts',(-0.82909231803179,3.05284153498126,3.51097102879964));
#4775=CARTESIAN_POINT('Ctrl Pts',(2.1183269349066,2.34945238435998,3.43148133086303));
#4776=CARTESIAN_POINT('Ctrl Pts',(3.12209698300405,-0.509652762420308,3.35199163292643));
#4777=CARTESIAN_POINT('Ctrl Pts',(1.2612188889961,-2.90113123170345,3.27250193498982));
#4778=CARTESIAN_POINT('Ctrl Pts',(-1.75687769207966,-2.63070642311119,3.19301223705322));
#4779=CARTESIAN_POINT('Ctrl Pts',(-3.16296912279654,0.0534961471632323,
3.11352253911661));
#4780=CARTESIAN_POINT('Ctrl Pts',(-1.6669105977367,2.68861387496955,3.03403284118001));
#4781=CARTESIAN_POINT('Ctrl Pts',(1.35860469079233,2.85682145113809,2.9545431432434));
#4782=CARTESIAN_POINT('Ctrl Pts',(3.13754614624678,0.403781735220509,2.8750534453068));
#4783=CARTESIAN_POINT('Ctrl Pts',(2.03766423793508,-2.41974378043753,2.79556374737019));
#4784=CARTESIAN_POINT('Ctrl Pts',(-0.931855642935321,-3.02305814867251,
2.7160740494336));
#4785=CARTESIAN_POINT('Ctrl Pts',(-3.04636091318443,-0.852596443898143,
2.63658435149699));
#4786=CARTESIAN_POINT('Ctrl Pts',(-2.36570889727535,2.10015640438466,2.55709465356039));
#4787=CARTESIAN_POINT('Ctrl Pts',(0.485575111885059,3.12593223218986,2.47760495562378));
#4788=CARTESIAN_POINT('Ctrl Pts',(2.89132464543936,1.28354092424069,2.39811525768718));
#4789=CARTESIAN_POINT('Ctrl Pts',(2.64416883400594,-1.73655022582053,2.31862555975057));
#4790=CARTESIAN_POINT('Ctrl Pts',(-0.029117036481545,-3.1632874842025,2.23913586181397));
#4791=CARTESIAN_POINT('Ctrl Pts',(-2.67568686806488,-1.68758267755712,2.15964616387737));
#4792=CARTESIAN_POINT('Ctrl Pts',(-2.86720759092936,1.33654634788423,2.08015646594076));
#4793=CARTESIAN_POINT('Ctrl Pts',(-0.427951325411096,3.13434094708992,2.00066676800416));
#4794=CARTESIAN_POINT('Ctrl Pts',(2.40396730002877,2.05625308022093,1.92117707006756));
#4795=CARTESIAN_POINT('Ctrl Pts',(3.03015032622296,-0.90852876124898,1.84168737213095));
#4796=CARTESIAN_POINT('Ctrl Pts',(0.876049924462055,-3.03969933371307,1.76219767419435));
#4797=CARTESIAN_POINT('Ctrl Pts',(-2.08186112192754,-2.381824884103,1.68270797625774));
#4798=CARTESIAN_POINT('Ctrl Pts',(-3.12958179706452,0.461468617576685,1.60321827832114));
#4799=CARTESIAN_POINT('Ctrl Pts',(-1.30578671553795,2.88134631085023,1.52372858038454));
#4800=CARTESIAN_POINT('Ctrl Pts',(1.71611960629111,2.65747417794207,1.44423888244793));
#4801=CARTESIAN_POINT('Ctrl Pts',(3.16341794234829,-0.00473619621122537,
1.36474918451133));
#4802=CARTESIAN_POINT('Ctrl Pts',(1.70815451284126,-2.66260092199069,1.28525948657472));
#4803=CARTESIAN_POINT('Ctrl Pts',(-1.31440861243993,-2.877423414979,1.20576978863812));
#4804=CARTESIAN_POINT('Ctrl Pts',(-3.13094956413367,-0.452095494753987,
1.12628009070152));
#4805=CARTESIAN_POINT('Ctrl Pts',(-2.07471977848429,2.38804802093504,1.04679039276491));
#4806=CARTESIAN_POINT('Ctrl Pts',(0.885147911810115,3.03706250902807,0.967300694828309));
#4807=CARTESIAN_POINT('Ctrl Pts',(3.03285719227332,0.899451366557204,0.887810996891704));
#4808=CARTESIAN_POINT('Ctrl Pts',(2.39779938753304,-2.06344217429803,0.8083212989551));
#4809=CARTESIAN_POINT('Ctrl Pts',(-0.437334711451266,-3.13304546083927,
0.728831601018496));
#4810=CARTESIAN_POINT('Ctrl Pts',(-2.8711968206617,-1.32795494145993,0.649341903081893));
#4811=CARTESIAN_POINT('Ctrl Pts',(-2.67062166456542,1.69558704709593,0.569852205145288));
#4812=CARTESIAN_POINT('Ctrl Pts',(-0.0196449253951051,3.16336048948454,
0.490362507208685));
#4813=CARTESIAN_POINT('Ctrl Pts',(2.64935681406867,1.72862488159623,0.41087280927208));
#4814=CARTESIAN_POINT('Ctrl Pts',(2.88746831645416,-1.2921927994688,0.331383111335476));
#4815=CARTESIAN_POINT('Ctrl Pts',(0.476212809055168,-3.12737219883042,0.251893413398873));
#4816=CARTESIAN_POINT('Ctrl Pts',(-2.37198688878153,-2.09306323578008,0.172403715462269));
#4817=CARTESIAN_POINT('Ctrl Pts',(-3.04379428649551,0.861714483470592,0.0929140175256651));
#4818=CARTESIAN_POINT('Ctrl Pts',(-0.922799380108495,3.025834895297,0.0134243195890611));
#4819=CARTESIAN_POINT('Ctrl Pts',(2.04490065560485,2.41363145865986,-0.066065378347543));
#4820=CARTESIAN_POINT('Ctrl Pts',(3.13632301776812,-0.413174827093263,-0.145555076284147));
#4821=CARTESIAN_POINT('Ctrl Pts',(1.35004428518606,-2.86087677776621,-0.225044774220751));
#4822=CARTESIAN_POINT('Ctrl Pts',(-1.67495376789487,-2.68361051289877,-0.304534472157354));
#4823=CARTESIAN_POINT('Ctrl Pts',(-3.16311512902397,-0.0440248800680575,
-0.384024170093958));
#4824=CARTESIAN_POINT('Ctrl Pts',(-1.74899256785643,2.6359553310153,-0.463513868030563));
#4825=CARTESIAN_POINT('Ctrl Pts',(1.26990022861825,2.89734169867545,-0.543003565967166));
#4826=CARTESIAN_POINT('Ctrl Pts',(3.12360906367986,0.500301835715085,-0.622493263903771));
#4827=CARTESIAN_POINT('Ctrl Pts',(2.11128236248446,-2.35578485761842,-0.701982961840374));
#4828=CARTESIAN_POINT('Ctrl Pts',(-0.838229868206784,-3.05034525875168,
-0.781472659776978));
#4829=CARTESIAN_POINT('Ctrl Pts',(-3.01863285991508,-0.946092578209802,
-0.860962357713581));
#4830=CARTESIAN_POINT('Ctrl Pts',(-2.4293201570429,2.02623766722859,-0.940452055650187));
#4831=CARTESIAN_POINT('Ctrl Pts',(0.388990399638561,3.13941427317703,-1.01994175358679));
#4832=CARTESIAN_POINT('Ctrl Pts',(2.85038679517152,1.3720534345493,-1.09943145152339));
#4833=CARTESIAN_POINT('Ctrl Pts',(2.69643995141817,-1.65422099426954,-1.17892114946));
#4834=CARTESIAN_POINT('Ctrl Pts',(0.0684022195506209,-3.16268187565745,
-1.2584108473966));
#4835=CARTESIAN_POINT('Ctrl Pts',(-2.62239726878744,-1.76925636153518,-1.33790054533321));
#4836=CARTESIAN_POINT('Ctrl Pts',(-2.9070429753567,1.24753222367661,-1.41739024326981));
#4837=CARTESIAN_POINT('Ctrl Pts',(-0.524361143425753,3.11966038301128,-1.49687994120642));
#4838=CARTESIAN_POINT('Ctrl Pts',(2.33944288912747,2.12937607485057,-1.57636963914302));
#4839=CARTESIAN_POINT('Ctrl Pts',(3.05671503806393,-0.81469545817241,-1.65585933707962));
#4840=CARTESIAN_POINT('Ctrl Pts',(0.969329574552073,-3.01125151937009,-1.73534903501622));
#4841=CARTESIAN_POINT('Ctrl Pts',(-2.00745431271805,-2.44486454044182,-1.81483873295283));
#4842=CARTESIAN_POINT('Ctrl Pts',(-3.14231905303902,0.364782846098957,-1.89432843088943));
#4843=CARTESIAN_POINT('Ctrl Pts',(-1.39398106396097,2.83972753314965,-1.97381812882604));
#4844=CARTESIAN_POINT('Ctrl Pts',(1.63338992319313,2.70910914751493,-2.05330782676264));
#4845=CARTESIAN_POINT('Ctrl Pts',(3.16206082075847,0.0927756296637115,-2.13279752469924));
#4846=CARTESIAN_POINT('Ctrl Pts',(1.78941493434679,-2.60868368684926,-2.21228722263585));
#4847=CARTESIAN_POINT('Ctrl Pts',(-1.22508987683831,-2.91657108791106,-2.29177692057245));
#4848=CARTESIAN_POINT('Ctrl Pts',(-3.11552684028307,-0.548390218551854,
-2.37126661850906));
#4849=CARTESIAN_POINT('Ctrl Pts',(-2.14734244600206,2.32296369184081,-2.45075631644566));
#4850=CARTESIAN_POINT('Ctrl Pts',(0.791111033944091,3.06289994744076,-2.53024601438226));
#4851=CARTESIAN_POINT('Ctrl Pts',(3.00369438219995,0.992515250131907,-2.60973571231887));
#4852=CARTESIAN_POINT('Ctrl Pts',(2.46025785800529,-1.98856359278042,-2.68922541025547));
#4853=CARTESIAN_POINT('Ctrl Pts',(-0.340542542915969,-3.14501462526302,
-2.76871510819207));
#4854=CARTESIAN_POINT('Ctrl Pts',(-2.82892062142641,-1.4158686925972,-2.84820480612868));
#4855=CARTESIAN_POINT('Ctrl Pts',(-2.72157749356573,1.61254307531357,-2.92769450406528));
#4856=CARTESIAN_POINT('Ctrl Pts',(-0.11721931602331,3.16109770552652,-3.00718420200189));
#4857=CARTESIAN_POINT('Ctrl Pts',(2.59495902053972,1.8097600270126,-3.08667389993849));
#4858=CARTESIAN_POINT('Ctrl Pts',(2.92565269880276,-1.20313107576164,-3.1661635978751));
#4859=CARTESIAN_POINT('Ctrl Pts',(0.572906723186931,-3.11014792240069,-3.24565329581169));
#4860=CARTESIAN_POINT('Ctrl Pts',(-2.30734479069236,-2.1672305424632,-3.32514299374831));
#4861=CARTESIAN_POINT('Ctrl Pts',(-3.06691222871537,0.771677686479762,-3.4046326916849));
#4862=CARTESIAN_POINT('Ctrl Pts',(-1.70250998977528,2.24764033665577,-3.45762582364264));
#4863=CARTESIAN_POINT('Ctrl Pts',(-0.858899999200776,2.53362454871927,-3.48412238962151));
#4864=CARTESIAN_POINT('',(-0.951443845484188,2.80661483978302,-3.3177011745276));
#4865=CARTESIAN_POINT('Ctrl Pts',(-0.951443845484188,2.80661483978302,-3.3177011745276));
#4866=CARTESIAN_POINT('Ctrl Pts',(-1.88595023070708,2.48981670411338,-3.29120460854873));
#4867=CARTESIAN_POINT('Ctrl Pts',(-2.64165643294966,1.67232014981067,-3.26470804256986));
#4868=CARTESIAN_POINT('Ctrl Pts',(-2.87927478326377,0.720977439960042,-3.238211476591));
#4869=CARTESIAN_POINT('Ctrl Pts',(-3.11689313357789,-0.23036526989059,-3.21171491061213));
#4870=CARTESIAN_POINT('Ctrl Pts',(-2.83642363196355,-1.31555413528915,-3.18521834463326));
#4871=CARTESIAN_POINT('Ctrl Pts',(-2.16442391455629,-2.03223420829897,-3.15872177865439));
#4872=CARTESIAN_POINT('Ctrl Pts',(-1.49242419714903,-2.74891428130879,-3.13222521267552));
#4873=CARTESIAN_POINT('Ctrl Pts',(-0.428894263948845,-3.09708556192987,
-3.10572864669665));
#4874=CARTESIAN_POINT('Ctrl Pts',(0.537245228317851,-2.91908918965498,-3.07923208071779));
#4875=CARTESIAN_POINT('Ctrl Pts',(1.50338472058452,-2.74109281738009,-3.05273551473892));
#4876=CARTESIAN_POINT('Ctrl Pts',(2.3721337719177,-2.03692879220927,-3.02623894876005));
#4877=CARTESIAN_POINT('Ctrl Pts',(2.74545414591421,-1.12859329658045,-2.99974238278119));
#4878=CARTESIAN_POINT('Ctrl Pts',(2.89119440808063,-0.773988880403425,-2.98939840816515));
#4879=CARTESIAN_POINT('Ctrl Pts',(2.96142947238002,-0.388267962536171,-2.97905443354911));
#4880=CARTESIAN_POINT('Ctrl Pts',(2.95947618314894,-0.00182953277193393,
-2.96871045893307));
#4881=CARTESIAN_POINT('Ctrl Pts',(-1.79098965684069,-1.99442371880718,-3.3177011745276));
#4882=CARTESIAN_POINT('Ctrl Pts',(-1.85083478807257,-1.94664341105367,-3.3177011745276));
#4883=CARTESIAN_POINT('Ctrl Pts',(-1.90834499281141,-1.89628019645623,-3.3177011745276));
#4884=CARTESIAN_POINT('Ctrl Pts',(-1.96331150847512,-1.84340451158259,-3.3177011745276));
#4885=CARTESIAN_POINT('Ctrl Pts',(-2.02793513307944,-1.78123905741999,-3.3177011745276));
#4886=CARTESIAN_POINT('Ctrl Pts',(-2.08904430005454,-1.71560191155094,-3.3177011745276));
#4887=CARTESIAN_POINT('Ctrl Pts',(-2.14661065399797,-1.64688470405643,-3.3177011745276));
#4888=CARTESIAN_POINT('Ctrl Pts',(-2.20563282043138,-1.57642968685028,-3.3177011745276));
#4889=CARTESIAN_POINT('Ctrl Pts',(-2.26093115537951,-1.50273622745094,-3.3177011745276));
#4890=CARTESIAN_POINT('Ctrl Pts',(-2.31243901621649,-1.42618558017356,-3.3177011745276));
#4891=CARTESIAN_POINT('Ctrl Pts',(-2.33810467340509,-1.38804144763417,-3.3177011745276));
#4892=CARTESIAN_POINT('Ctrl Pts',(-2.36282860136023,-1.3491873387968,-3.3177011745276));
#4893=CARTESIAN_POINT('Ctrl Pts',(-2.38659880882028,-1.30966755324529,-3.3177011745276));
#4894=CARTESIAN_POINT('Ctrl Pts',(-2.40416856771217,-1.28045648704967,-3.3177011745276));
#4895=CARTESIAN_POINT('Ctrl Pts',(-2.42121721618497,-1.25088169385366,-3.3177011745276));
#4896=CARTESIAN_POINT('Ctrl Pts',(-2.4377389727658,-1.22096055699915,-3.3177011745276));
#4897=CARTESIAN_POINT('Ctrl Pts',(-2.44446926624992,-1.20877189949025,-3.3177011745276));
#4898=CARTESIAN_POINT('Ctrl Pts',(-2.45111168714152,-1.19652640800263,-3.3177011745276));
#4899=CARTESIAN_POINT('Ctrl Pts',(-2.45765982861511,-1.18423694786905,-3.3177011745276));
#4900=CARTESIAN_POINT('Ctrl Pts',(-2.50193290297705,-1.1011458624737,-3.3177011745276));
#4901=CARTESIAN_POINT('Ctrl Pts',(-2.54197564562122,-1.01591093606095,-3.3177011745276));
#4902=CARTESIAN_POINT('Ctrl Pts',(-2.57775248305503,-0.928951147274651,
-3.3177011745276));
#4903=CARTESIAN_POINT('Ctrl Pts',(-2.61410812033072,-0.840584517760929,
-3.3177011745276));
#4904=CARTESIAN_POINT('Ctrl Pts',(-2.64605912748516,-0.750435946809295,
-3.3177011745276));
#4905=CARTESIAN_POINT('Ctrl Pts',(-2.67352601394115,-0.658910767127984,
-3.3177011745276));
#4906=CARTESIAN_POINT('Ctrl Pts',(-2.70102323205701,-0.567284516266842,
-3.3177011745276));
#4907=CARTESIAN_POINT('Ctrl Pts',(-2.7240267656601,-0.474277685023371,-3.3177011745276));
#4908=CARTESIAN_POINT('Ctrl Pts',(-2.74240932507016,-0.380276161166895,
-3.3177011745276));
#4909=CARTESIAN_POINT('Ctrl Pts',(-2.75104607949408,-0.33611103383548,-3.3177011745276));
#4910=CARTESIAN_POINT('Ctrl Pts',(-2.7586620678817,-0.291726122671937,-3.3177011745276));
#4911=CARTESIAN_POINT('Ctrl Pts',(-2.76524012999749,-0.247160766841477,
-3.3177011745276));
#4912=CARTESIAN_POINT('Ctrl Pts',(-2.76772312376349,-0.230338867206122,
-3.3177011745276));
#4913=CARTESIAN_POINT('Ctrl Pts',(-2.77005820647344,-0.21349125609882,-3.3177011745276));
#4914=CARTESIAN_POINT('Ctrl Pts',(-2.77224435612133,-0.196620047024582,
-3.3177011745276));
#4915=CARTESIAN_POINT('Ctrl Pts',(-2.77425726694861,-0.181085776784875,
-3.3177011745276));
#4916=CARTESIAN_POINT('Ctrl Pts',(-2.77614277317657,-0.165540023716795,
-3.3177011745276));
#4917=CARTESIAN_POINT('Ctrl Pts',(-2.77789984172548,-0.149990842837064,
-3.3177011745276));
#4918=CARTESIAN_POINT('Ctrl Pts',(-2.78882283864546,-0.053327764459407,
-3.3177011745276));
#4919=CARTESIAN_POINT('Ctrl Pts',(-2.79479612616673,0.0435429645980724,
-3.3177011745276));
#4920=CARTESIAN_POINT('Ctrl Pts',(-2.79574103393741,0.140209399027266,-3.3177011745276));
#4921=CARTESIAN_POINT('Ctrl Pts',(-2.79667203847976,0.235453498334653,-3.3177011745276));
#4922=CARTESIAN_POINT('Ctrl Pts',(-2.79272173419909,0.33050022141431,-3.3177011745276));
#4923=CARTESIAN_POINT('Ctrl Pts',(-2.7837668965222,0.424968080245439,-3.3177011745276));
#4924=CARTESIAN_POINT('Ctrl Pts',(-2.77541465453246,0.513078936709931,-3.3177011745276));
#4925=CARTESIAN_POINT('Ctrl Pts',(-2.76270851365646,0.60068691737907,-3.3177011745276));
#4926=CARTESIAN_POINT('Ctrl Pts',(-2.74550757723344,0.687481804769145,-3.3177011745276));
#4927=CARTESIAN_POINT('Ctrl Pts',(-2.73351048164208,0.748018425290987,-3.3177011745276));
#4928=CARTESIAN_POINT('Ctrl Pts',(-2.71932591042469,0.808159467103888,-3.3177011745276));
#4929=CARTESIAN_POINT('Ctrl Pts',(-2.70302161872161,0.867834088070816,-3.3177011745276));
#4930=CARTESIAN_POINT('Ctrl Pts',(-2.69858408799768,0.884075699101961,-3.3177011745276));
#4931=CARTESIAN_POINT('Ctrl Pts',(-2.69398892664306,0.90028427854798,-3.3177011745276));
#4932=CARTESIAN_POINT('Ctrl Pts',(-2.68924367231657,0.916438064717101,-3.3177011745276));
#4933=CARTESIAN_POINT('Ctrl Pts',(-2.66295436518446,1.00593207636072,-3.3177011745276));
#4934=CARTESIAN_POINT('Ctrl Pts',(-2.63202530648251,1.0938858291062,-3.3177011745276));
#4935=CARTESIAN_POINT('Ctrl Pts',(-2.59677939504819,1.180075254836,-3.3177011745276));
#4936=CARTESIAN_POINT('Ctrl Pts',(-2.55955741513801,1.2710969064952,-3.3177011745276));
#4937=CARTESIAN_POINT('Ctrl Pts',(-2.51752094137527,1.36015162073299,-3.3177011745276));
#4938=CARTESIAN_POINT('Ctrl Pts',(-2.47099078719106,1.44696742850773,-3.3177011745276));
#4939=CARTESIAN_POINT('Ctrl Pts',(-2.43027690227988,1.52293126031062,-3.3177011745276));
#4940=CARTESIAN_POINT('Ctrl Pts',(-2.38612138859856,1.59718112851605,-3.3177011745276));
#4941=CARTESIAN_POINT('Ctrl Pts',(-2.33870600567241,1.6695228378491,-3.3177011745276));
#4942=CARTESIAN_POINT('Ctrl Pts',(-2.29477054044871,1.73655523236914,-3.3177011745276));
#4943=CARTESIAN_POINT('Ctrl Pts',(-2.24803565205576,1.80194941387738,-3.3177011745276));
#4944=CARTESIAN_POINT('Ctrl Pts',(-2.1986256878269,1.86553761452359,-3.3177011745276));
#4945=CARTESIAN_POINT('Ctrl Pts',(-2.18821810153473,1.87893166764057,-3.3177011745276));
#4946=CARTESIAN_POINT('Ctrl Pts',(-2.1776966287404,1.8922392180244,-3.3177011745276));
#4947=CARTESIAN_POINT('Ctrl Pts',(-2.16706693257541,1.90545371308067,-3.3177011745276));
#4948=CARTESIAN_POINT('Ctrl Pts',(-2.10476839258157,1.98290124647987,-3.3177011745276));
#4949=CARTESIAN_POINT('Ctrl Pts',(-2.03871238633445,2.05721093498891,-3.3177011745276));
#4950=CARTESIAN_POINT('Ctrl Pts',(-1.96919293248193,2.12810531398848,-3.3177011745276));
#4951=CARTESIAN_POINT('Ctrl Pts',(-1.89726213979052,2.20145872222473,-3.3177011745276));
#4952=CARTESIAN_POINT('Ctrl Pts',(-1.82162308606164,2.27115681039126,-3.3177011745276));
#4953=CARTESIAN_POINT('Ctrl Pts',(-1.74255354968201,2.33685934052755,-3.3177011745276));
#4954=CARTESIAN_POINT('Ctrl Pts',(-1.71593312435894,2.35897948157192,-3.3177011745276));
#4955=CARTESIAN_POINT('Ctrl Pts',(-1.68892349928233,2.38064639821209,-3.3177011745276));
#4956=CARTESIAN_POINT('Ctrl Pts',(-1.66153423770868,2.40184598320868,-3.3177011745276));
#4957=CARTESIAN_POINT('Ctrl Pts',(-1.64433904208646,2.41515525078955,-3.3177011745276));
#4958=CARTESIAN_POINT('Ctrl Pts',(-1.62699205184075,2.42828175568365,-3.3177011745276));
#4959=CARTESIAN_POINT('Ctrl Pts',(-1.60951510562976,2.44120785004413,-3.3177011745276));
#4960=CARTESIAN_POINT('Ctrl Pts',(-1.52875834169155,2.50093622239883,-3.3177011745276));
#4961=CARTESIAN_POINT('Ctrl Pts',(-1.44514563436324,2.55645524943173,-3.3177011745276));
#4962=CARTESIAN_POINT('Ctrl Pts',(-1.35894785782372,2.60746723477929,-3.3177011745276));
#4963=CARTESIAN_POINT('Ctrl Pts',(-1.27444290607566,2.65747740364243,-3.3177011745276));
#4964=CARTESIAN_POINT('Ctrl Pts',(-1.18745276264452,2.70315640255283,-3.3177011745276));
#4965=CARTESIAN_POINT('Ctrl Pts',(-1.09820095773773,2.74418581563542,-3.3177011745276));
#4966=CARTESIAN_POINT('Ctrl Pts',(-1.04993308727927,2.766374749492,-3.3177011745276));
#4967=CARTESIAN_POINT('Ctrl Pts',(-1.00100325502398,2.78720310676714,-3.3177011745276));
#4968=CARTESIAN_POINT('Ctrl Pts',(-0.951443845484188,2.80661483978302,-3.3177011745276));
#4969=CARTESIAN_POINT('Origin',(0.,0.,-3.3177011745276));
#4970=CARTESIAN_POINT('Origin',(0.,0.,-3.3177011745276));
#4971=CARTESIAN_POINT('Origin',(0.,0.,1.68642888586809));
#4972=CARTESIAN_POINT('Origin',(-2.2,3.,-6.56991738439783));
#4973=CARTESIAN_POINT('',(-2.2,2.2,-6.56991738439783));
#4974=CARTESIAN_POINT('',(-2.2,3.,-6.56991738439783));
#4975=CARTESIAN_POINT('',(-2.2,1.5,-6.56991738439783));
#4976=CARTESIAN_POINT('',(-2.2,2.2,-10.3699173843978));
#4977=CARTESIAN_POINT('',(-2.2,2.2,-6.56991738439783));
#4978=CARTESIAN_POINT('',(-2.2,3.,-10.3699173843978));
#4979=CARTESIAN_POINT('',(-2.2,3.,-10.3699173843978));
#4980=CARTESIAN_POINT('',(-2.2,3.,-6.56991738439783));
#4981=CARTESIAN_POINT('Origin',(-3.,3.,-6.56991738439783));
#4982=CARTESIAN_POINT('',(-3.,3.,-6.56991738439783));
#4983=CARTESIAN_POINT('',(-1.5,3.,-6.56991738439783));
#4984=CARTESIAN_POINT('',(-3.,3.,-10.3699173843978));
#4985=CARTESIAN_POINT('',(-3.,3.,-10.3699173843978));
#4986=CARTESIAN_POINT('',(-3.,3.,-6.56991738439783));
#4987=CARTESIAN_POINT('Origin',(-3.,2.2,-6.56991738439783));
#4988=CARTESIAN_POINT('',(-3.,2.2,-6.56991738439783));
#4989=CARTESIAN_POINT('',(-3.,1.1,-6.56991738439783));
#4990=CARTESIAN_POINT('',(-3.,2.2,-10.3699173843978));
#4991=CARTESIAN_POINT('',(-3.,2.2,-10.3699173843978));
#4992=CARTESIAN_POINT('',(-3.,2.2,-6.56991738439783));
#4993=CARTESIAN_POINT('Origin',(-2.2,2.2,-6.56991738439783));
#4994=CARTESIAN_POINT('',(-1.1,2.2,-6.56991738439783));
#4995=CARTESIAN_POINT('',(-2.2,2.2,-10.3699173843978));
#4996=CARTESIAN_POINT('Origin',(-2.6,2.6,-10.3699173843978));
#4997=CARTESIAN_POINT('Origin',(-3.,-3.,-6.56991738439783));
#4998=CARTESIAN_POINT('',(-3.,-2.2,-6.56991738439783));
#4999=CARTESIAN_POINT('',(-3.,-3.,-6.56991738439783));
#5000=CARTESIAN_POINT('',(-3.,-1.5,-6.56991738439783));
#5001=CARTESIAN_POINT('',(-3.,-2.2,-10.3699173843978));
#5002=CARTESIAN_POINT('',(-3.,-2.2,-6.56991738439783));
#5003=CARTESIAN_POINT('',(-3.,-3.,-10.3699173843978));
#5004=CARTESIAN_POINT('',(-3.,-2.2,-10.3699173843978));
#5005=CARTESIAN_POINT('',(-3.,-3.,-6.56991738439783));
#5006=CARTESIAN_POINT('Origin',(-2.2,-3.,-6.56991738439783));
#5007=CARTESIAN_POINT('',(-2.2,-3.,-6.56991738439783));
#5008=CARTESIAN_POINT('',(-1.1,-3.,-6.56991738439783));
#5009=CARTESIAN_POINT('',(-2.2,-3.,-10.3699173843978));
#5010=CARTESIAN_POINT('',(-3.,-3.,-10.3699173843978));
#5011=CARTESIAN_POINT('',(-2.2,-3.,-6.56991738439783));
#5012=CARTESIAN_POINT('Origin',(-2.2,-2.2,-6.56991738439783));
#5013=CARTESIAN_POINT('',(-2.2,-2.2,-6.56991738439783));
#5014=CARTESIAN_POINT('',(-2.2,-1.1,-6.56991738439783));
#5015=CARTESIAN_POINT('',(-2.2,-2.2,-10.3699173843978));
#5016=CARTESIAN_POINT('',(-2.2,-3.,-10.3699173843978));
#5017=CARTESIAN_POINT('',(-2.2,-2.2,-6.56991738439783));
#5018=CARTESIAN_POINT('Origin',(-3.,-2.2,-6.56991738439783));
#5019=CARTESIAN_POINT('',(-1.5,-2.2,-6.56991738439783));
#5020=CARTESIAN_POINT('',(-2.2,-2.2,-10.3699173843978));
#5021=CARTESIAN_POINT('Origin',(-2.6,-2.6,-10.3699173843978));
#5022=CARTESIAN_POINT('Origin',(3.,2.2,-6.56991738439783));
#5023=CARTESIAN_POINT('',(2.2,2.2,-6.56991738439783));
#5024=CARTESIAN_POINT('',(3.,2.2,-6.56991738439783));
#5025=CARTESIAN_POINT('',(1.5,2.2,-6.56991738439783));
#5026=CARTESIAN_POINT('',(2.2,2.2,-10.3699173843978));
#5027=CARTESIAN_POINT('',(2.2,2.2,-6.56991738439783));
#5028=CARTESIAN_POINT('',(3.,2.2,-10.3699173843978));
#5029=CARTESIAN_POINT('',(2.2,2.2,-10.3699173843978));
#5030=CARTESIAN_POINT('',(3.,2.2,-6.56991738439783));
#5031=CARTESIAN_POINT('Origin',(3.,3.,-6.56991738439783));
#5032=CARTESIAN_POINT('',(3.,3.,-6.56991738439783));
#5033=CARTESIAN_POINT('',(3.,1.5,-6.56991738439783));
#5034=CARTESIAN_POINT('',(3.,3.,-10.3699173843978));
#5035=CARTESIAN_POINT('',(3.,2.2,-10.3699173843978));
#5036=CARTESIAN_POINT('',(3.,3.,-6.56991738439783));
#5037=CARTESIAN_POINT('Origin',(2.2,3.,-6.56991738439783));
#5038=CARTESIAN_POINT('',(2.2,3.,-6.56991738439783));
#5039=CARTESIAN_POINT('',(1.1,3.,-6.56991738439783));
#5040=CARTESIAN_POINT('',(2.2,3.,-10.3699173843978));
#5041=CARTESIAN_POINT('',(3.,3.,-10.3699173843978));
#5042=CARTESIAN_POINT('',(2.2,3.,-6.56991738439783));
#5043=CARTESIAN_POINT('Origin',(2.2,2.2,-6.56991738439783));
#5044=CARTESIAN_POINT('',(2.2,1.1,-6.56991738439783));
#5045=CARTESIAN_POINT('',(2.2,3.,-10.3699173843978));
#5046=CARTESIAN_POINT('Origin',(2.6,2.6,-10.3699173843978));
#5047=CARTESIAN_POINT('Origin',(2.2,-2.2,-6.56991738439783));
#5048=CARTESIAN_POINT('',(3.,-2.2,-6.56991738439783));
#5049=CARTESIAN_POINT('',(2.2,-2.2,-6.56991738439783));
#5050=CARTESIAN_POINT('',(1.1,-2.2,-6.56991738439783));
#5051=CARTESIAN_POINT('',(3.,-2.2,-10.3699173843978));
#5052=CARTESIAN_POINT('',(3.,-2.2,-6.56991738439783));
#5053=CARTESIAN_POINT('',(2.2,-2.2,-10.3699173843978));
#5054=CARTESIAN_POINT('',(2.2,-2.2,-10.3699173843978));
#5055=CARTESIAN_POINT('',(2.2,-2.2,-6.56991738439783));
#5056=CARTESIAN_POINT('Origin',(2.2,-3.,-6.56991738439783));
#5057=CARTESIAN_POINT('',(2.2,-3.,-6.56991738439783));
#5058=CARTESIAN_POINT('',(2.2,-1.5,-6.56991738439783));
#5059=CARTESIAN_POINT('',(2.2,-3.,-10.3699173843978));
#5060=CARTESIAN_POINT('',(2.2,-3.,-10.3699173843978));
#5061=CARTESIAN_POINT('',(2.2,-3.,-6.56991738439783));
#5062=CARTESIAN_POINT('Origin',(3.,-3.,-6.56991738439783));
#5063=CARTESIAN_POINT('',(3.,-3.,-6.56991738439783));
#5064=CARTESIAN_POINT('',(1.5,-3.,-6.56991738439783));
#5065=CARTESIAN_POINT('',(3.,-3.,-10.3699173843978));
#5066=CARTESIAN_POINT('',(3.,-3.,-10.3699173843978));
#5067=CARTESIAN_POINT('',(3.,-3.,-6.56991738439783));
#5068=CARTESIAN_POINT('Origin',(3.,-2.2,-6.56991738439783));
#5069=CARTESIAN_POINT('',(3.,-1.1,-6.56991738439783));
#5070=CARTESIAN_POINT('',(3.,-2.2,-10.3699173843978));
#5071=CARTESIAN_POINT('Origin',(2.6,-2.6,-10.3699173843978));
#5072=CARTESIAN_POINT('Origin',(0.,0.,-6.56991738439783));
#5073=CARTESIAN_POINT('',(-2.,2.44929359829471E-16,-6.56991738439783));
#5074=CARTESIAN_POINT('Origin',(0.,0.,-6.56991738439783));
#5075=CARTESIAN_POINT('',(-2.,2.44929359829471E-16,-4.86991738439783));
#5076=CARTESIAN_POINT('',(-2.,-2.44929359829471E-16,-6.56991738439783));
#5077=CARTESIAN_POINT('Origin',(0.,0.,-4.86991738439783));
#5078=CARTESIAN_POINT('Origin',(3.25,0.,-6.56991738439783));
#5079=CARTESIAN_POINT('',(3.25,-3.25,-4.86991738439783));
#5080=CARTESIAN_POINT('',(3.25,3.25,-4.86991738439783));
#5081=CARTESIAN_POINT('',(3.25,0.,-4.86991738439783));
#5082=CARTESIAN_POINT('',(3.25,-3.25,-6.56991738439783));
#5083=CARTESIAN_POINT('',(3.25,-3.25,-6.56991738439783));
#5084=CARTESIAN_POINT('',(3.25,3.25,-6.56991738439783));
#5085=CARTESIAN_POINT('',(3.25,0.,-6.56991738439783));
#5086=CARTESIAN_POINT('',(3.25,3.25,-6.56991738439783));
#5087=CARTESIAN_POINT('Origin',(-1.625,-3.25,-5.71991738439783));
#5088=CARTESIAN_POINT('',(-3.25,-3.25,-4.86991738439783));
#5089=CARTESIAN_POINT('',(0.,-3.25,-4.86991738439783));
#5090=CARTESIAN_POINT('',(-3.25,-3.25,-6.56991738439783));
#5091=CARTESIAN_POINT('',(-3.25,-3.25,-6.56991738439783));
#5092=CARTESIAN_POINT('',(0.,-3.25,-6.56991738439783));
#5093=CARTESIAN_POINT('Origin',(-3.25,0.,-4.86991738439783));
#5094=CARTESIAN_POINT('',(-3.25,3.25,-4.86991738439783));
#5095=CARTESIAN_POINT('',(0.,3.25,-4.86991738439783));
#5096=CARTESIAN_POINT('',(-3.25,0.,-4.86991738439783));
#5097=CARTESIAN_POINT('Origin',(-3.25,0.,-6.56991738439783));
#5098=CARTESIAN_POINT('',(-3.25,3.25,-6.56991738439783));
#5099=CARTESIAN_POINT('',(-3.25,3.25,-6.56991738439783));
#5100=CARTESIAN_POINT('',(-3.25,0.,-6.56991738439783));
#5101=CARTESIAN_POINT('Origin',(0.,0.,-6.56991738439783));
#5102=CARTESIAN_POINT('',(0.,3.25,-6.56991738439783));
#5103=CARTESIAN_POINT('Origin',(-1.625,3.25,-5.71991738439783));
#5104=CARTESIAN_POINT('Origin',(0.45,0.,-10.3699173843978));
#5105=CARTESIAN_POINT('',(-0.45,-5.51091059616309E-17,-10.3699173843978));
#5106=CARTESIAN_POINT('Origin',(0.,0.,-10.3699173843978));
#5107=CARTESIAN_POINT('Origin',(0.,0.,-8.46991738439783));
#5108=CARTESIAN_POINT('',(-0.45,-5.51091059616309E-17,-6.56991738439783));
#5109=CARTESIAN_POINT('Origin',(0.,0.,-6.56991738439783));
#5110=CARTESIAN_POINT('',(-0.45,-5.51091059616309E-17,-8.46991738439783));
#5111=CARTESIAN_POINT('Origin',(0.,0.,-6.56991738439783));
#5112=CARTESIAN_POINT('Origin',(0.,0.,-0.874917384397826));
#5113=CARTESIAN_POINT('',(0.45,-5.51091059616309E-17,-0.874917384397826));
#5114=CARTESIAN_POINT('Origin',(0.,0.,-0.874917384397826));
#5115=CARTESIAN_POINT('Origin',(0.,0.,-6.56491738439783));
#5116=CARTESIAN_POINT('',(-2.,2.44929359829471E-16,-6.56491738439783));
#5117=CARTESIAN_POINT('Origin',(0.,0.,-6.56491738439783));
#5118=CARTESIAN_POINT('Origin',(0.,0.,6.05008261560218));
#5119=CARTESIAN_POINT('',(0.6,7.34788079488412E-17,6.12508261560217));
#5120=CARTESIAN_POINT('Origin',(0.,0.,6.12508261560217));
#5121=CARTESIAN_POINT('',(0.45,-5.51091059616309E-17,5.97508261560217));
#5122=CARTESIAN_POINT('',(0.525,6.4293956955236E-17,6.05008261560218));
#5123=CARTESIAN_POINT('Origin',(0.,0.,5.97508261560217));
#5124=CARTESIAN_POINT('Origin',(0.,0.,6.12508261560217));
#5125=CARTESIAN_POINT('',(0.45,-5.51091059616309E-17,6.12508261560217));
#5126=CARTESIAN_POINT('Origin',(0.,0.,6.12508261560217));
#5127=CARTESIAN_POINT('',(-2.,2.44929359829471E-16,6.12508261560217));
#5128=CARTESIAN_POINT('Origin',(0.,0.,6.12508261560217));
#5129=CARTESIAN_POINT('Origin',(0.,0.,-8.56991738439783));
#5130=CARTESIAN_POINT('',(-2.,-2.44929359829471E-16,-8.56991738439783));
#5131=UNCERTAINTY_MEASURE_WITH_UNIT(LENGTH_MEASURE(0.01),#5135,
'DISTANCE_ACCURACY_VALUE',
'Maximum model space distance between geometric entities at asserted c
onnectivities');
#5132=UNCERTAINTY_MEASURE_WITH_UNIT(LENGTH_MEASURE(0.01),#5135,
'DISTANCE_ACCURACY_VALUE',
'Maximum model space distance between geometric entities at asserted c
onnectivities');
#5133=(
GEOMETRIC_REPRESENTATION_CONTEXT(3)
GLOBAL_UNCERTAINTY_ASSIGNED_CONTEXT((#5131))
GLOBAL_UNIT_ASSIGNED_CONTEXT((#5135,#5137,#5138))
REPRESENTATION_CONTEXT('','3D')
);
#5134=(
GEOMETRIC_REPRESENTATION_CONTEXT(3)
GLOBAL_UNCERTAINTY_ASSIGNED_CONTEXT((#5132))
GLOBAL_UNIT_ASSIGNED_CONTEXT((#5135,#5137,#5138))
REPRESENTATION_CONTEXT('','3D')
);
#5135=(
LENGTH_UNIT()
NAMED_UNIT(*)
SI_UNIT(.MILLI.,.METRE.)
);
#5136=(
LENGTH_UNIT()
NAMED_UNIT(*)
SI_UNIT($,.METRE.)
);
#5137=(
NAMED_UNIT(*)
PLANE_ANGLE_UNIT()
SI_UNIT($,.RADIAN.)
);
#5138=(
NAMED_UNIT(*)
SI_UNIT($,.STERADIAN.)
SOLID_ANGLE_UNIT()
);
#5139=SHAPE_DEFINITION_REPRESENTATION(#5140,#5141);
#5140=PRODUCT_DEFINITION_SHAPE('',$,#5143);
#5141=SHAPE_REPRESENTATION('',(#1569),#5133);
#5142=PRODUCT_DEFINITION_CONTEXT('part definition',#5147,'design');
#5143=PRODUCT_DEFINITION('SMACONNECTOR18MM','SMACONNECTOR18MM v3',#5144,
#5142);
#5144=PRODUCT_DEFINITION_FORMATION('',$,#5149);
#5145=PRODUCT_RELATED_PRODUCT_CATEGORY('SMACONNECTOR18MM v3',
'SMACONNECTOR18MM v3',(#5149));
#5146=APPLICATION_PROTOCOL_DEFINITION('international standard',
'automotive_design',2009,#5147);
#5147=APPLICATION_CONTEXT(
'Core Data for Automotive Mechanical Design Process');
#5148=PRODUCT_CONTEXT('part definition',#5147,'mechanical');
#5149=PRODUCT('SMACONNECTOR18MM','SMACONNECTOR18MM v3',$,(#5148));
#5150=PRESENTATION_STYLE_ASSIGNMENT((#5152));
#5151=PRESENTATION_STYLE_ASSIGNMENT((#5153));
#5152=SURFACE_STYLE_USAGE(.BOTH.,#5154);
#5153=SURFACE_STYLE_USAGE(.BOTH.,#5155);
#5154=SURFACE_SIDE_STYLE('',(#5156));
#5155=SURFACE_SIDE_STYLE('',(#5157));
#5156=SURFACE_STYLE_FILL_AREA(#5158);
#5157=SURFACE_STYLE_FILL_AREA(#5159);
#5158=FILL_AREA_STYLE('Gold - Polished',(#5160));
#5159=FILL_AREA_STYLE('Opaque(255,255,255)',(#5161));
#5160=FILL_AREA_STYLE_COLOUR('Gold - Polished',#5162);
#5161=FILL_AREA_STYLE_COLOUR('Opaque(255,255,255)',#5163);
#5162=COLOUR_RGB('Gold - Polished',0.956862745098039,0.898039215686275,
0.654901960784314);
#5163=COLOUR_RGB('Opaque(255,255,255)',1.,1.,1.);
ENDSEC;
END-ISO-10303-21;
